...1,year,state,state_po,special,geography,dem,rep,totalvotes,dem_cand,rep_cand,dem_inc,rep_inc,dem_funds,rep_funds,2party_votes,dem_pct_2p,rep_pct_2p,dem_tot_funds,rep_tot_funds,tot_funds,dem_funds_2p_pct,rep_funds_2p_pct,dem_poll_avg,dem_effn,rep_poll_avg,rep_effn,prev_lean,prev2_lean,dem_2p_prev,dem_2p_prev2,cvap_white_pct,cvap_aapi_pct,cvap_hisp_pct,cvap_black_pct,cvap_natam_pct,college,urban,rural,urban_pct,rural_pct,demo_cluster,no_dem_cand_flag,no_rep_cand_flag,dem_inc_any,rep_inc_any,dem_inc_dummy,rep_inc_dummy,pvi,census_region,dem_scandal_score,rep_scandal_score,net_scandal_score,dem_stand,rep_stand,inc_dummy,chamber,generic_ballot_avg,polarization,dem_funds_2p_pct_sqrd,effn,sqrt_effn,poll_margin,dem_pct_2p_offset,baseline,funds_pct_margin,y_pred,y_act,y_pred_sd,fund_chances,abs_err,err,z,in_95_ci,in_68_ci,index
169,2024,Arizona,AZ,FALSE,Arizona,1676335,1595761,3347964,Ruben Gallego,Kari Lake,False,False,59385707.27,23239868.42,3272096,51.23122915709074,48.768770842909255,59385707.27,23239868.42,82625575.69,71.8732750411412,28.126724958858805,49.457732121770206,24.28094091344547,45.18576531847148,24.28094091344547,-2.1130032450771594,-3.003312331752334,47.20584103913332,50.15683167912931,61.913244434560674,2.9262930053259626,24.34606886261511,4.451431112967655,3.3286702673950264,33.33559325364658,6385230,766272,89.28515995660771,10.714840043392284,0,FALSE,FALSE,FALSE,FALSE,0,0,-2.335580516745953,Mountain,0,0,0,Ruben Gallego,Kari Lake,0,Senate,-0.8352436655714882,0.9828210320037504,5165.76766513953,24.28094091344547,4.927569473223637,-4.271966803298724,1.2312291570907377,-3.8359173679204175,43.7465500822824,54.372840511111065,51.23122915709074,3.6690813318934814,88.425,3.141611354020327,3.141611354020327,0.8562392244379751,TRUE,TRUE,1
170,2024,California,CA,FALSE,California,9036252,6312594,15348846,Adam Schiff,Steve Garvey,False,False,45110628.66,20239043.43,15348846,58.872517191194696,41.1274828088053,45110628.66,20239043.43,65349672.09,69.0296174675113,30.97038253248869,57.80244213134141,5.60654449926256,34.79319895095883,5.60654449926256,12.639076436461089,15.014931612017016,60.40014257179834,64.90891136066756,42.658592059086544,15.153477507010638,32.366808025489206,6.278721821748288,0.31790715624782,37.082883331437294,37259490,2278733,94.23663273890683,5.763367261093146,6,FALSE,FALSE,FALSE,FALSE,0,0,13.23304023035007,Pacific,0,0,0,Adam Schiff,Steve Garvey,0,Senate,-0.8352436655714882,0.9828210320037504,4765.088087710941,5.60654449926256,2.3678142873254564,-23.009243180382576,8.872517191194696,27.30132412627163,38.05923493502261,63.613441871755384,58.872517191194696,3.6105718750647244,99.9875,4.740924680560688,4.740924680560688,1.3130675263113827,TRUE,FALSE,2
171,2024,Connecticut,CT,FALSE,Connecticut,953646,678256,1708259,Chris Murphy,Matthew Corey,True,False,12056273.92,238005.52,1631902,58.43770030308193,41.56229969691808,12056273.92,238005.52,12294279.44,98.06409540988928,1.935904590110732,51,0.2503516823133727,35,0.2503516823133727,7.925214163871374,6.028258586550756,57.37823248625917,60.195049088077845,70.70244754837782,3.528852099923443,13.726425915544992,9.853234205377497,0.0951430130147682,42.47513489476173,3110153,495791,86.25072935131548,13.749270648684506,0,FALSE,FALSE,TRUE,FALSE,1,0,7.450975269541219,New England,0,0,0,Chris Murphy,Matthew Corey,1,Senate,-0.8352436655714882,0.9828210320037504,9616.566808559866,0.2503516823133727,0.5003515587198392,-16,8.437700303081932,15.737194204653926,96.12819081977855,58.55747563670229,58.43770030308193,3.3875762780070082,99.425,0.11977533362036041,0.11977533362036041,0.0353572359087445,TRUE,TRUE,3
172,2024,Delaware,DE,FALSE,Delaware,283298,197753,500606,Lisa Blunt Rochester,Eric Hansen,False,False,6039846.28,131912.56,481051,58.891468887914165,41.10853111208583,6039846.28,131912.56,6171758.84,97.86264234524108,2.1373576547589144,52.1,0.1461178763730557,31.6,0.1461178763730557,7.356909240777995,4.88533251296834,57.47923564149817,59.626744164984466,66.18528125384432,3.0071429132302248,6.8483236794509725,21.10784516446499,0.148276304321083,35.76462843201797,817817,172131,82.61211700008485,17.387882999915146,2,FALSE,FALSE,FALSE,FALSE,0,0,6.739015058825581,South Atlantic,0,0,0,Lisa Blunt Rochester,Eric Hansen,0,Senate,-0.8352436655714882,0.9828210320037504,9577.096766792574,0.1461178763730557,0.38225368065337934,-20.5,8.891468887914165,14.31327378322265,95.72528469048218,58.47292430015118,58.891468887914165,3.650690018989319,98.97500000000001,0.4185445877629874,-0.4185445877629874,-0.1146480762776074,TRUE,TRUE,4
173,2024,Florida,FL,FALSE,Florida,4603077,5977706,10757428,Debbie Mucarsel-Powell,Rick Scott,False,True,34482940.4,5556639.68,10580783,43.50412441120851,56.49587558879149,34482940.4,5556639.68,40039580.08,86.12213297717481,13.87786702282518,44.87874747854771,12.999979275986872,49.507597154683815,12.999979275986872,-3.9645895863480263,-1.7321244034883565,43.3889305665077,48.305245337858445,59.123536680874665,2.558972426577137,21.89372462367998,14.26608157177248,0.1124025839123292,34.14672426117178,19714806,1823381,91.53419459121604,8.465805408783943,0,FALSE,FALSE,FALSE,TRUE,0,1,-3.4064732906331088,South Atlantic,0,0,0,Debbie Mucarsel-Powell,Rick Scott,-1,Senate,-0.8352436655714882,0.9828210320037504,7417.021788538182,12.999979275986872,3.605548401559307,4.628849676136106,-6.495875588791492,-5.97770291569473,72.24426595434964,47.29746803288014,43.50412441120851,3.618507070441385,22.6,3.7933436216716316,3.7933436216716316,1.0483173164586135,TRUE,FALSE,5
174,2024,Hawaii,HI,FALSE,Hawaii,324194,160075,501763,Mazie Hirono,Bob McDermott,True,False,2064894.06,18912.6,484269,66.94502435629785,33.05497564370216,2064894.06,18912.6,2083806.66,99.0924014034968,0.90759859650319,0,0,0,0,12.762829722308418,16.32804851982258,61.7803258306115,65.03266464651489,24.67912884251212,46.13432636259413,8.214396458777243,1.9809378588612596,0.12498210138722546,36.13862203054367,1252450,202821,86.06300819572436,13.93699180427563,6,FALSE,FALSE,TRUE,FALSE,1,0,13.654134421686958,Pacific,0,0,0,Mazie Hirono,Bob McDermott,1,Senate,-0.8352436655714882,0.9828210320037504,9819.304015911734,0,0,0,16.94502435629785,28.143512508945406,98.18480280699362,67.35104956235239,66.94502435629785,3.6457544151148467,100,0.4060252060545366,0.4060252060545366,0.11136932437665202,TRUE,TRUE,6
175,2024,Indiana,IN,FALSE,Indiana,1097061,1659416,2829897,Valerie McCray,Jim Banks,False,False,120540.01,4534595.55,2756477,39.79938885758887,60.200611142411134,120540.01,4534595.55,4655135.56,2.58939849218913,97.41060150781088,33.73719448536067,0.405769683402469,47.21721574404015,0.405769683402469,-10.464882931649434,-11.23059845522095,40.34754416685449,41.80495199255704,82.07508147093931,1.6355409083997308,5.290090211859226,8.624798372469531,0.07447919720688102,29.47427809027146,4829686,1955842,71.17627397602662,28.82372602397337,2,FALSE,FALSE,FALSE,FALSE,0,0,-10.656311812542311,East North Central,0,0,0,Valerie McCray,Jim Banks,0,Senate,-0.8352436655714882,0.9828210320037504,6.70498455135134,0.405769683402469,0.6370005364224343,13.480021258679486,-10.200611142411127,-20.477379959513133,-94.82120301562175,38.58223192870255,39.79938885758887,3.738861263247488,0.08750000000000001,1.2171569288863253,-1.2171569288863253,-0.32554214858165964,TRUE,TRUE,7
176,2024,Maine,ME,FALSE,Maine,516445,284434,842447,Angus King (Ind),Demitroula Kouzounas,"[True, False]",False,"[3734651.41, 26517.81]",364262.81,800879,64.48477235637343,35.51522764362657,3761169.22,364262.81,4125432.03,91.17031119768563,8.82968880231436,14.903292523498871,2.3341355315240424,31.801970581684103,2.3341355315240424,2.4005696577975044,0.4835021984496563,53.54430581997446,54.670404582003975,94.24977046290654,0.8978647440897004,1.6894648083511112,0.9300852002200684,0.34230868991984376,36.18962241169306,526309,836050,38.6321813853764,61.3678186146236,3,FALSE,FALSE,TRUE,FALSE,1,0,1.9213027929605424,New England,0,0,0,Angus King (Ind),Demitroula Kouzounas,1,Senate,-0.8352436655714882,0.9828210320037504,8312.025643882842,2.3341355315240424,1.5277877900821313,16.898678058185233,14.484772356373426,4.677849251492573,82.34062239537127,53.996203893036885,64.48477235637343,3.8700222521736394,85.225,10.488568463336541,-10.488568463336541,-2.7102088256586963,FALSE,FALSE,8
177,2024,Maryland,MD,FALSE,Maryland,1650912,1294344,3021378,Angela Alsobrooks,Larry Hogan,False,False,23764486.41,6056832.99,2945256,56.05325988640716,43.94674011359284,23764486.41,6056832.99,29821319.4,79.6895874768036,20.31041252319641,51.49354235387519,6.003408832596603,40.203433834752445,6.003408832596603,14.759212122885865,12.902960754056515,64.75475702718091,67.02904704709233,53.98673197997507,5.521317848318344,7.096428417037982,30.40346124623243,0.133015171243736,43.44641837941011,5288760,888464,85.61709920184212,14.382900798157875,0,FALSE,FALSE,FALSE,FALSE,0,0,14.295149280678526,South Atlantic,0,0,0,Angela Alsobrooks,Larry Hogan,0,Senate,-0.8352436655714882,0.9828210320037504,6350.430352223132,6.003408832596603,2.4501854690199685,-11.290108519122747,6.053259886407162,29.425542226928542,59.3791749536072,58.82893849669604,56.05325988640716,4.020906860342645,98.3375,2.775678610288878,2.775678610288878,0.690311590567991,TRUE,TRUE,9
178,2024,Massachusetts,MA,FALSE,Massachusetts,2041668,1365440,3512930,Elizabeth Warren,John Deaton,True,False,8695846.64,1147559.95,3407108,59.92378286805115,40.07621713194885,8695846.64,1147559.95,9843406.59,88.34184141935359,11.658158580646418,57.16027307133216,4.358472364099868,35.18323448761461,4.358472364099868,14.84571461594168,13.537989758916616,62.95531942041925,67.11554954014815,76.55451178720264,5.408368009944034,9.635047908424262,6.371987247180157,0.08872505165605872,47.27900977322007,6416895,613022,91.27981169621206,8.720188303787939,0,FALSE,FALSE,TRUE,FALSE,1,0,14.518783401685416,New England,0,0,0,Elizabeth Warren,John Deaton,1,Senate,-0.8352436655714882,0.9828210320037504,7804.280945362217,4.358472364099868,2.0876954672796195,-21.97703858371755,9.923782868051148,29.872810468942323,76.68368283870717,62.335466465451766,59.92378286805115,3.716276814265571,99.95,2.411683597400618,2.411683597400618,0.6489515496108776,TRUE,TRUE,10
179,2024,Michigan,MI,FALSE,Michigan,2712686,2693680,5577187,Elissa Slotkin,Mike J. Rogers,False,False,46587666.88,9726562.99,5406366,50.175774263155695,49.82422573684431,46587666.88,9726562.99,56314229.870000005,82.72805468093317,17.27194531906683,48.70384899223626,32.2209923094165,45.11179444384251,32.2209923094165,-0.856275579797007,-1.230957147674424,49.278763171083035,51.413559344409464,77.70910243051587,2.333007783791553,4.1488948191893495,12.968600256737734,0.319413096237453,32.44588326729216,7404258,2673073,73.4743951548282,26.5256048451718,2,FALSE,FALSE,FALSE,FALSE,0,0,-0.9499459717663612,East North Central,0,0,0,Elissa Slotkin,Mike Rogers,0,Senate,-0.8352436655714882,0.9828210320037504,6843.931031291469,32.2209923094165,5.67635378649151,-3.5920545483937474,0.1757742631556951,-1.064648277961234,65.45610936186634,53.63373820341188,50.175774263155695,3.6565067698158593,83.75,3.4579639402561853,3.4579639402561853,0.9457015008973516,TRUE,TRUE,11
180,2024,Minnesota,MN,FALSE,Minnesota,1792441,1291712,3189323,Amy Klobuchar,Royce White,True,False,10146530.53,1571923.12,3084153,58.11777171884793,41.88222828115207,10146530.53,1571923.12,11718453.65,86.58591682017705,13.414083179822963,52.59419991502792,4.88220351666542,39.27468838129752,4.88220351666542,1.3696787243601989,-0.2815952235323991,52.171702176094485,53.63951364856667,83.53455526327438,4.075415135016006,3.890769408992402,5.385523888099321,0.6950232773227171,39.40369198398265,4101754,1604740,71.87870520848703,28.12129479151297,2,FALSE,FALSE,TRUE,FALSE,1,0,0.9568602373870494,West North Central,0,0,0,Amy Klobuchar,Royce White,1,Senate,-0.8352436655714882,0.9828210320037504,7497.120991590618,4.88220351666542,2.2095708897126203,-13.319511533730399,8.117771718847933,2.748964140345587,73.1718336403541,55.47233845195657,58.11777171884793,3.718436898729087,93.0375,2.6454332668913665,-2.6454332668913665,-0.7114369125896801,TRUE,TRUE,12
181,2024,Mississippi,MS,FALSE,Mississippi,451981,763420,1215401,Ty Pickens,Roger Wicker,False,True,1044355.67,3901123.07,1215401,37.18780879726115,62.81219120273885,1044355.67,3901123.07,4945478.74,21.11738266212828,78.88261733787172,35,0.2183634309059402,48,0.2183634309059402,-10.65482075159533,-10.203136254772936,38.42748589440816,41.61501417261114,58.700711824661134,0.8009884078127426,2.177017717975204,35.985155879023566,0.3751088666392109,25.13454067554782,1370790,1590489,46.29047111062483,53.70952888937517,5,FALSE,FALSE,FALSE,TRUE,0,1,-10.541899627389732,East South Central,0,0,0,Ty Pickens,Roger Wicker,-1,Senate,-0.8352436655714882,0.9828210320037504,445.94385049875603,0.2183634309059402,0.4672937308652238,13,-12.812191202738852,-20.248555589207974,-57.765234675743436,38.790399598003376,37.18780879726115,3.868660258204244,0.1875,1.6025908007422274,1.6025908007422274,0.41424955767145044,TRUE,TRUE,13
182,2024,Missouri,MO,FALSE,Missouri,1243728,1651907,2972559,Lucas Kunce,Josh Hawley,False,True,0,6979078.18,2895635,42.951822311859054,57.04817768814095,0,6979078.18,6979078.18,0,100,42.80942252011092,3.1373554386738496,51.9047566237522,3.1373554386738496,-10.105655568607922,-10.931849926278945,40.66263968691841,42.16417935559855,81.6935973664409,1.5269811339276451,3.5093421266595786,10.552951806431867,0.18265130566127288,32.39843841140294,4275663,1879250,69.4674806938782,30.53251930612179,2,FALSE,FALSE,FALSE,TRUE,0,1,-10.312204158025676,West North Central,0,0,0,Lucas Kunce,Josh Hawley,-1,Senate,-0.8352436655714882,0.9828210320037504,0,3.1373554386738496,1.7712581513358943,9.095334103641278,-7.048177688140946,-19.78916465047986,-100,40.33858275634676,42.951822311859054,3.9078249634217657,0.7625,2.613239555512294,-2.613239555512294,-0.668719704688127,TRUE,TRUE,14
183,2024,Montana,MT,FALSE,Montana,276305,319682,607262,Jon Tester,Tim Sheehy,True,False,81104096.95,21776098.8,595987,46.36091055677389,53.639089443226105,81104096.95,21776098.8,102880195.75,78.83353677425328,21.16646322574673,42.66418874019725,4.063905249510598,49.66745346533398,4.063905249510598,-10.667015016254574,-12.222953247737316,39.71095147991815,41.6028199079519,87.93757123786588,0.6759634114285911,3.5050464818107416,0.40254774730515686,4.655182902682618,35.161353908537954,579177,505048,53.41852475270355,46.58147524729645,3,FALSE,FALSE,TRUE,FALSE,1,0,-11.05599957412526,Mountain,0,0,0,Jon Tester,Tim Sheehy,1,Senate,-0.8352436655714882,0.9828210320037504,6214.726520337544,4.063905249510598,2.015913006434206,7.003264725136731,-3.639089443226112,-21.27675548267903,57.667073548506544,44.02035430546409,46.36091055677389,3.7611470673998717,5.4125,2.340556251309799,-2.340556251309799,-0.6222985194056384,TRUE,TRUE,15
184,2024,Nebraska,NE,FALSE,Nebraska,436493,499124,938336,Dan Osborn (Ind),Deb Fischer,False,True,14362159.56,2675034.51,935617,46.652957353275966,53.34704264672403,14362159.56,2675034.51,17037194.07,84.2988552046235,15.701144795376509,45.26002319490006,4.841387109319935,48.18304215095463,4.841387109319935,-12.053887170808196,-14.660963043890447,39.579658348051105,40.215947753398275,83.91326273323247,1.7502912201114804,7.475816530268856,4.114779270361891,0.5497641594507027,34.57763320798825,1432003,529501,73.00535711372498,26.994642886275024,2,FALSE,FALSE,FALSE,TRUE,0,1,-12.70565613907876,West North Central,0,0,0,Dan Osborn (Ind),Deb Fischer,-1,Senate,-0.8352436655714882,0.9828210320037504,7106.296988810077,4.841387109319935,2.2003152295341537,2.9230189560545696,-3.3470426467240344,-24.57606861258603,68.59771040924699,45.69296761802757,46.652957353275966,3.943555748065236,13.612499999999999,0.9599897352483922,-0.9599897352483922,-0.24343252551187508,TRUE,TRUE,16
185,2024,Nebraska,NE,TRUE,Nebraska,349902,585103,935005,Dan Osborn (Ind),Deb Fischer,False,True,197363.08,1698880.62,935005,37.42247367661136,62.577526323388646,197363.08,1698880.62,1896243.7,10.408107354555744,89.59189264544425,45.26002319490006,4.841387109319935,48.18304215095463,4.841387109319935,-12.053887170808196,-14.660963043890447,39.579658348051105,40.215947753398275,83.91326273323247,1.7502912201114804,7.475816530268856,4.114779270361891,0.5497641594507027,34.57763320798825,1432003,529501,73.00535711372498,26.994642886275024,2,FALSE,FALSE,FALSE,TRUE,0,1,-12.70565613907876,West North Central,0,0,0,Dan Osborn (Ind),Deb Fischer,-1,Senate,-0.8352436655714882,0.9828210320037504,108.32869870395737,4.841387109319935,2.2003152295341537,2.9230189560545696,-12.57752632338864,-24.57606861258603,-79.1837852908885,44.2121640606885,37.42247367661136,3.9203228192312354,7.0375,6.78969038407714,6.78969038407714,1.7319212465795304,TRUE,FALSE,17
186,2024,Nevada,NV,FALSE,Nevada,701105,677046,1464728,Jacky Rosen,Sam Brown,True,False,33769624.63,20606960.46,1378151,50.87287242109174,49.127127578908265,33769624.63,20606960.46,54376585.09,62.10324641407156,37.89675358592844,49.43955903333258,16.555447915049427,43.87418709520947,16.555447915049427,-1.0467175841626712,0.180420489272322,48.42049104574149,51.2231173400438,54.93625445688114,9.390122364098856,21.269621970130352,9.671971749400052,0.6721750299524,27.889601564986645,2921203,183411,94.0923090599991,5.907690940000915,6,FALSE,FALSE,TRUE,FALSE,1,0,-0.7399330658039229,Mountain,0,0,0,Jacky Rosen,Sam Brown,1,Senate,-0.8352436655714882,0.9828210320037504,3856.8132151668924,16.555447915049427,4.06883864450895,-5.565371938123107,0.872872421091742,-0.6446224660363576,24.20649282814314,53.18890420393756,50.87287242109174,3.717350780096066,80.5875,2.316031782845819,2.316031782845819,0.6230328854749528,TRUE,TRUE,18
187,2024,New Jersey,NJ,FALSE,New Jersey,2161491,1773589,4031795,Andy Kim,Curtis Bashaw,False,False,11094385.53,2072777.5,3935080,54.92876891956453,45.07123108043547,11094385.53,2072777.5,13167163.03,84.2579795262093,15.742020473790705,55.080464084950776,3.5550593569662468,36.82986447316365,3.5550593569662468,5.8014486625883706,6.170901212188419,53.01387371661676,58.07128358679484,60.289182933711835,8.032127015923775,16.694807492967126,13.080393856549088,0.07135848304081951,43.62785331498243,8708779,580215,93.75373694934028,6.246263050659738,0,FALSE,FALSE,FALSE,FALSE,0,0,5.893811799988383,Mid-Atlantic,0,0,0,Andy Kim,Curtis Bashaw,0,Senate,-0.8352436655714882,0.9828210320037504,7099.4071138391055,3.5550593569662468,1.8854865040530644,-18.250599611787123,4.928768919564533,12.622867265548253,68.5159590524186,60.36199835834992,54.92876891956453,3.618047933974333,99.88749999999999,5.433229438785389,5.433229438785389,1.5017018950373953,TRUE,FALSE,19
188,2024,New Mexico,NM,FALSE,New Mexico,497333,405978,903311,Martin Heinrich,Nella Domenici,True,False,8100492.64,2299469.56,903311,55.05667483292023,44.94332516707978,8100492.64,2299469.56,10399962.2,77.88963540655946,22.110364593440544,50.32963744733348,2.3585764625294967,45.10958223523424,2.3585764625294967,3.248655227513275,3.5375060036112345,53.070906114323655,55.518490151719746,43.07585632346342,1.318728154520972,42.67321384539018,1.9060814208244836,8.797100768136778,30.978324089013697,1578552,538970,74.54713575585046,25.45286424414953,6,FALSE,FALSE,TRUE,FALSE,1,0,3.320867921537765,Mountain,0,0,0,Martin Heinrich,Nella Domenici,1,Senate,-0.8352436655714882,0.9828210320037504,6066.795303766761,2.3585764625294967,1.5357657577018367,-5.22005521209924,5.05667483292023,7.476979508647018,55.77927081311892,54.493406227546245,55.05667483292023,3.9746734674109083,87.5125,0.5632686053739846,-0.5632686053739846,-0.14171443515859336,TRUE,TRUE,20
189,2024,New York,NY,FALSE,New York,4711669,3246690,8381397,Kirsten Gillibrand,Mike Sapraicone,True,False,4446971.88,362788.15,7958359,59.20402686031128,40.795973139688726,4446971.88,362788.15,4809760.03,92.45725051276622,7.542749487233774,58.52114526825832,3.959208649321123,34.099103846948424,3.959208649321123,9.44699996880577,12.298217569062494,56.34474305856947,61.71683489301224,60.55285735869218,7.487163664106832,15.55707687806188,14.221754796827463,0.1986290089244802,40.2265604846166,17665166,2536083,87.44590990388762,12.554090096112375,0,FALSE,FALSE,TRUE,FALSE,1,0,10.15980436886995,Mid-Atlantic,0,0,0,Kirsten Gillibrand,Mike Sapraicone,1,Senate,-0.8352436655714882,0.9828210320037504,8548.34317238041,3.959208649321123,1.9897760299393303,-24.4220414213099,9.20402686031128,21.15485240331139,84.91450102553245,63.05932589637756,59.20402686031128,3.7205601572683955,99.97500000000001,3.8552990360662776,3.8552990360662776,1.0362146755064985,TRUE,FALSE,21
190,2024,North Dakota,ND,FALSE,North Dakota,121602,241569,364327,Katrina Christiansen,Kevin Cramer,False,True,3017631.6,2647741.19,363171,33.483400381638404,66.5165996183616,3017631.6,2647741.19,5665372.79,53.26448429530443,46.73551570469557,33.177267730680775,0.5995728870095619,52.347321679802285,0.5995728870095619,-19.487243347103103,-20.92253182723262,31.303506933606812,32.78259157710337,87.59351320874073,0.8692946628711306,3.388134824043896,2.1222685204285106,3.7240260186751377,32.69329281950896,474989,304105,60.96684097169276,39.03315902830724,3,FALSE,FALSE,FALSE,TRUE,0,1,-19.84606546713548,West North Central,0,0,0,Katrina Christiansen,Kevin Cramer,-1,Senate,-0.8352436655714882,0.9828210320037504,2837.105287244732,0.5995728870095619,0.7743209199095437,19.17005394912151,-16.516599618361596,-38.856887268699474,6.528968590608848,33.63517684617878,33.483400381638404,3.5279445474479663,0,0.15177646454037585,0.15177646454037585,0.0430212160364503,TRUE,TRUE,22
191,2024,Ohio,OH,FALSE,Ohio,2650949,2857383,5704620,Sherrod Brown,Bernie Moreno,True,False,79877201.03,14811193.79,5508332,48.12616596094789,51.87383403905211,79877201.03,14811193.79,94688394.82,84.35796296034412,15.642037039655882,46.72920619257225,8.506394399332045,48.87968129570522,8.506394399332045,-6.3465325719091865,-5.380973507848779,44.34338528636296,45.92330235229728,80.92535580623453,1.7088815144889986,3.2913256043935553,11.48690254995166,0.07660607294894525,31.48718436267798,9001099,2798349,76.28406854286743,23.715931457132573,2,FALSE,FALSE,TRUE,FALSE,1,0,-6.105142805894085,East North Central,0,0,0,Sherrod Brown,Bernie Moreno,1,Senate,-0.8352436655714882,0.9828210320037504,7116.265914818791,8.506394399332045,2.9165723716945626,2.150475103132969,-1.873834039052113,-11.375041946216681,68.71592592068825,47.58474522570518,48.12616596094789,3.737025439584414,25.45,0.5414207352427098,-0.5414207352427098,-0.14488013100144162,TRUE,TRUE,23
192,2024,Pennsylvania,PA,FALSE,Pennsylvania,3384180,3399295,6963137,Bob Casey,Dave McCormick,True,False,43598592.23,21181317.53,6783475,49.88858955034108,50.11141044965891,43598592.23,21181317.53,64779909.76,67.30264427895368,32.697355721046314,48.56636924237587,28.65576295070757,45.75134861969671,28.65576295070757,-1.6806296648574133,-1.4888247382030355,49.13680765393642,50.58920525934906,79.21077724800966,2.6950548399832517,6.241451721430693,9.94365376300932,0.05486959637117827,35.16293301074018,9941070,3061630,76.45389034585125,23.54610965414875,2,FALSE,FALSE,TRUE,FALSE,1,0,-1.632678433193819,Mid-Atlantic,0,0,0,Bob Casey,Dave McCormick,1,Senate,-0.8352436655714882,0.9828210320037504,4529.645926939376,28.65576295070757,5.353107784334962,-2.815020622679164,-0.11141044965891922,-2.4301132008161495,34.605288557907365,51.059464631796416,49.88858955034108,3.77546421157481,60.85,1.1708750814553355,1.1708750814553355,0.310127448133575,TRUE,TRUE,24
193,2024,Rhode Island,RI,FALSE,Rhode Island,294665,196039,491948,Sheldon Whitehouse,Patricia Morgan,True,False,2700712.67,227784.57,490704,60.04943917310639,39.95056082689361,2700712.67,227784.57,2928497.24,92.2217932498376,7.778206750162416,53.82370283785734,1.6604336493349705,39.63566522124492,1.6604336493349705,8.329524959752789,7.197415161946942,57.08120313394534,60.59935988395926,77.68661726901558,2.570331165885378,11.718977771057007,5.51664902464842,0.17674277937396038,37.744019208957376,999191,98188,91.05249872651108,8.947501273488923,2,FALSE,FALSE,TRUE,FALSE,1,0,8.046497510301327,New England,0,0,0,Sheldon Whitehouse,Patricia Morgan,1,Senate,-0.8352436655714882,0.9828210320037504,8504.859150215792,1.6604336493349705,1.2885781502629052,-14.18803761661242,10.049439173106393,16.928238686174144,84.44358649967518,58.940173320113566,60.04943917310639,3.770531085233295,99.02499999999999,1.1092658529928272,-1.1092658529928272,-0.29419353080978333,TRUE,TRUE,25
194,2024,Tennessee,TN,FALSE,Tennessee,1027461,1918743,3007608,Gloria Johnson,Marsha Blackburn,False,True,7460187.88,3874099.59,2946204,34.87406167393704,65.12593832606296,7460187.88,3874099.59,11334287.47,65.81964591727441,34.18035408272559,31.00043609372491,0.3944363839417252,53.99926968673428,0.3944363839417252,-14.097605296272825,-14.737631975974864,34.939450172503335,38.172229627933646,77.26149921360505,1.3843849655917848,3.521195509899933,15.464693359042895,0.10241995822448569,31.057464278601245,4577282,2333558,66.23336671084846,33.766633289151535,5,FALSE,FALSE,FALSE,TRUE,0,1,-14.257611966198334,East South Central,0,0,0,Gloria Johnson,Marsha Blackburn,-1,Senate,-0.8352436655714882,0.9828210320037504,4332.225788675379,0.3944363839417252,0.6280417055751355,22.99883359300937,-15.125938326062958,-27.67998026682518,31.63929183454882,36.41275961542517,34.87406167393704,3.7920103781720416,0.0375,1.538697941488131,1.538697941488131,0.4057736630535986,TRUE,TRUE,26
195,2024,Texas,TX,FALSE,Texas,5031249,5990741,11291854,Colin Allred,Ted Cruz,False,True,85341899.87,67435723.31,11021990,45.64737402229543,54.35262597770457,85341899.87,67435723.31,152777623.18,55.86020916783843,44.13979083216157,45.30359066533532,10.551567881252256,49.53559730404631,10.551567881252256,-5.100556160986002,-5.826514508684859,43.06096609919077,47.16927876322047,48.28671809868194,4.530330918717972,31.642337452908155,13.173479708965576,0.1806154304301135,33.82333355682376,24400697,4744808,83.72027521911183,16.27972478088817,6,FALSE,FALSE,FALSE,TRUE,0,1,-5.282045747910717,West South Central,0,0,0,Colin Allred,Ted Cruz,-1,Senate,-0.8352436655714882,0.9828210320037504,3120.36296827466,10.551567881252256,3.2483177001722376,4.232006638710992,-4.3526259777045695,-9.728847830249945,11.720418335676849,47.929393061514496,45.64737402229543,3.5140978690530584,27.224999999999998,2.2820190392190653,2.2820190392190653,0.6493897222714515,TRUE,TRUE,27
196,2024,Utah,UT,FALSE,Utah,464515,914700,1463509,Caroline Gleich,John Curtis,False,False,1207279.2,2319425.97,1379215,33.67966560688508,66.32033439311492,1207279.2,2319425.97,3526705.17,34.232495822722825,65.76750417727717,25.052465448062677,1.9283752534530527,57.09538732520771,1.9283752534530527,-12.963440046058103,-13.49618727612416,38.8946503833007,39.30639487814837,82.49320293441214,2.754742671606813,10.560217855225776,0.9636777034428282,0.7169758622344998,37.6808427494765,2937303,334313,89.78141077681488,10.218589223185118,2,FALSE,FALSE,FALSE,FALSE,0,0,-13.096626853574618,Mountain,0,0,0,Caroline Gleich,John Curtis,0,Senate,-0.8352436655714882,0.9828210320037504,1171.8637702527358,1.9283752534530527,1.388659516747375,32.042921877145034,-16.32033439311492,-25.358010041577746,-31.53500835455435,34.41458161276991,33.67966560688508,3.786074896504039,0,0.734916005884827,0.734916005884827,0.1941102661660045,TRUE,TRUE,28
197,2024,Vermont,VT,FALSE,Vermont,229429,116512,372885,Bernie Sanders (Ind),Gerald Malloy,True,False,7241250.56,643687.45,345941,66.32026848508849,33.6797315149115,7241250.56,643687.45,7884938.01,91.83649320789016,8.163506792109834,64.00399487833339,1.043518878051192,26.996005121666613,1.043518878051192,16.02935162860009,14.073137393107494,66.38521788584009,68.29918655280656,93.22092691219,1.2476116190779172,2.220403720220699,1.008821438222144,0.1215031899378494,43.788323170993166,225850,417227,35.120211110022595,64.8797888899774,3,FALSE,FALSE,TRUE,FALSE,1,0,15.54029806972694,New England,0,0,0,Bernie Sanders (Ind),Gerald Malloy,1,Senate,-0.8352436655714882,0.9828210320037504,8433.941484722855,1.043518878051192,1.0215277177106805,-37.007989756666774,16.32026848508849,31.91583980502537,83.67298641578033,68.94378173817006,66.32026848508849,3.723818173885002,100,2.623513253081569,2.623513253081569,0.704522382827435,TRUE,TRUE,29
198,2024,Virginia,VA,FALSE,Virginia,2417115,2019911,4445535,Tim Kaine,Hung Cao,True,False,10885217.62,9531954.86,4437026,54.476016142344,45.523983857656006,10885217.62,9531954.86,20417172.48,53.3140307780757,46.68596922192431,51.794532540977606,6.991203321788048,42.276618207209125,6.991203321788048,2.884852075193436,1.7130873464418173,52.94564841335111,55.15468699939991,65.00701264470928,5.746010255111016,7.024544099705291,19.143406938144174,0.13473433631032355,42.16088145869336,6528313,2103080,75.63452388276146,24.36547611723855,5,FALSE,FALSE,TRUE,FALSE,1,0,2.5919108930055312,South Atlantic,0,0,0,Tim Kaine,Hung Cao,1,Senate,-0.8352436655714882,0.9828210320037504,2842.385877805603,6.991203321788048,2.644088372537508,-9.51791433376848,4.476016142344001,6.01906545158255,6.628061556151383,54.24610265106724,54.476016142344,3.6350859481599227,87.775,0.2299134912767613,-0.2299134912767613,-0.06324843333983432,TRUE,TRUE,30
199,2024,Washington,WA,FALSE,Washington,2252577,1549187,3812391,Maria Cantwell,Raul Garcia,True,False,10134572.64,667251.97,3801764,59.250837242921975,40.749162757078025,10134572.64,667251.97,10801824.61,93.82278463045698,6.177215369543015,56.67808319686247,2.314401555127465,36.71824511687448,2.314401555127465,7.655668260584228,7.673642269351888,59.46477573970576,59.9255031847907,73.39395397247102,8.126112613751015,9.2455728741745,3.687496831978152,0.8447222412776187,39.61307645643792,6424035,1281246,83.37184588076671,16.62815411923329,2,FALSE,FALSE,TRUE,FALSE,1,0,7.660161762776143,Pacific,0,0,0,Maria Cantwell,Raul Garcia,1,Senate,-0.8352436655714882,0.9828210320037504,8802.714915813114,2.314401555127465,1.5213157315716763,-19.95983807998799,9.250837242921975,16.155567191123776,87.64556926091396,59.91017464879341,59.250837242921975,3.7732453570013997,99.6375,0.6593374058714332,0.6593374058714332,0.17474013574230143,TRUE,TRUE,31
200,2024,West Virginia,WV,FALSE,West Virginia,207548,514079,747717,Glenn Elliott,Jim Justice,False,False,838815.08,2727259.36,721627,28.76111897143538,71.23888102856462,838815.08,2727259.36,3566074.44,23.5220855344792,76.4779144655208,27.990818667370164,0.0550052909807393,61.98163733474033,0.0550052909807393,-22.0683672381285,-23.27434118200865,28.6561077199762,30.201467686077972,92.49006584922796,0.5794448228882834,1.594573115349682,3.2166070617620344,0.07840883287920072,24.13256659838493,800857,992859,44.647926427595,55.35207357240499,3,FALSE,FALSE,FALSE,FALSE,0,0,-22.369860724098537,South Atlantic,0,0,0,Glenn Elliott,Jim Justice,0,Senate,-0.8352436655714882,0.9828210320037504,553.2885078913556,0.0550052909807393,0.23453206812873012,33.990818667370164,-21.23888102856462,-43.904477782625584,-52.9558289310416,29.456876003156687,28.76111897143538,3.97330949478017,0,0.6957570317213069,0.6957570317213069,0.17510768608268226,TRUE,TRUE,32
201,2024,Wisconsin,WI,FALSE,Wisconsin,1672777,1643996,3390787,Tammy Baldwin,Eric Hovde,True,False,42080848.61,9292282.65,3316773,50.43387051209112,49.56612948790888,42080848.61,9292282.65,51373131.26,81.91217388916465,18.087826110835355,49.15025528101052,25.29468664225134,46.95824824650633,25.29468664225134,-1.950771657672476,-1.521277968742595,49.56330560882748,50.319063266533995,84.99098004422187,2.1281635050391663,4.915193325832057,5.393327563462109,0.5541606890638002,33.384024724065256,3953691,1940027,67.08313835171619,32.91686164828382,3,FALSE,FALSE,TRUE,FALSE,1,0,-1.8433982354400056,East North Central,0,0,0,Tammy Baldwin,Eric Hovde,1,Senate,-0.8352436655714882,0.9828210320037504,6709.604231248747,25.29468664225134,5.029382332081281,-2.1920070345041935,0.4338705120911186,-2.851552805308523,63.82434777832929,50.33687923857256,50.43387051209112,3.820127817445984,53.77499999999999,0.09699127351856163,-0.09699127351856163,-0.0253895362023271,TRUE,TRUE,33
202,2024,Wyoming,WY,FALSE,Wyoming,63727,198418,271123,Scott Morrow,John Barrasso,False,True,39107.29,3650337.75,262145,24.309828530012016,75.69017146998799,39107.29,3650337.75,3689445.04,1.0599775732124743,98.94002242678752,25.7,1.0186846900249829,73.2,1.0186846900249829,-24.750269299791565,-26.818608559866664,26.520826975892582,27.519565624414906,86.90346406475703,0.6359416023911405,7.776884431241085,0.7840251469479346,1.472659053537198,30.555060997780757,357750,219101,62.017748083993965,37.982251916006035,3,FALSE,FALSE,FALSE,TRUE,0,1,-25.267354114810335,Mountain,0,0,0,Scott Morrow,John Barrasso,-1,Senate,-0.8352436655714882,0.9828210320037504,1.1235524557134065,1.0186846900249829,1.0092991083048586,47.5,-25.690171469987984,-49.69946456404918,-97.88004485357506,23.99175105623325,24.309828530012016,3.9132733485965003,0,0.3180774737787644,-0.3180774737787644,-0.08128169065747559,TRUE,TRUE,34
