,year,state,state_po,special,district,dem,rep,dem_2p_pct
0,2012,ALABAMA,AL,False,1,0.0,196374.0,0.0
1,2012,ALABAMA,AL,False,2,103092.0,180591.0,36.34056323431436
2,2012,ALABAMA,AL,False,3,98141.0,175306.0,35.89031878206746
3,2012,ALABAMA,AL,False,4,69706.0,199071.0,25.93451076543008
4,2012,ALABAMA,AL,False,5,101772.0,189185.0,34.97836450059631
5,2012,ALABAMA,AL,False,6,88267.0,219262.0,28.702008591059702
6,2012,ALABAMA,AL,False,7,232520.0,73835.0,75.89887548758793
7,2012,ALASKA,AK,False,0,82927.0,185296.0,30.9171845814863
8,2012,ARIZONA,AZ,False,1,122774.0,113594.0,51.94188722669736
9,2012,ARIZONA,AZ,False,2,147338.0,144884.0,50.41988625086407
10,2012,ARIZONA,AZ,False,3,98468.0,62663.0,61.11052497657185
11,2012,ARIZONA,AZ,False,4,69154.0,162907.0,29.799923296029924
12,2012,ARIZONA,AZ,False,5,89589.0,183470.0,32.809392841840044
13,2012,ARIZONA,AZ,False,6,97666.0,179706.0,35.211196515870384
14,2012,ARIZONA,AZ,False,7,104489.0,0.0,100.0
15,2012,ARIZONA,AZ,False,8,95635.0,172809.0,35.6256798438408
16,2012,ARIZONA,AZ,False,9,121881.0,111630.0,52.19497154309647
17,2012,ARKANSAS,AR,False,1,96601.0,138800.0,41.03678404084945
18,2012,ARKANSAS,AR,False,2,113156.0,158175.0,41.7040441379717
19,2012,ARKANSAS,AR,False,3,0.0,186467.0,0.0
20,2012,ARKANSAS,AR,False,4,95013.0,154149.0,38.13302188937318
21,2012,CALIFORNIA,CA,False,1,125386.0,168827.0,42.617423431323566
22,2012,CALIFORNIA,CA,False,2,226216.0,91310.0,71.24329976127939
23,2012,CALIFORNIA,CA,False,3,126882.0,107086.0,54.230493058879844
24,2012,CALIFORNIA,CA,False,4,125885.0,197803.0,38.890845505548555
25,2012,CALIFORNIA,CA,False,5,202872.0,69545.0,74.47112331462426
26,2012,CALIFORNIA,CA,False,6,160667.0,53406.0,75.05243538419137
27,2012,CALIFORNIA,CA,False,7,141241.0,132050.0,51.68154092158176
28,2012,CALIFORNIA,CA,False,8,0.0,179644.0,0.0
29,2012,CALIFORNIA,CA,False,9,118373.0,94704.0,55.55409546783557
30,2012,CALIFORNIA,CA,False,10,98934.0,110265.0,47.29181305837982
31,2012,CALIFORNIA,CA,False,11,200743.0,87136.0,69.73172756609549
32,2012,CALIFORNIA,CA,False,12,253709.0,44478.0,85.0838567744402
33,2012,CALIFORNIA,CA,False,13,250436.0,0.0,100.0
34,2012,CALIFORNIA,CA,False,14,203828.0,54455.0,78.91653728661971
35,2012,CALIFORNIA,CA,False,15,231034.0,0.0,100.0
36,2012,CALIFORNIA,CA,False,16,84649.0,62801.0,57.40861308918277
37,2012,CALIFORNIA,CA,False,17,159392.0,57336.0,73.54471964859178
38,2012,CALIFORNIA,CA,False,18,212831.0,89103.0,70.48924599415767
39,2012,CALIFORNIA,CA,False,19,162300.0,59313.0,73.23577587957385
40,2012,CALIFORNIA,CA,False,20,172996.0,60566.0,74.06855567258373
41,2012,CALIFORNIA,CA,False,21,49119.0,67164.0,42.24091225716571
42,2012,CALIFORNIA,CA,False,22,81555.0,132386.0,38.12032289276016
43,2012,CALIFORNIA,CA,False,23,0.0,158161.0,0.0
44,2012,CALIFORNIA,CA,False,24,156749.0,127746.0,55.09727763229583
45,2012,CALIFORNIA,CA,False,25,106982.0,129593.0,45.22117721652753
46,2012,CALIFORNIA,CA,False,26,139072.0,124863.0,52.691761229090496
47,2012,CALIFORNIA,CA,False,27,154191.0,86817.0,63.977544313881694
48,2012,CALIFORNIA,CA,False,28,188703.0,58008.0,76.48746914405923
49,2012,CALIFORNIA,CA,False,29,111287.0,0.0,100.0
50,2012,CALIFORNIA,CA,False,30,247851.0,0.0,100.0
51,2012,CALIFORNIA,CA,False,31,0.0,161219.0,0.0
52,2012,CALIFORNIA,CA,False,32,124903.0,65208.0,65.70003839861975
53,2012,CALIFORNIA,CA,False,33,171860.0,0.0,100.0
54,2012,CALIFORNIA,CA,False,34,120367.0,20223.0,85.61561988761648
55,2012,CALIFORNIA,CA,False,35,142680.0,0.0,100.0
56,2012,CALIFORNIA,CA,False,36,110189.0,97953.0,52.93933948938705
57,2012,CALIFORNIA,CA,False,37,207039.0,32541.0,86.41748059103432
58,2012,CALIFORNIA,CA,False,38,145280.0,69807.0,67.54476095719406
59,2012,CALIFORNIA,CA,False,39,106360.0,145607.0,42.21187695214056
60,2012,CALIFORNIA,CA,False,40,125553.0,0.0,100.0
61,2012,CALIFORNIA,CA,False,41,103578.0,72074.0,58.96773165121946
62,2012,CALIFORNIA,CA,False,42,84702.0,130245.0,39.40599310527711
63,2012,CALIFORNIA,CA,False,43,200894.0,0.0,100.0
64,2012,CALIFORNIA,CA,False,44,165898.0,0.0,100.0
65,2012,CALIFORNIA,CA,False,45,121814.0,171417.0,41.541992490562045
66,2012,CALIFORNIA,CA,False,46,95694.0,54121.0,63.87477889396923
67,2012,CALIFORNIA,CA,False,47,130093.0,99919.0,56.55922299706102
68,2012,CALIFORNIA,CA,False,48,113358.0,177144.0,39.02141809694942
69,2012,CALIFORNIA,CA,False,49,114893.0,159725.0,41.83738866352533
70,2012,CALIFORNIA,CA,False,50,83455.0,174838.0,32.31020585149423
71,2012,CALIFORNIA,CA,False,51,113934.0,45464.0,71.47768478901868
72,2012,CALIFORNIA,CA,False,52,151451.0,144459.0,51.18144030279477
73,2012,CALIFORNIA,CA,False,53,164825.0,103482.0,61.431494519337924
74,2012,COLORADO,CO,False,1,237579.0,93217.0,71.8203968609052
75,2012,COLORADO,CO,False,2,234758.0,162639.0,59.07392355755077
76,2012,COLORADO,CO,False,3,142619.0,185291.0,43.49333658625842
77,2012,COLORADO,CO,False,4,125800.0,200006.0,38.61193470961247
78,2012,COLORADO,CO,False,5,0.0,199639.0,0.0
79,2012,COLORADO,CO,False,6,156937.0,163938.0,48.909076743280096
80,2012,COLORADO,CO,False,7,182460.0,139066.0,56.748132343885096
81,2012,CONNECTICUT,CT,False,1,206973.0,82321.0,71.54417305578407
82,2012,CONNECTICUT,CT,False,2,204708.0,88103.0,69.91130797681781
83,2012,CONNECTICUT,CT,False,3,217573.0,73726.0,74.69060999179537
84,2012,CONNECTICUT,CT,False,4,175929.0,117503.0,59.95562856130211
85,2012,CONNECTICUT,CT,False,5,146098.0,138637.0,51.310165592568524
86,2012,DELAWARE,DE,False,0,249933.0,129757.0,65.82554188943612
87,2012,FLORIDA,FL,False,1,92961.0,238440.0,28.050911131831224
88,2012,FLORIDA,FL,False,2,157634.0,175856.0,47.26798404749768
89,2012,FLORIDA,FL,False,3,102468.0,204331.0,33.399065837893865
90,2012,FLORIDA,FL,False,4,0.0,239988.0,0.0
91,2012,FLORIDA,FL,False,5,190472.0,70700.0,72.92971681497251
92,2012,FLORIDA,FL,False,6,146489.0,195962.0,42.77663081725561
93,2012,FLORIDA,FL,False,7,130479.0,185518.0,41.29121479001383
94,2012,FLORIDA,FL,False,8,130870.0,205432.0,38.914428103311906
95,2012,FLORIDA,FL,False,9,164891.0,98856.0,62.51862580427455
96,2012,FLORIDA,FL,False,10,153574.0,164649.0,48.259868079931366
97,2012,FLORIDA,FL,False,11,120303.0,218360.0,35.52292396866502
98,2012,FLORIDA,FL,False,12,108770.0,209604.0,34.164221952797654
99,2012,FLORIDA,FL,False,13,139742.0,189605.0,42.43002061655336
100,2012,FLORIDA,FL,False,14,197121.0,83480.0,70.24957145555433
101,2012,FLORIDA,FL,False,15,0.0,1.0,0.0
102,2012,FLORIDA,FL,False,16,161929.0,187147.0,46.387892607913464
103,2012,FLORIDA,FL,False,17,116766.0,165488.0,41.369121429634305
104,2012,FLORIDA,FL,False,18,166257.0,164353.0,50.28795257251747
105,2012,FLORIDA,FL,False,19,109746.0,189833.0,36.633408883800264
106,2012,FLORIDA,FL,False,20,214727.0,0.0,100.0
107,2012,FLORIDA,FL,False,21,221263.0,0.0,100.0
108,2012,FLORIDA,FL,False,22,171021.0,142050.0,54.6269057178723
109,2012,FLORIDA,FL,False,23,174205.0,98096.0,63.97515984149893
110,2012,FLORIDA,FL,False,24,1.0,0.0,100.0
111,2012,FLORIDA,FL,False,25,0.0,151466.0,0.0
112,2012,FLORIDA,FL,False,26,135694.0,108820.0,55.495390856965244
113,2012,FLORIDA,FL,False,27,85020.0,138488.0,38.03890688476475
114,2012,GEORGIA,GA,False,1,92399.0,157181.0,37.021796618318774
115,2012,GEORGIA,GA,False,2,162751.0,92410.0,63.78365032273741
116,2012,GEORGIA,GA,False,3,0.0,232380.0,0.0
117,2012,GEORGIA,GA,False,4,208861.0,75041.0,73.56799177180858
118,2012,GEORGIA,GA,False,5,234330.0,43335.0,84.39306358381504
119,2012,GEORGIA,GA,False,6,104365.0,189669.0,35.49419454892971
120,2012,GEORGIA,GA,False,7,95377.0,156689.0,37.83810589290106
121,2012,GEORGIA,GA,False,8,0.0,197789.0,0.0
122,2012,GEORGIA,GA,False,9,60052.0,192101.0,23.815699198502497
123,2012,GEORGIA,GA,False,10,0.0,211065.0,0.0
124,2012,GEORGIA,GA,False,11,90353.0,196968.0,31.44670942952308
125,2012,GEORGIA,GA,False,12,139148.0,119973.0,53.700008876162094
126,2012,GEORGIA,GA,False,13,201988.0,79550.0,71.74448919861617
127,2012,GEORGIA,GA,False,14,59245.0,159947.0,27.028814920252564
128,2012,HAWAII,HI,False,1,116505.0,96824.0,54.61282807307023
129,2012,HAWAII,HI,False,2,168503.0,40707.0,80.5425170880933
130,2012,IDAHO,ID,False,1,97450.0,199402.0,32.827806449004896
131,2012,IDAHO,ID,False,2,110847.0,207412.0,34.829180007478186
132,2012,ILLINOIS,IL,False,1,236854.0,83989.0,73.8223991173253
133,2012,ILLINOIS,IL,False,2,188303.0,69115.0,73.15067322409466
134,2012,ILLINOIS,IL,False,3,168738.0,77653.0,68.48383260752219
135,2012,ILLINOIS,IL,False,4,133226.0,27279.0,83.00426777981994
136,2012,ILLINOIS,IL,False,5,177729.0,77289.0,69.69272757217138
137,2012,ILLINOIS,IL,False,6,132991.0,193138.0,40.778648939530065
138,2012,ILLINOIS,IL,False,7,242439.0,31466.0,88.51207535459375
139,2012,ILLINOIS,IL,False,8,123206.0,101860.0,54.7421645206295
140,2012,ILLINOIS,IL,False,9,194869.0,98924.0,66.32867358990853
141,2012,ILLINOIS,IL,False,10,133890.0,130564.0,50.62884282332655
142,2012,ILLINOIS,IL,False,11,148928.0,105348.0,58.56942849502116
143,2012,ILLINOIS,IL,False,12,157000.0,129902.0,54.72251849063443
144,2012,ILLINOIS,IL,False,13,136032.0,137034.0,49.8165278723825
145,2012,ILLINOIS,IL,False,14,124351.0,177603.0,41.182100584857295
146,2012,ILLINOIS,IL,False,15,94162.0,205775.0,31.393926057805473
147,2012,ILLINOIS,IL,False,16,112301.0,181789.0,38.18592947737087
148,2012,ILLINOIS,IL,False,17,153519.0,134623.0,53.278938856536016
149,2012,ILLINOIS,IL,False,18,85164.0,244467.0,25.836162254156918
150,2012,INDIANA,IN,False,1,187743.0,91291.0,67.28319846326971
151,2012,INDIANA,IN,False,2,130113.0,134033.0,49.257986113740124
152,2012,INDIANA,IN,False,3,92363.0,187872.0,32.95912359269899
153,2012,INDIANA,IN,False,4,93015.0,168688.0,35.5421985991754
154,2012,INDIANA,IN,False,5,125347.0,194570.0,39.18110009783788
155,2012,INDIANA,IN,False,6,96678.0,162613.0,37.28552090122681
156,2012,INDIANA,IN,False,7,162122.0,95828.0,62.85016476061253
157,2012,INDIANA,IN,False,8,122325.0,151533.0,44.667309335495034
158,2012,INDIANA,IN,False,9,132848.0,165332.0,44.552954591186534
159,2012,IOWA,IA,False,1,222422.0,162465.0,57.788909472130776
160,2012,IOWA,IA,False,2,211863.0,161977.0,56.672105713674306
161,2012,IOWA,IA,False,3,168632.0,202000.0,45.49849985969911
162,2012,IOWA,IA,False,4,169470.0,200063.0,45.86058619933808
163,2012,KANSAS,KS,False,1,0.0,211337.0,0.0
164,2012,KANSAS,KS,False,2,113735.0,167463.0,40.44658923605431
165,2012,KANSAS,KS,False,3,0.0,201087.0,0.0
166,2012,KANSAS,KS,False,4,81770.0,161094.0,33.669049344489096
167,2012,KENTUCKY,KY,False,1,87199.0,199956.0,30.366526788668143
168,2012,KENTUCKY,KY,False,2,89541.0,181508.0,33.034986293991125
169,2012,KENTUCKY,KY,False,3,206385.0,111452.0,64.93422729260597
170,2012,KENTUCKY,KY,False,4,104734.0,186036.0,36.01953433985624
171,2012,KENTUCKY,KY,False,5,55447.0,195408.0,22.103207031950728
172,2012,KENTUCKY,KY,False,6,141438.0,153222.0,48.00040724903278
173,2012,LOUISIANA,LA,False,1,61703.0,218340.0,22.033402013262247
174,2012,LOUISIANA,LA,False,2,230417.0,50146.0,82.12665248090447
175,2012,LOUISIANA,LA,False,3,67070.0,240558.0,21.80230668209656
176,2012,LOUISIANA,LA,False,4,0.0,187894.0,0.0
177,2012,LOUISIANA,LA,False,5,0.0,202536.0,0.0
178,2012,LOUISIANA,LA,False,6,0.0,243553.0,0.0
179,2012,MAINE,ME,False,1,236363.0,128440.0,64.79195620650049
180,2012,MAINE,ME,False,2,191456.0,137542.0,58.193666830801405
181,2012,MARYLAND,MD,False,1,107670.0,214204.0,33.450977711775415
182,2012,MARYLAND,MD,False,2,194088.0,92071.0,67.82523002945915
183,2012,MARYLAND,MD,False,3,213747.0,94549.0,69.33174611412409
184,2012,MARYLAND,MD,False,4,240385.0,64560.0,78.82896915837281
185,2012,MARYLAND,MD,False,5,238618.0,95271.0,71.46626573501972
186,2012,MARYLAND,MD,False,6,181921.0,117313.0,60.79556467513718
187,2012,MARYLAND,MD,False,7,247770.0,67405.0,78.61346870786072
188,2012,MARYLAND,MD,False,8,217531.0,113033.0,65.80601638411926
189,2012,MASSACHUSETTS,MA,False,1,261936.0,0.0,100.0
190,2012,MASSACHUSETTS,MA,False,2,259257.0,0.0,100.0
191,2012,MASSACHUSETTS,MA,False,3,212119.0,109372.0,65.97976304157814
192,2012,MASSACHUSETTS,MA,False,4,221303.0,129936.0,63.006385965112074
193,2012,MASSACHUSETTS,MA,False,5,257490.0,82944.0,75.63580605932427
194,2012,MASSACHUSETTS,MA,False,6,180942.0,176612.0,50.605502945009704
195,2012,MASSACHUSETTS,MA,False,7,210794.0,0.0,100.0
196,2012,MASSACHUSETTS,MA,False,8,263999.0,82242.0,76.24718043212675
197,2012,MASSACHUSETTS,MA,False,9,212754.0,116531.0,64.61089937288367
198,2012,MICHIGAN,MI,False,1,165179.0,167060.0,49.71692065049558
199,2012,MICHIGAN,MI,False,2,108973.0,194653.0,35.890536383577164
200,2012,MICHIGAN,MI,False,3,144108.0,171675.0,45.63513552027816
201,2012,MICHIGAN,MI,False,4,104996.0,197386.0,34.72296631413245
202,2012,MICHIGAN,MI,False,5,214531.0,103931.0,67.36470913327179
203,2012,MICHIGAN,MI,False,6,136563.0,174955.0,43.83791626808082
204,2012,MICHIGAN,MI,False,7,136849.0,169668.0,44.64646332829827
205,2012,MICHIGAN,MI,False,8,128657.0,202217.0,38.88398604907004
206,2012,MICHIGAN,MI,False,9,208846.0,114760.0,64.53712230304754
207,2012,MICHIGAN,MI,False,10,97734.0,226075.0,30.182607648335903
208,2012,MICHIGAN,MI,False,11,158879.0,181788.0,46.63762559919217
209,2012,MICHIGAN,MI,False,12,216884.0,92472.0,70.10822482835309
210,2012,MICHIGAN,MI,False,13,235336.0,38769.0,85.85615001550501
211,2012,MICHIGAN,MI,False,14,270450.0,51395.0,84.03113299880377
212,2012,MINNESOTA,MN,False,1,193211.0,142164.0,57.610436079016026
213,2012,MINNESOTA,MN,False,2,164338.0,193587.0,45.91408814695816
214,2012,MINNESOTA,MN,False,3,159937.0,222335.0,41.838533818851495
215,2012,MINNESOTA,MN,False,4,216685.0,109659.0,66.39772755129556
216,2012,MINNESOTA,MN,False,5,262102.0,88753.0,74.7037950150347
217,2012,MINNESOTA,MN,False,6,174944.0,179240.0,49.393535563435954
218,2012,MINNESOTA,MN,False,7,197791.0,114151.0,63.40633835777164
219,2012,MINNESOTA,MN,False,8,191976.0,160520.0,54.46189460305932
220,2012,MISSISSIPPI,MS,False,1,114076.0,186760.0,37.919663870015555
221,2012,MISSISSIPPI,MS,False,2,214978.0,99160.0,68.43425500894512
222,2012,MISSISSIPPI,MS,False,3,0.0,234717.0,0.0
223,2012,MISSISSIPPI,MS,False,4,82344.0,182998.0,31.033157208432886
224,2012,MISSOURI,MO,False,1,267927.0,60832.0,81.496476142098
225,2012,MISSOURI,MO,False,2,146272.0,236971.0,38.16690715812161
226,2012,MISSOURI,MO,False,3,111189.0,214843.0,34.10370761152279
227,2012,MISSOURI,MO,False,4,113120.0,192237.0,37.04516352990107
228,2012,MISSOURI,MO,False,5,200290.0,122149.0,62.11717565182872
229,2012,MISSOURI,MO,False,6,108503.0,216906.0,33.343576852514836
230,2012,MISSOURI,MO,False,7,98498.0,203565.0,32.60842936738362
231,2012,MISSOURI,MO,False,8,73755.0,216083.0,25.446973826758395
232,2012,MONTANA,MT,False,0,204939.0,255468.0,44.512572571659426
233,2012,NEBRASKA,NE,False,1,81206.0,174889.0,31.709326617075696
234,2012,NEBRASKA,NE,False,2,129767.0,133964.0,49.20430286921143
235,2012,NEBRASKA,NE,False,3,65266.0,187423.0,25.828587710584948
236,2012,NEVADA,NV,False,1,113967.0,56521.0,66.84752006006288
237,2012,NEVADA,NV,False,2,102019.0,162213.0,38.6096309303945
238,2012,NEVADA,NV,False,3,116823.0,137244.0,45.981178193153774
239,2012,NEVADA,NV,False,4,120501.0,101261.0,54.33798396479108
240,2012,NEW HAMPSHIRE,NH,False,1,171650.0,158659.0,51.966491981750416
241,2012,NEW HAMPSHIRE,NH,False,2,169275.0,152977.0,52.528766307113685
242,2012,NEW JERSEY,NJ,False,1,210470.0,92459.0,69.47832660458391
243,2012,NEW JERSEY,NJ,False,2,116462.0,166677.0,41.13244731386351
244,2012,NEW JERSEY,NJ,False,3,145506.0,174253.0,45.50489587470564
245,2012,NEW JERSEY,NJ,False,4,107991.0,195145.0,35.624604138076634
246,2012,NEW JERSEY,NJ,False,5,130100.0,167501.0,43.716250953457816
247,2012,NEW JERSEY,NJ,False,6,151782.0,84360.0,64.27573239830272
248,2012,NEW JERSEY,NJ,False,7,123057.0,175662.0,41.19490223253292
249,2012,NEW JERSEY,NJ,False,8,130853.0,31763.0,80.46748167461996
250,2012,NEW JERSEY,NJ,False,9,162822.0,55091.0,74.71880980024139
251,2012,NEW JERSEY,NJ,False,10,201435.0,24271.0,89.24663057251469
252,2012,NEW JERSEY,NJ,False,11,123897.0,182237.0,40.47149287566882
253,2012,NEW JERSEY,NJ,False,12,189926.0,80906.0,70.12686831689018
254,2012,NEW MEXICO,NM,False,1,162924.0,112473.0,59.15968583535768
255,2012,NEW MEXICO,NM,False,2,92162.0,133180.0,40.898722830187005
256,2012,NEW MEXICO,NM,False,3,167103.0,97616.0,63.12467182181861
257,2012,NEW YORK,NY,False,1,145198.0,131650.0,52.446830029474654
258,2012,NEW YORK,NY,False,2,99955.0,141950.0,41.319939645728695
259,2012,NEW YORK,NY,False,3,157602.0,113021.0,58.2367352368424
260,2012,NEW YORK,NY,False,4,163955.0,85693.0,65.6744696532718
261,2012,NEW YORK,NY,False,5,167835.0,17875.0,90.37477787948953
262,2012,NEW YORK,NY,False,6,111499.0,50845.0,68.68070270536639
263,2012,NEW YORK,NY,False,7,141322.0,0.0,100.0
264,2012,NEW YORK,NY,False,8,184038.0,17650.0,91.24885962476696
265,2012,NEW YORK,NY,False,9,186141.0,24164.0,88.51002115974418
266,2012,NEW YORK,NY,False,10,165000.0,39311.0,80.75923469612502
267,2012,NEW YORK,NY,False,11,92428.0,103118.0,47.266627801131186
268,2012,NEW YORK,NY,False,12,193455.0,46692.0,80.55690889330285
269,2012,NEW YORK,NY,False,13,174789.0,12132.0,93.509557513602
270,2012,NEW YORK,NY,False,14,120761.0,21755.0,84.73504729293553
271,2012,NEW YORK,NY,False,15,152661.0,4427.0,97.18183438582196
272,2012,NEW YORK,NY,False,16,179561.0,53935.0,76.90110323089047
273,2012,NEW YORK,NY,False,17,171417.0,91899.0,65.09934831153443
274,2012,NEW YORK,NY,False,18,143845.0,133049.0,51.94948247343749
275,2012,NEW YORK,NY,False,19,133567.0,149736.0,47.14634154950706
276,2012,NEW YORK,NY,False,20,203400.0,93778.0,68.44382827800175
277,2012,NEW YORK,NY,False,21,126631.0,121646.0,51.00391900981565
278,2012,NEW YORK,NY,False,22,102080.0,157941.0,39.25836759338669
279,2012,NEW YORK,NY,False,23,127535.0,137669.0,48.089395333403715
280,2012,NEW YORK,NY,False,24,143044.0,127054.0,52.960036727410056
281,2012,NEW YORK,NY,False,25,179810.0,133389.0,57.410783559334476
282,2012,NEW YORK,NY,False,26,212588.0,71666.0,74.78804168103176
283,2012,NEW YORK,NY,False,27,156219.0,161220.0,49.212289605246994
284,2012,NORTH CAROLINA,NC,False,1,254644.0,77288.0,76.71571285685019
285,2012,NORTH CAROLINA,NC,False,2,128973.0,174066.0,42.559868531773134
286,2012,NORTH CAROLINA,NC,False,3,114314.0,195571.0,36.88916856253126
287,2012,NORTH CAROLINA,NC,False,4,259534.0,88951.0,74.47494153263412
288,2012,NORTH CAROLINA,NC,False,5,148252.0,200945.0,42.45511845748961
289,2012,NORTH CAROLINA,NC,False,6,142467.0,222116.0,39.07669858441014
290,2012,NORTH CAROLINA,NC,False,7,168695.0,168041.0,50.09710871424499
291,2012,NORTH CAROLINA,NC,False,8,137139.0,160695.0,46.045448135538585
292,2012,NORTH CAROLINA,NC,False,9,171503.0,194537.0,46.853622554912036
293,2012,NORTH CAROLINA,NC,False,10,144023.0,190826.0,43.011327493885304
294,2012,NORTH CAROLINA,NC,False,11,141107.0,190319.0,42.57571825988305
295,2012,NORTH CAROLINA,NC,False,12,247591.0,63317.0,79.63481158413421
296,2012,NORTH CAROLINA,NC,False,13,160115.0,210495.0,43.20309759585548
297,2012,NORTH DAKOTA,ND,False,0,131870.0,173585.0,43.17166194693163
298,2012,OHIO,OH,False,1,131490.0,201907.0,39.4394670617912
299,2012,OHIO,OH,False,2,137077.0,194296.0,41.366375655228396
300,2012,OHIO,OH,False,3,201897.0,77901.0,72.15812836403406
301,2012,OHIO,OH,False,4,114214.0,182643.0,38.4744169751766
302,2012,OHIO,OH,False,5,137806.0,201514.0,40.6124012731345
303,2012,OHIO,OH,False,6,144444.0,164536.0,46.748656870994886
304,2012,OHIO,OH,False,7,137708.0,178104.0,43.604422884500906
305,2012,OHIO,OH,False,8,0.0,246378.0,0.0
306,2012,OHIO,OH,False,9,217771.0,68668.0,76.0270074954877
307,2012,OHIO,OH,False,10,131097.0,208201.0,38.63771669741643
308,2012,OHIO,OH,False,11,258359.0,0.0,100.0
309,2012,OHIO,OH,False,12,134605.0,233869.0,36.530392917817814
310,2012,OHIO,OH,False,13,235492.0,88120.0,72.76986020295911
311,2012,OHIO,OH,False,14,131637.0,183657.0,41.75055662334202
312,2012,OHIO,OH,False,15,128188.0,205274.0,38.441561557238906
313,2012,OHIO,OH,False,16,170600.0,185165.0,47.95300268435624
314,2012,OKLAHOMA,OK,False,1,91421.0,181084.0,33.54837525916955
315,2012,OKLAHOMA,OK,False,2,96081.0,143701.0,40.070147050237296
316,2012,OKLAHOMA,OK,False,3,53472.0,201744.0,20.95166447244687
317,2012,OKLAHOMA,OK,False,4,71846.0,176740.0,28.901868970899407
318,2012,OKLAHOMA,OK,False,5,97504.0,153603.0,38.829662255532504
319,2012,OREGON,OR,False,1,197845.0,109699.0,64.33063236479984
320,2012,OREGON,OR,False,2,96741.0,228043.0,29.786257943741074
321,2012,OREGON,OR,False,3,264979.0,70325.0,79.02649535943502
322,2012,OREGON,OR,False,4,212866.0,140549.0,60.231172983602846
323,2012,OREGON,OR,False,5,177229.0,139223.0,56.00501813861186
324,2012,PENNSYLVANIA,PA,False,1,235394.0,41708.0,84.94850271741092
325,2012,PENNSYLVANIA,PA,False,2,318176.0,33381.0,90.50481145305028
326,2012,PENNSYLVANIA,PA,False,3,123933.0,165826.0,42.77106146832367
327,2012,PENNSYLVANIA,PA,False,4,104643.0,181603.0,36.55701739063603
328,2012,PENNSYLVANIA,PA,False,5,104725.0,177740.0,37.07538987131149
329,2012,PENNSYLVANIA,PA,False,6,143803.0,191725.0,42.85871819937531
330,2012,PENNSYLVANIA,PA,False,7,143509.0,209942.0,40.60223340717667
331,2012,PENNSYLVANIA,PA,False,8,152859.0,199379.0,43.396510314049024
332,2012,PENNSYLVANIA,PA,False,9,105128.0,169177.0,38.325221924500106
333,2012,PENNSYLVANIA,PA,False,10,94227.0,179563.0,34.41579312611856
334,2012,PENNSYLVANIA,PA,False,11,118231.0,166967.0,41.45576055933071
335,2012,PENNSYLVANIA,PA,False,12,163589.0,175352.0,48.26474224127503
336,2012,PENNSYLVANIA,PA,False,13,209901.0,93918.0,69.08751592230901
337,2012,PENNSYLVANIA,PA,False,14,251932.0,75702.0,76.8943394153232
338,2012,PENNSYLVANIA,PA,False,15,128764.0,168960.0,43.2494525130658
339,2012,PENNSYLVANIA,PA,False,16,111185.0,156192.0,41.583606667738806
340,2012,PENNSYLVANIA,PA,False,17,161393.0,106208.0,60.31106012309371
341,2012,PENNSYLVANIA,PA,False,18,122146.0,216727.0,36.044771935208765
342,2012,RHODE ISLAND,RI,False,1,108612.0,83737.0,56.46611107934015
343,2012,RHODE ISLAND,RI,False,2,124067.0,78189.0,61.3415671228542
344,2012,SOUTH CAROLINA,SC,False,1,103557.0,179908.0,36.53255251971143
345,2012,SOUTH CAROLINA,SC,False,2,0.0,196116.0,0.0
346,2012,SOUTH CAROLINA,SC,False,3,84735.0,169512.0,33.3278268770133
347,2012,SOUTH CAROLINA,SC,False,4,89964.0,173201.0,34.185396994281156
348,2012,SOUTH CAROLINA,SC,False,5,123443.0,154324.0,44.441204318727564
349,2012,SOUTH CAROLINA,SC,False,6,218717.0,0.0,100.0
350,2012,SOUTH CAROLINA,SC,False,7,122389.0,153068.0,44.431254242948995
351,2012,SOUTH DAKOTA,SD,False,0,153789.0,207640.0,42.55026575067302
352,2012,TENNESSEE,TN,False,1,47663.0,182252.0,20.730704825696453
353,2012,TENNESSEE,TN,False,2,54522.0,196894.0,21.68597066216947
354,2012,TENNESSEE,TN,False,3,91094.0,157830.0,36.59510533335476
355,2012,TENNESSEE,TN,False,4,102022.0,128568.0,44.24389609263194
356,2012,TENNESSEE,TN,False,5,171621.0,86240.0,66.55562492971019
357,2012,TENNESSEE,TN,False,6,0.0,184383.0,0.0
358,2012,TENNESSEE,TN,False,7,61679.0,182730.0,25.23597739854097
359,2012,TENNESSEE,TN,False,8,79490.0,190923.0,29.39577609064653
360,2012,TENNESSEE,TN,False,9,188422.0,59742.0,75.92640350735805
361,2012,TEXAS,TX,False,1,67222.0,178322.0,27.376763431401297
362,2012,TEXAS,TX,False,2,80512.0,159664.0,33.52208380520951
363,2012,TEXAS,TX,False,3,0.0,187180.0,0.0
364,2012,TEXAS,TX,False,4,60214.0,182679.0,24.79033977924436
365,2012,TEXAS,TX,False,5,69178.0,134091.0,34.0327349472866
366,2012,TEXAS,TX,False,6,98053.0,145019.0,40.339076487625064
367,2012,TEXAS,TX,False,7,85553.0,142793.0,37.4663887258809
368,2012,TEXAS,TX,False,8,51051.0,194043.0,20.829151264412836
369,2012,TEXAS,TX,False,9,144075.0,36139.0,79.94661901961003
370,2012,TEXAS,TX,False,10,95710.0,159783.0,37.46090890944175
371,2012,TEXAS,TX,False,11,41970.0,177742.0,19.10227934750947
372,2012,TEXAS,TX,False,12,66080.0,175649.0,27.336397370609234
373,2012,TEXAS,TX,False,13,0.0,187775.0,0.0
374,2012,TEXAS,TX,False,14,109697.0,131460.0,45.48779425851209
375,2012,TEXAS,TX,False,15,89296.0,54056.0,62.291422512416986
376,2012,TEXAS,TX,False,16,101403.0,51043.0,66.5173241672461
377,2012,TEXAS,TX,False,17,0.0,143284.0,0.0
378,2012,TEXAS,TX,False,18,146223.0,44015.0,76.86319242212386
379,2012,TEXAS,TX,False,19,0.0,163239.0,0.0
380,2012,TEXAS,TX,False,20,119032.0,62376.0,65.61562885870525
381,2012,TEXAS,TX,False,21,109326.0,187015.0,36.89195892569709
382,2012,TEXAS,TX,False,22,80203.0,160668.0,33.29707602824749
383,2012,TEXAS,TX,False,23,96676.0,87547.0,52.477703652638375
384,2012,TEXAS,TX,False,24,87645.0,148586.0,37.10139651442867
385,2012,TEXAS,TX,False,25,98827.0,154245.0,39.05094202440412
386,2012,TEXAS,TX,False,26,74237.0,176642.0,29.59075889173665
387,2012,TEXAS,TX,False,27,83395.0,120684.0,40.86407714659519
388,2012,TEXAS,TX,False,28,112456.0,49309.0,69.51812814885791
389,2012,TEXAS,TX,False,29,86053.0,0.0,100.0
390,2012,TEXAS,TX,False,30,171059.0,41222.0,80.58139918315817
391,2012,TEXAS,TX,False,31,82977.0,145348.0,36.34161830723749
392,2012,TEXAS,TX,False,32,99288.0,146653.0,40.370658003342264
393,2012,TEXAS,TX,False,33,85114.0,30252.0,73.77736941559905
394,2012,TEXAS,TX,False,34,89606.0,52448.0,63.07882917763668
395,2012,TEXAS,TX,False,35,105626.0,52894.0,66.63260156447136
396,2012,TEXAS,TX,False,36,62143.0,165405.0,27.309842318983247
397,2012,UTAH,UT,False,1,60611.0,175487.0,25.67196672568171
398,2012,UTAH,UT,False,2,83176.0,154523.0,34.99215394259126
399,2012,UTAH,UT,False,3,60719.0,198828.0,23.394221470485114
400,2012,UTAH,UT,False,4,119803.0,119035.0,50.16077843559232
401,2012,VERMONT,VT,False,0,208600.0,67543.0,75.54057137063043
402,2012,VIRGINIA,VA,False,1,147036.0,200845.0,42.26617722727025
403,2012,VIRGINIA,VA,False,2,142548.0,166231.0,46.16505656148896
404,2012,VIRGINIA,VA,False,3,259199.0,58931.0,81.47581177506052
405,2012,VIRGINIA,VA,False,4,150190.0,199292.0,42.97503161822354
406,2012,VIRGINIA,VA,False,5,149214.0,193009.0,43.601394412415296
407,2012,VIRGINIA,VA,False,6,111949.0,211278.0,34.63479226673514
408,2012,VIRGINIA,VA,False,7,158012.0,222983.0,41.473510151051855
409,2012,VIRGINIA,VA,False,8,226847.0,107370.0,67.87416558702878
410,2012,VIRGINIA,VA,False,9,116400.0,184882.0,38.634900193174495
411,2012,VIRGINIA,VA,False,10,142024.0,214038.0,39.88743533429571
412,2012,VIRGINIA,VA,False,11,202606.0,117902.0,63.214022738901996
413,2012,WASHINGTON,WA,False,1,177025.0,151187.0,53.936175398827594
414,2012,WASHINGTON,WA,False,2,184826.0,117465.0,61.14174752142802
415,2012,WASHINGTON,WA,False,3,116438.0,177446.0,39.6203944413442
416,2012,WASHINGTON,WA,False,4,78940.0,154749.0,33.77993829405749
417,2012,WASHINGTON,WA,False,5,117512.0,191066.0,38.081781591688326
418,2012,WASHINGTON,WA,False,6,186661.0,129725.0,58.99786969082071
419,2012,WASHINGTON,WA,False,7,298368.0,76212.0,79.65401249399328
420,2012,WASHINGTON,WA,False,8,121886.0,180204.0,40.34757853619782
421,2012,WASHINGTON,WA,False,9,192034.0,76105.0,71.61733280127098
422,2012,WASHINGTON,WA,False,10,163036.0,115381.0,58.5582058566826
423,2012,WEST VIRGINIA,WV,False,1,80342.0,133809.0,37.51651871810078
424,2012,WEST VIRGINIA,WV,False,2,68560.0,158206.0,30.233809301217995
425,2012,WEST VIRGINIA,WV,False,3,108199.0,92238.0,53.98155031256704
426,2012,WISCONSIN,WI,False,1,158414.0,200423.0,44.146506631144504
427,2012,WISCONSIN,WI,False,2,265422.0,124683.0,68.03860499096398
428,2012,WISCONSIN,WI,False,3,217712.0,121713.0,64.1414156293732
429,2012,WISCONSIN,WI,False,4,235257.0,80787.0,74.43805292933895
430,2012,WISCONSIN,WI,False,5,118478.0,250335.0,32.12413879120313
431,2012,WISCONSIN,WI,False,6,135921.0,223460.0,37.820864208180176
432,2012,WISCONSIN,WI,False,7,157524.0,201720.0,43.84874903964993
433,2012,WISCONSIN,WI,False,8,156287.0,198874.0,44.00455004913265
434,2012,WYOMING,WY,False,0,57573.0,166452.0,25.699363910277874
