cycle,state,seat_number,candidate_name,avg,std,lower_ci,upper_ci
2024,Illinois,17,Eric Sorensen,52.3,0,52.3,52.3
2024,Illinois,17,Joe McGraw,46.6,0,46.6,46.6
2024,New Hampshire,1,Chris Pappas,51.21435217808521,2.7867522930862703,45.752317683636115,56.6763866725343
2024,New Hampshire,1,Russell Prescott,40.39468492384434,2.3822780617468124,35.725419922820585,45.06394992486809
2024,New Hampshire,2,Maggie Goodlander,52.91006219795809,3.2752416187376197,46.490588625232355,59.329535770683826
2024,New Hampshire,2,Lily Tang Williams,40.09191924139339,2.5705396811945675,35.05366146625204,45.130177016534745
2024,Maine,1,Chellie Pingree,57.57695087617538,2.004850287905169,53.64744431188125,61.50645744046951
2024,Maine,1,Ronald C. Russell,27.5284270000434,2.3316292383634036,22.95843369285113,32.09842030723567
2024,Maine,2,Jared Forrest Golden,47.9812062793757,4.385934409838449,39.38477483609233,56.57763772265906
2024,Maine,2,Austin Theriault,42.639472194242806,1.8919271716436432,38.931294937821264,46.34764945066435
2024,Vermont,1,Becca Balint,61.997177529657556,0.05305189915179906,61.893195807320026,62.101159251995085
2024,Vermont,1,Mark Coester,22.005644940684896,0.10610379830359813,21.797681496009844,22.213608385359947
2024,U.S. Virgin Islands,1,Stacey E. Plaskett,NA,NA,NA,NA
2024,U.S. Virgin Islands,1,Ronald Pickard,NA,NA,NA,NA
2024,California,49,Mike Levin,50.92735829560206,1.4452190785365284,48.094728901670464,53.75998768953366
2024,California,49,Matt Gunderson,38.81874386591144,1.891349115074877,35.11169960036469,42.5257881314582
2024,Nebraska,1,Carol Blood,39,0,39,39
2024,Nebraska,1,Mike Flood,53,0,53,53
2024,Nebraska,2,Tony Vargas,49.80314224372235,0.6031699472756313,48.620929147062114,50.98535534038258
2024,Nebraska,2,Don Bacon,45.642964146483315,1.0762152364967028,43.53358228294978,47.75234601001685
2024,Nebraska,3,Daniel Ebers,22,0,22,22
2024,Nebraska,3,Adrian Smith,68,0,68,68
2024,California,51,Sara Jacobs,60.999771516157516,0.039991605034381913,60.92138797029013,61.078155062024905
2024,California,51,Bill Wells,25.000228486952125,0.03999218819321925,24.921843798093416,25.078613175810833
2024,Connecticut,5,Jahana Hayes,48.97293452096894,0.2176857909495,48.54627037070792,49.39959867122996
2024,Connecticut,5,George Logan,45.37623928741231,0.13061147458890976,45.120240797218045,45.632237777606576
2024,New York,17,Mondaire L. Jones,43.974674871771505,0.3263694583087952,43.334990733486265,44.614359010056745
2024,New York,17,Mike Lawler,47.96825702426701,1.3285750969529417,45.364249834239246,50.572264214294776
2024,New York,18,Pat Ryan,50.6639363042333,1.4186137666190515,47.883453321659964,53.44441928680664
2024,New York,18,Alison Esposito,41.78412370140615,0.4106513534949868,40.979247048555976,42.58900035425633
2024,Colorado,8,Yadira Caraveo,47.051155844166644,1.1833440532324329,44.73180149983108,49.37051018850221
2024,Colorado,8,Gabe Evans,45.552884668492254,0.609444275770353,44.35837388798236,46.74739544900215
2024,Michigan,7,Curtis Hertel,44.57817483586664,0.5210562036553963,43.55690467670206,45.59944499503122
2024,Michigan,7,Tom Barrett,47.27753159556142,0.1117686638466999,47.05846501442189,47.49659817670095
2024,California,22,Rudy Salas,46.589167660344344,0.4995459393720679,45.610057619175095,47.568277701513594
2024,California,22,David G. Valadao,44.98455006464144,0.13526217349843456,44.71943620458451,45.24966392469837
2024,Pennsylvania,8,Matt Cartwright,50,0,50,50
2024,Pennsylvania,8,Rob Bresnahan Jr.,43,0,43,43
2024,Ohio,13,Emilia Sykes,44.99793324196042,0.051792991443509843,44.89641897873114,45.099447505189694
2024,Ohio,13,Kevin Coughlin,45.990302135352714,0.2430286521580083,45.513965977123014,46.46663829358241
2024,Alabama,2,Shomari Figures,49.445943030975194,0.5882808862652382,48.29291249389533,50.59897356805506
2024,Alabama,2,Caroleene Dobson,41.04029130609538,3.682583054198897,33.82242851986554,48.25815409232521
2024,Virginia,7,Eugene S. Vindman,43.785038629996144,0.41596038089430853,42.9697562834433,44.600320976548986
2024,Virginia,7,Derrick M. Anderson,42.05149448758886,0.23046228411748884,41.59978841071858,42.50320056445914
2024,South Dakota,1,Sheryl Johnson,26.53734053895885,1.7899153715747702,23.029106410672302,30.0455746672454
2024,South Dakota,1,Dusty Johnson,62.80284722504972,1.2717819745399694,60.310154554951374,65.29553989514805
2024,Florida,13,Whitney Fox,45.76426641062848,0.46427614296030684,44.85428517042628,46.67424765083068
2024,Florida,13,Anna Paulina Luna,46.675984401095526,1.8556028448163007,43.03900282525558,50.31296597693547
2024,Virginia,2,Missy Cotter Smasal,45.44419297651031,1.331914046303137,42.83364144575616,48.05474450726446
2024,Virginia,2,Jen A. Kiggans,46.273659658681524,0.5205193962285564,45.253441642073554,47.293877675289494
2024,Florida,4,"LaShonda ""L.J."" Holloway",41,0,41,41
2024,Florida,4,Aaron Bean,48,0,48,48
2024,New York,4,Laura A. Gillen,51.344885551669634,3.2196664496036513,45.03433931044648,57.65543179289279
2024,New York,4,Anthony P. D'Esposito,42.07607498575062,2.0732311412626485,38.012541948875835,46.13960802262541
2024,California,47,Dave Min,40.23100463781898,1.1443619272057621,37.988055260495685,42.47395401514227
2024,California,47,Scott Baugh,43.219258639285805,1.0861740326020801,41.09035753538573,45.34815974318588
2024,Georgia,2,Sanford Bishop,49.20721524605399,2.7463851422724366,43.82430036720002,54.590130124907965
2024,Georgia,2,A. Wayne Johnson,40.597594917982,0.9154617140908121,38.80328995836401,42.39189987759999
2024,Michigan,10,Carl J. Marlinga,45.1326248054605,1.691816204219879,41.81666504518954,48.448584565731466
2024,Michigan,10,John James,47.21730696061618,0.21432973473138314,46.797220680542665,47.63739324068969
2024,New Mexico,2,Gabriel Vasquez,49.49167922808343,0.8596464131447188,47.80677225831978,51.17658619784707
2024,New Mexico,2,Yvette Herrell,44.24081018126415,1.327849497837418,41.63822516550281,46.843395197025494
2024,New Mexico,1,Melanie Ann Stansbury,52.974652374459254,0.22372471692000775,52.53615192929604,53.41315281962247
2024,New Mexico,1,Steve Jones,36.008871668939264,0.07830365092200303,35.855396513132135,36.16234682474639
2024,New Mexico,3,Teresa Leger Fernandez,51.997428337388136,0.022532622434677945,51.95326439741617,52.0415922773601
2024,New Mexico,3,Sharon E. Clahchischilliage,35.05657657746103,0.49571769356290757,34.08496989807773,36.02818325684433
2024,New York,22,John W. Mannion,46.011916701773266,0.21800183327654635,45.58463310855124,46.439200294995295
2024,New York,22,Brandon M. Williams,45.99106247367004,0.16350137495740974,45.67059977875352,46.31152516858656
2024,Montana,1,Monica Tranel,41.97832092596478,3.7148491319194648,34.69721662740263,49.25942522452693
2024,Montana,1,Ryan K. Zinke,45.85331355428923,2.12383642072906,41.69059416966027,50.01603293891819
2024,New York,1,John P. Avlon,43.081098653793774,1.6396279621439427,39.86742784799165,46.2947694595959
2024,New York,1,Nicholas J. LaLota,47.6721200001879,1.132308216989766,45.45279589488796,49.89144410548784
2024,Alaska,1,Mary S. Peltola,44.223555419234216,1.1758425446974443,41.91890403162723,46.528206806841204
2024,Alaska,1,Nick Begich,48.63060855294555,1.4311149689798512,45.82562321374505,51.43559389214606
2024,Alaska,1,Eric Hafner,2.4,0,2.4,2.4
2024,New York,19,Josh Riley,46.49604759438048,1.2689976188513044,44.00881226143192,48.983282927329036
2024,New York,19,Marcus Molinaro,42.853877538788595,1.5710363871571758,39.77464621996053,45.93310885761666
2024,Michigan,8,Kristen McDonald Rivet,40.01873593343732,0.27320740107648184,39.483249427327415,40.554222439547225
2024,Michigan,8,Paul Junge,41.01875576761951,0.27320604017066735,40.483271928885,41.55423960635402
2024,California,45,Derek Tran,44.99203141780615,3.3794462705010737,38.36831672762405,51.61574610798826
2024,California,45,Michelle Steel,45.0394610667057,0.21167879080075166,44.62457063673622,45.45435149667517
2024,New Jersey,7,Sue Altman,44.99171530580272,1.5659664442978973,41.92242107497884,48.0610095366266
2024,New Jersey,7,Thomas H. Kean Jr.,46.99171530580272,1.5659664442978973,43.92242107497884,50.0610095366266
2024,North Carolina,1,Don Davis,47.163476304367975,3.8270514615267732,39.6624554397755,54.66449716896045
2024,North Carolina,1,Laurie Buckhout,37.22717269022999,2.391907163454233,32.539034649859694,41.91531073060029
2024,Minnesota,2,Angie Craig,49,0,49,49
2024,Minnesota,2,Joe Teirab,41,0,41,41
2024,Wisconsin,1,Peter Barca,43.58445125214999,1.9563535565332475,39.74999828134482,47.418904222955156
2024,Wisconsin,1,Bryan Steil,50.811661560887515,1.4672651673999355,47.93582183278364,53.68750128899139
2024,Arizona,2,Jonathan Nez,42,0,42,42
2024,Arizona,2,Eli Crane,42,0,42,42
2024,Pennsylvania,10,Janelle Stelson,47.99973747489176,0.0326340896689864,47.93577465914055,48.06370029064297
2024,Pennsylvania,10,Scott Perry,39.012504432762256,0.31601975708005653,38.393105708885344,39.63190315663917
2024,Wisconsin,3,Rebecca Cooke,47.68801907158652,2.1994873983713457,43.37702377077868,51.999014372394356
2024,Wisconsin,3,Derrick Van Orden,48.15643646803475,0.5870061590489002,47.0059043962989,49.306968539770594
2024,California,41,Will Rollins,44.577095682633384,1.586738888650005,41.46708746087938,47.68710390438739
2024,California,41,Ken Calvert,43.733363961308314,3.6615392493271512,36.5567470326271,50.90998088998953
2024,Pennsylvania,7,Susan Wild,50.21935331100011,1.5853004456421085,47.11216443754158,53.326542184458646
2024,Pennsylvania,7,Ryan E. Mackenzie,44.614174994623184,0.7891698650985157,43.067402059030094,46.160947930216274
2024,Washington,3,Marie Gluesenkamp Perez,45.99807698101023,0.08440333610489362,45.83264644224464,46.16350751977582
2024,Washington,3,Joe Kent,45.99826513261404,0.08328541156178053,45.835025725952946,46.16150453927513
2024,Iowa,1,Christina Bohannan,49.86242316330371,0.6275373614930543,48.63244993477733,51.09239639183009
2024,Iowa,1,Mariannette Miller-Meeks,46.0458589444116,0.20917912902465635,45.63586785152327,46.455850037299925
2024,Texas,34,Vicente Gonzalez,48.99999800474167,0.00141253472691871,48.99722943667691,49.00276657280643
2024,Texas,34,Mayra Flores,45.99999800474167,0.0014125347264091833,45.997229436677905,46.002766572805434
2024,North Dakota,1,Trygve Hammer,27.999066918479564,0.052899658979870985,27.895383586879017,28.10275025008011
2024,North Dakota,1,Julie Fedorchak,53.00342129890827,0.19396541625952693,52.623249083039596,53.38359351477695
2024,Texas,15,Michelle Vallejo,45,0,45,45
2024,Texas,15,Monica De La Cruz,48,0,48,48
2024,Pennsylvania,17,Chris Deluzio,46.11509270124942,0.46576718714174,45.202189014451605,47.02799638804723
2024,Pennsylvania,17,Rob Mercuri,41.8849072987506,0.4657671871417399,40.972003611952786,42.79781098554841
2024,Iowa,3,Lanon Baccam,46.561988451799735,3.959586540657679,38.801198832110686,54.322778071488784
2024,Iowa,3,Zach Nunn,42.99434855920257,3.463466793939788,36.20595364308058,49.78274347532456
2024,California,12,Lateefah Simon,41.4,0,41.4,41.4
2024,California,12,Jennifer Tran,27.1,0,27.1,27.1
2024,California,16,Sam Liccardo,45.095234800272905,3.203210873234319,38.81694148873364,51.37352811181217
2024,California,16,Evan Low,35.27646677008313,8.823269724866394,17.982858109345,52.57007543082126
2024,California,13,Adam Gray,46.3,0,46.3,46.3
2024,California,13,John Duarte,45.2,0,45.2,45.2
2024,California,27,George Whitesides,48.19996951324054,0.006048403252842408,48.18811464286497,48.21182438361611
2024,California,27,Mike Garcia,46.09994664817094,0.010584705692474196,46.07920062501369,46.12069267132819
2024,Rhode Island,1,Gabe Amo,NA,NA,NA,NA
2024,Rhode Island,1,Allen R. Waters,NA,NA,NA,NA
2024,Rhode Island,2,Seth Magaziner,NA,NA,NA,NA
2024,Rhode Island,2,Steven Corvi,NA,NA,NA,NA
2024,Delaware,1,Sarah McBride,52,0,52,52
2024,Delaware,1,John J. Whalen III,30.9,0,30.9,30.9
2024,Utah,3,Glenn J. Wright,32.9,0,32.9,32.9
2024,Utah,3,Mike Kennedy,61.4,0,61.4,61.4
2024,Utah,1,Bill Campbell,27.6,0,27.6,27.6
2024,Utah,1,Blake D. Moore,57.8,0,57.8,57.8
2024,Utah,2,Nathaniel Woodward,25.4,0,25.4,25.4
2024,Utah,2,Celeste Maloy,58.4,0,58.4,58.4
2024,Utah,4,Katrina Fallick-Wang,28.4,0,28.4,28.4
2024,Utah,4,Burgess Owens,57.9,0,57.9,57.9
2024,Oregon,5,Janelle S. Bynum,46.041491519030636,1.7074236193128145,42.69494122517752,49.38804181288375
2024,Oregon,5,Lori Chavez-DeRemer,44.281118639272975,1.2805677144846108,41.77120591888314,46.79103135966281
2024,Pennsylvania,1,Ashley Ehasz,41.130305570669066,2.091957382716889,37.03006910054396,45.23054204079417
2024,Pennsylvania,1,Brian Fitzpatrick,53.09443022206227,1.675849860946085,49.80976449460795,56.379095949516596
2024,Maryland,6,April McClain Delaney,39.590345528699615,1.0869973761298422,37.45983067148512,41.72086038591411
2024,Maryland,6,Neil C. Parrott,41.080189935410516,0.4872746858513078,40.125131551141955,42.03524831967908
2024,Montana,2,John B. Driscoll,31,0,31,31
2024,Montana,2,Troy Downing,52,0,52,52
2024,Nevada,1,Dina Titus,46.7,0,46.7,46.7
2024,Nevada,1,Mark Robertson,31.7,0,31.7,31.7
2024,Nevada,2,Mark E. Amodei,43.600000600315276,4.900262723928415e-4,43.59904014882139,43.600961051809165
2024,Nevada,3,Susie Lee,47.4,0,47.4,47.4
2024,Nevada,3,Drew Johnson,34.6,0,34.6,34.6
2024,Nevada,4,Steven Horsford,45.7,0,45.7,45.7
2024,Nevada,4,John Lee,36.1,0,36.1,36.1
2024,Arizona,1,Amish Shah,48,0,48,48
2024,Arizona,1,David Schweikert,47.35882347506259,0.4796552812245448,46.41869912386249,48.2989478262627
2024,Oregon,6,Andrea Salinas,44.8,0,44.8,44.8
2024,Oregon,6,Mike Erickson,42.5,0,42.5,42.5
2024,New Jersey,2,Joseph F. Salerno,42,0,42,42
2024,New Jersey,2,Jeff Van Drew,50,0,50,50
2024,New York,3,Thomas R. Suozzi,48.42418321859206,2.5287212902644454,43.46788948967375,53.380476947510374
2024,New York,3,Michael J. LiPetri Jr.,37,0,37,37
2024,Ohio,9,Marcy Kaptur,47,0,47,47
2024,Ohio,9,Derek Merrin,37,0,37,37
2024,Florida,15,"Patricia ""Pat"" Kemp",41,0,41,41
2024,Florida,15,Laurel Lee,44,0,44,44
2024,Arizona,6,Kirsten Engel,43.866638374064365,0.8056195171456386,42.287624120458915,45.445652627669816
2024,Arizona,6,Juan Ciscomani,43.186706276309884,1.1278673240038941,40.97608632126225,45.39732623135752
2024,Illinois,11,Bill Foster,41,0,41,41
2024,Illinois,11,Jerry Evans,34.3,0,34.3,34.3
2024,California,50,Scott Peters,51,0,51,51
2024,California,50,Peter J. Bono,33,0,33,33
2024,California,52,Juan Vargas,57,0,57,57
2024,California,52,Justin Lee,25,0,25,25
2024,California,48,Stephen Houlahan,34,0,34,34
2024,California,48,Darrell E. Issa,56,0,56,56
2024,Colorado,4,Trisha Calvarese,36,0,36,36
2024,Colorado,4,Lauren Boebert,46,0,46,46
2024,California,9,Josh Harder,40,0,40,40
2024,California,9,Kevin Lincoln,44,0,44,44
2024,New York,3,Mazi Melesa Pilip,45.41669327832894,2.006527342028701,41.483899687952686,49.3494868687052
2024,Florida,28,Phil Ehr,32,0,32,32
2024,Florida,28,Carlos A. Gimenez,45,0,45,45
2023,Rhode Island,1,Gabe Amo,46,0,46,46
2023,Rhode Island,1,Gerry Leonard,35,0,35,35
2023,Utah,2,Kathleen Riebe,34.28,0,34.28,34.28
2023,Utah,2,Celeste Maloy,42.8,0,42.8,42.8
2022,New Hampshire,1,Chris Pappas,48.291858638555546,2.165385657475872,44.04770274990284,52.53601452720825
2022,New Hampshire,1,Karoline Leavitt,48.703163029738725,2.398303069377643,44.00248901375855,53.4038370457189
2022,New Hampshire,2,Ann McLane Kuster,50.919905868425985,3.173254626159376,44.70032680115361,57.13948493569836
2022,New Hampshire,2,Robert Burns,43.744300141391086,1.9243495130707469,39.97257509577242,47.51602518700975
2022,Maine,1,Chellie Pingree,58.601972599885045,1.615542866722079,55.43550858110977,61.76843661866032
2022,Maine,1,Edwin Thelander,37.303353555120765,3.9610891718814227,29.539618778233176,45.06708833200835
2022,Maine,2,Jared Forrest Golden,44.64328564162338,1.5505738924253996,41.604160812469594,47.682410470777164
2022,Maine,2,Bruce Poliquin,42.136370968169615,2.69324849268489,36.85760392250723,47.415138013832
2022,Alaska,1,Mary S. Peltola,46.57593042645326,3.109699266990873,40.48091986315115,52.67094098975537
2022,Alaska,1,Sarah Palin,26.006658551895942,1.9284278075329273,22.226940049131404,29.78637705466048
2022,Alaska,1,Nick Begich,24.125605702363824,3.496694746686942,17.27208399885742,30.97912740587023
2022,Wyoming,1,Lynnette GreyBull,22.7,0,22.7,22.7
2022,Wyoming,1,Harriet Hageman,62.1,0,62.1,62.1
2022,Michigan,7,Elissa Slotkin,48.06229826569783,1.9592006843005523,44.222264924468746,51.90233160692691
2022,Michigan,7,Tom Barrett,45.91352036554906,3.388273853188212,39.27250361330017,52.554537117797956
2022,Virginia,7,Abigail A. Spanberger,46.99891246715473,0.03295982581238209,46.93431120856246,47.063513725747
2022,Virginia,7,Yesli I. Vega,46.99347480292837,0.19775895487429257,46.605867251374754,47.38108235448198
2022,Oregon,4,Val Hoyle,45.00026105060022,0.016154951340242966,44.96859734597334,45.0319247552271
2022,Oregon,4,Alek Skarlatos,44.99900046027999,0.06322309546670724,44.87508319316524,45.122917727394736
2022,Ohio,13,Emilia Sykes,45.99997740760236,0.015843687232924977,45.96892378062582,46.031031034578895
2022,Ohio,13,Madison Gesiotto Gilbert,44.00001084947642,0.0041145715995445555,43.99194628914131,44.008075409811525
2022,Maryland,1,Heather R. Mizeur,38.8,0,38.8,38.8
2022,Maryland,1,Andy Harris,45.1,0,45.1,45.1
2022,New York,22,Francis Conole,45.33048759594725,1.376591906146504,42.6323674599001,48.02860773199439
2022,New York,22,Brandon M. Williams,42.45162754373524,0.7279597964183883,41.0248263427552,43.878428744715286
2022,New York,19,Josh Riley,47.7139048477023,1.0282763399859003,45.69848322132994,49.72932647407467
2022,New York,19,Marcus Molinaro,49.697768650301285,4.513757255727226,40.85080442907592,58.54473287152665
2022,Pennsylvania,12,Summer Lee,54,0,54,54
2022,Pennsylvania,12,Mike Doyle,40,0,40,40
2022,California,49,Mike Levin,49,0,49,49
2022,California,49,Brian Maryott,43,0,43,43
2022,Nevada,1,Dina Titus,43.673091640674066,2.4288967948881637,38.91245392269327,48.433729358654865
2022,Nevada,1,Mark Robertson,51.23781305512739,3.0999490200687143,45.16191297579271,57.31371313446207
2022,Nevada,2,Elizabeth Mercedes Krause,33.4004851050266,0.03482136182884865,33.332235235842056,33.46873497421114
2022,Nevada,2,Mark E. Amodei,59.097535666464864,0.17689251809055118,58.75082633100738,59.44424500192235
2022,Nevada,3,Susie Lee,47.394657328413665,0.18151499705139726,47.03888793419293,47.7504267226344
2022,Nevada,3,April Becker,51.592567685365765,0.25724240920576114,51.08837256332247,52.09676280740906
2022,Nevada,4,Steven Horsford,50.786946180427684,0.32257108105452503,50.15470686156082,51.41918549929455
2022,Nevada,4,Sam Peters,47.49174793358126,0.2115458121269956,47.07711814181235,47.90637772535017
2022,New Mexico,2,Gabriel Vasquez,46.09056062872974,1.8916183127343387,42.38298873577044,49.79813252168904
2022,New Mexico,2,Yvette Herrell,48.59729534604071,4.0219337431246505,40.7143052095164,56.48028548256502
2022,New Mexico,1,Melanie Ann Stansbury,51.159142873981644,3.0480465601855604,45.18497161601795,57.13331413194534
2022,New Mexico,1,Michelle Garcia Holmes,42.34698782386356,0.33478544185644765,41.69080835782492,43.003167289902194
2022,New Mexico,3,Teresa Leger Fernandez,55.66079132179367,2.684890861822785,50.39840523262101,60.923177410966325
2022,New Mexico,3,Alexis Martinez Johnson,37.60133229784297,2.624893300664735,32.45654142854009,42.74612316714585
2022,Florida,13,Eric Lynn,45.594797363300394,0.6448396231462106,44.33091170193382,46.858683024666966
2022,Florida,13,Anna Paulina Luna,46.09065341668248,0.41730599287196174,45.27273367065343,46.90857316271153
2022,Connecticut,2,Joe Courtney,51,0,51,51
2022,Connecticut,2,Mike France,29,0,29,29
2022,Connecticut,4,Jim Himes,53,0,53,53
2022,Connecticut,4,Jayme Stevenson,37,0,37,37
2022,Connecticut,5,Jahana Hayes,46.672967086993175,1.8072055760924461,43.13084415785198,50.21509001613437
2022,Connecticut,5,George Logan,46.833289537562905,2.1312874488438207,42.65596613782902,51.01061293729679
2022,Florida,4,"LaShonda ""L.J."" Holloway",38,0,38,38
2022,Florida,4,Aaron Bean,50,0,50,50
2022,Vermont,1,Becca Balint,54.320649694181874,0.9268941990144739,52.50393706411351,56.13736232425024
2022,Vermont,1,Liam Madden,27.931167686060437,3.0896473300482463,21.875458919165872,33.986876452955
2022,Iowa,3,Cindy Axne,44.149380596786685,0.702706357695847,42.772076135702825,45.526685057870544
2022,Iowa,3,Zach Nunn,46.064005617724085,0.29196170934033694,45.491760667417026,46.636250568031144
2022,Rhode Island,2,Seth Magaziner,44.533739112571894,4.703445039262203,35.31498683561797,53.752491389525815
2022,Rhode Island,2,Allan W. Fung,46.863136753297965,1.6590905389754451,43.611319296906096,50.114954209689834
2022,North Carolina,13,Wiley Nickel,43.967752876896,0.3684666119436471,43.24555831748645,44.68994743630555
2022,North Carolina,13,Bo Hines,42.951667200653624,0.38588528395720967,42.19533204409749,43.70800235720976
2022,Kansas,3,Sharice Davids,54.99112286565958,0.29781292767458545,54.407409527417386,55.57483620390177
2022,Kansas,3,Amanda L. Adkins,41.00443856717021,0.14890646383729272,40.712581898049116,41.29629523629131
2022,Minnesota,1,Jeff Ettinger,37.658596564158245,0.8352837971668191,36.02144032171128,39.29575280660521
2022,Minnesota,1,Brad Finstad,46.010507819821605,0.14458639412408925,45.72711848733839,46.29389715230482
2022,South Dakota,1,Dusty Johnson,59,0,59,59
2022,Pennsylvania,8,Matt Cartwright,48.55172500921531,3.5367859274261915,41.619624591459974,55.48382542697065
2022,Pennsylvania,8,Jim Bognet,43.8893142257959,0.7846628167610641,42.35137510494422,45.42725334664758
2022,Maryland,6,David J. Trone,42.006723390400424,0.08172017145080546,41.846551854356846,42.166894926444
2022,Maryland,6,Neil C. Parrott,37.053787123203406,0.6537613716064435,35.77241483485478,38.335159411552034
2022,Maryland,2,C.A. Dutch Ruppersberger,43,0,43,43
2022,Maryland,2,Nicolee Ambrose,34,0,34,34
2022,Michigan,10,Carl J. Marlinga,41.00961278581413,3.8408965688687426,33.481455510831395,48.53777006079686
2022,Michigan,10,John James,42.81929421889317,1.0747615353113458,40.71276160968293,44.92582682810341
2022,Virginia,2,Elaine G. Luria,44.999997391373824,0.003956229297270187,44.992243181951174,45.007751600796475
2022,Virginia,2,Jen A. Kiggans,44.99999521751867,0.0072530870449953435,44.98577916691048,45.014211268126864
2022,Georgia,2,Sanford Bishop,47,0,47,47
2022,Georgia,2,Chris West,43.7,0,43.7,43.7
2022,Minnesota,2,Angie Craig,46.00124219213729,0.03611185657516923,45.93046295324996,46.07202143102462
2022,Minnesota,2,Tyler Kistner,45.001223730828826,0.03856006565354563,44.92564600214788,45.076801459509774
2022,Ohio,1,Greg Landsman,48.9999872219167,0.005055294584816933,48.99007884453046,49.009895599302936
2022,Ohio,1,Steve Chabot,46.00000638904166,0.0025276472924084664,45.99505220034854,46.00496057773478
2022,Colorado,8,Yadira Caraveo,43.993721251426294,0.12452715563237564,43.749648026386836,44.23779447646575
2022,Colorado,8,Barbara Kirkmeyer,45.99409486867956,0.10851447859603021,45.78140649063134,46.20678324672778
2022,Pennsylvania,7,Susan Wild,46.98406084636878,0.251997138686957,46.49014645454234,47.477975238195214
2022,Pennsylvania,7,Lisa Scheller,46.003984788407806,0.06299928467173925,45.8805061904512,46.12746338636441
2022,Texas,15,Michelle Vallejo,44.97676926830224,0.34002057525036644,44.31032894081152,45.64320959579296
2022,Texas,15,Monica De La Cruz,44.99535385366045,0.06800411505007328,44.862065788162305,45.12864191915859
2022,Montana,1,Monica Tranel,36.23357416789612,4.457235994870925,27.49739161794911,44.96975671784314
2022,Montana,1,Ryan K. Zinke,37.8677736304875,4.164543436107558,29.705268495716684,46.030278765258316
2022,Montana,2,Penny Ronning,14,0,14,14
2022,Montana,2,Matt Rosendale,40,0,40,40
2022,Virginia,10,Jennifer T. Wexton,43,0,43,43
2022,Virginia,10,Hung Cao,41,0,41,41
2022,New York,25,Joseph D. Morelle,43,0,43,43
2022,New York,25,La'Ron D. Singletary,39,0,39,39
2022,North Carolina,1,Don Davis,53.999258147498715,0.08170754045005604,53.83911136821661,54.15940492678082
2022,North Carolina,1,Sandy Smith,39,0,39,39
2022,New York,17,Sean Patrick Maloney,45.92840264824604,0.263920862532222,45.41111775768289,46.445687538809196
2022,New York,17,Mike Lawler,51.78520794473811,0.7917625875966661,50.23335327304865,53.33706261642757
2022,Kansas,2,Patrick Schmidt,42,0,42,42
2022,Kansas,2,Jake LaTurner,45,0,45,45
2022,Florida,27,Annette Taddeo,45.041191969412075,1.4506896477378233,42.19784025984594,47.88454367897821
2022,Florida,27,Maria Elvira Salazar,48.70416611600325,1.7763842949278548,45.222452897944656,52.185879334061845
2022,California,27,Christy Smith,46.80192582138439,0.744969321683894,45.34178595088395,48.26206569188482
2022,California,27,Mike Garcia,41.06605103383838,0.24866900732475394,40.57865977948186,41.553442288194894
2022,Colorado,3,Adam Frisch,44.98684063554055,0.19825469604869492,44.59826143128511,45.375419839795995
2022,Colorado,3,Lauren Boebert,45.89417802051014,2.568436838402459,40.86004181724132,50.92831422377896
2022,Oregon,6,Andrea Salinas,42.22303784131477,3.105079018448224,36.13708296515625,48.30899271747329
2022,Oregon,6,Mike Erickson,44.011548332843496,0.21816062567545647,43.5839535065196,44.439143159167394
2022,Illinois,10,Brad Schneider,47.8,0,47.8,47.8
2022,Illinois,10,Joseph Severino,40.8,0,40.8,40.8
2022,California,41,Will Rollins,43.98820275186958,0.24258323364307335,43.512739613929156,44.46366588981
2022,California,41,Ken Calvert,46.999999559656096,0.0016254424771437348,46.99681369240089,47.0031854269113
2022,Michigan,8,Daniel T. Kildee,43.98567702608921,0.11881845954706417,43.752792845376966,44.21856120680146
2022,Michigan,8,Paul Junge,44.92838513044607,0.5940922977353209,43.76396422688484,46.092806034007296
2022,New York,11,Max N. Rose,42.99745747392154,0.13338372505785215,42.73602537280815,43.258889575034935
2022,New York,11,Nicole Malliotakis,49.00072643602241,0.0381096357308149,48.926031549990014,49.07542132205481
2022,Delaware,1,Lisa Blunt Rochester,50,0,50,50
2022,Delaware,1,Lee Murphy,33,0,33,33
2022,Florida,1,Rebekah D. Jones,38.700002198574616,0.005567816972100168,38.6890892773093,38.71091511983993
2022,Florida,1,Matt Gaetz,40.50000104473885,0.002645694698746074,40.49481548312931,40.505186606348396
2022,New Jersey,7,Tom Malinowski,47.86829280392619,1.1400548353086106,45.63378532672131,50.10280028113107
2022,New Jersey,7,Thomas H. Kean Jr.,47.97365854601224,0.22801104310394082,47.526756901528515,48.42056019049596
2022,Illinois,17,Eric Sorensen,47,0,47,47
2022,Illinois,17,Esther Joy King,38,0,38,38
2022,North Dakota,1,Cara Mund,35.72696947822298,4.631534961034328,26.6491609545957,44.804778001850266
2022,North Dakota,1,Kelly Armstrong,46.34450467255087,2.8088674757703367,40.83912442004101,51.84988492506073
2022,Washington,3,Marie Gluesenkamp Perez,44.32949667390416,0.938041557500824,42.49093522120255,46.16805812660577
2022,Washington,3,Joe Kent,47.67050332609585,0.938041557500824,45.831941873394236,49.50906477879746
2022,Florida,15,Alan M. Cohn,37.895149316793336,4.876402871771135,28.337399688121913,47.45289894546476
2022,Florida,15,Laurel Lee,43.337089590076,2.925841723062681,37.60243981287314,49.07173936727885
2022,Pennsylvania,17,Chris Deluzio,48.933217090872326,0.6270707688713898,47.704158383884405,50.16227579786025
2022,Pennsylvania,17,Jeremy Shaffer,42.98983570623996,0.1061549826857491,42.781771940175894,43.19789947230402
2022,Florida,2,Al Lawson,42.99651588571903,0.10217731544028541,42.79624834745607,43.196783423981984
2022,Florida,2,Neal Dunn,48.99303177143806,0.20435463088057082,48.59249669491214,49.39356684796398
2022,California,26,Julia Brownley,47.8,0,47.8,47.8
2022,California,26,Matt Jacobs,43,0,43,43
2022,Florida,28,Robert Asencio,40,0,40,40
2022,Florida,28,Carlos A. Gimenez,50,0,50,50
2022,Utah,1,Rick Edwin Jones,32.21,0,32.21,32.21
2022,Utah,1,Blake D. Moore,61.66,0,61.66,61.66
2022,Utah,2,Nick Mitchell,30.91,0,30.91,30.91
2022,Utah,2,Chris Stewart,50.2,0,50.2,50.2
2022,Utah,3,Glenn J. Wright,26.79,0,26.79,26.79
2022,Utah,3,John Curtis,51.39,0,51.39,51.39
2022,Utah,4,Darlene McDonald,30.36,0,30.36,30.36
2022,Utah,4,Burgess Owens,57.14,0,57.14,57.14
2022,Pennsylvania,1,Ashley Ehasz,35.01250487228406,0.19328281098263525,34.6336705627581,35.391339181810025
2022,Pennsylvania,1,Brian Fitzpatrick,54.11167280298151,3.260993656761243,47.72012523572947,60.50322037023355
2022,Oregon,5,Jamie McLeod-Skinner,40.346934679088655,2.035918203907608,36.35653499942974,44.33733435874757
2022,Oregon,5,Lori Chavez-DeRemer,38.56175704875698,1.7467105551102378,35.138204360740914,41.98530973677305
2022,New York,3,Robert P. Zimmerman,42,0,42,42
2022,New York,3,George A.D. Santos,41,0,41,41
2022,New York,19,Pat Ryan,44.61170839819752,1.099973512645361,42.45576031341261,46.76765648298243
2022,Arizona,6,Kirsten Engel,49,0,49,49
2022,Arizona,6,Juan Ciscomani,47,0,47,47
2022,Wisconsin,3,Brad Pfaff,38.74424342258531,1.2499867446563058,36.294269403058955,41.19421744211167
2022,Wisconsin,3,Derrick Van Orden,47.66220394411915,2.649971898671367,42.468259022723274,52.856148865515024
2022,Arizona,1,Jevin Hodge,47,0,47,47
2022,Arizona,1,David Schweikert,47,0,47,47
2022,Tennessee,5,Heidi Campbell,51,0,51,51
2022,Tennessee,5,Andy Ogles,48,0,48,48
2022,Arizona,2,Tom O'Halleran,44,0,44,44
2022,Arizona,2,Eli Crane,45,0,45,45
2022,Arizona,4,Greg Stanton,46,0,46,46
2022,Arizona,4,Kelly Cooper,39,0,39,39
2022,Washington,8,Kim Schrier,47,0,47,47
2022,Washington,8,Matt Larkin,43,0,43,43
2022,Pennsylvania,10,Shamaine Daniels,44,0,44,44
2022,Pennsylvania,10,Scott Perry,41,0,41,41
2022,California,13,Adam Gray,41.027869448209714,4.904585832695346,31.414881216126837,50.64085768029259
2022,California,13,John Duarte,39.41672166892583,2.942751499617208,33.6489287296761,45.18451460817556
2022,Nebraska,2,Tony Vargas,46.062535058924695,0.6560522740357699,44.77667260181459,47.3483975160348
2022,Nebraska,2,Don Bacon,47.00860255594445,0.3489293263029536,46.32470107639066,47.69250403549824
2022,California,22,Rudy Salas,39.616190743317574,1.4439778187770154,36.785994218514624,42.446387268120525
2022,California,22,David G. Valadao,34.15404768582939,0.36099445469425384,33.446498554628654,34.861596817030126
2022,Minnesota,3,Dean Phillips,57,0,57,57
2022,Minnesota,3,Tom Weiler,36,0,36,36
2022,Texas,34,Vicente Gonzalez,47,0,47,47
2022,Texas,34,Mayra Flores,43,0,43,43
2022,Illinois,8,Raja Krishnamoorthi,45,0,45,45
2022,Illinois,8,Chris Dargis,39,0,39,39
2022,New York,2,Jackie Gordon,48,0,48,48
2022,New York,2,Andrew R. Garbarino,49,0,49,49
2022,Colorado,7,Brittany Pettersen,43.99999999999999,7.105427357601001e-15,43.99999999999998,44.00000000000001
2022,Colorado,7,Erik Aadland,41.244369135739625,0.42971253325624154,40.40213257055739,42.08660570092186
2022,New Jersey,3,Andy Kim,44,0,44,44
2022,New Jersey,3,Bob Healey,38,0,38,38
2022,Illinois,13,Nikki Budzinski,39,0,39,39
2022,Illinois,13,Regan Deering,36,0,36,36
2022,California,9,Josh Harder,38,0,38,38
2022,California,9,Tom Patti,38,0,38,38
2022,Iowa,2,Liz Mathis,43.99999445124942,0.0033312865936855835,43.993465129525795,44.00652377297305
2022,Iowa,2,Ashley Hinson,43.99999722562471,0.0016656432968427917,43.9967325647629,44.00326188648652
2022,California,40,Asif Mahmood,35,0,35,35
2022,California,40,Young Kim,51,0,51,51
2022,New Jersey,1,Donald Norcross,49,0,49,49
2022,New Jersey,1,Claire Gustafson,44,0,44,44
2022,Iowa,1,Christina Bohannan,38.00708756908004,0.16822616527974024,37.67736428513175,38.33681085302833
2022,Iowa,1,Mariannette Miller-Meeks,39.00708756908005,0.16822616527974024,38.67736428513176,39.33681085302834
2022,Ohio,9,Marcy Kaptur,47,0,47,47
2022,Ohio,9,J.R. Majewski,41.8,0,41.8,41.8
2022,North Carolina,6,Kathy Manning,48,0,48,48
2022,North Carolina,6,Christian Castelli,39,0,39,39
2022,Michigan,3,Hillary Scholten,44,0,44,44
2022,Michigan,3,John Gibbs,35,0,35,35
2022,Indiana,1,Frank J. Mrvan,47,0,47,47
2022,Indiana,1,Jennifer-Ruth Green,40,0,40,40
2022,North Carolina,11,Jasmine Beach-Ferrara,40,0,40,40
2022,North Carolina,11,Chuck Edwards,46,0,46,46
2022,New York,4,Laura A. Gillen,36,0,36,36
2022,New York,4,Anthony P. D'Esposito,48,0,48,48
2021,Ohio,15,Allison Russo,38.9,0,38.9,38.9
2021,Ohio,15,Mike Carey,50,0,50,50
2021,New Mexico,1,Melanie Ann Stansbury,49,0,49,49
2021,New Mexico,1,Mark David Moores,33,0,33,33
2020,Virginia,7,Abigail A. Spanberger,51.6,0,51.6,51.6
2020,Virginia,7,Nicholas J. Freitas,41.4,0,41.4,41.4
2020,Nebraska,2,Kara Eastman,47.020431287873244,1.1278473287962902,44.809850523432516,49.23101205231397
2020,Nebraska,2,Don Bacon,48.37949352959381,1.9295723378863998,44.59753174733647,52.16145531185115
2020,Missouri,2,Jill Schupp,46.042763706982875,0.371718984972246,45.314194496437274,46.771332917528476
2020,Missouri,2,Ann Wagner,46.0339796057311,0.427515901505488,45.19604843878034,46.87191077268186
2020,New York,24,Dana Balter,44.70913673764477,2.107790337840285,40.57786767547781,48.84040579981173
2020,New York,24,John Katko,44.310256427784196,1.399423588536741,41.56738619425219,47.053126661316206
2020,Indiana,5,Christina Hale,46.00211072611388,0.25462308775625214,45.50304947411162,46.50117197811613
2020,Indiana,5,Victoria Spartz,45.978215818480535,0.3571276856466125,45.27824555461317,46.6781860823479
2020,Arkansas,2,Joyce Ann Elliott,47.40104072801028,0.867900199993015,45.69995633602397,49.102125119996586
2020,Arkansas,2,French Hill,47.50267943220783,0.7773744254479904,45.97902555832977,49.02633330608589
2020,Maine,2,Jared Forrest Golden,54.64325191981156,2.1913091316064968,50.348286021862826,58.9382178177603
2020,Maine,2,Dale John Crafts,37.81143007813284,6.140317350010304,25.77640807211264,49.84645208415303
2020,Illinois,3,Marie Newman,55.394093298259925,0.9921223547946311,53.44953348286245,57.3386531136574
2020,Illinois,3,Mike Fricilone,32.331820043655206,1.2348756969252321,29.911463677681752,34.75217640962866
2020,Illinois,6,Sean Casten,54.69999999974785,6.585589422483606e-5,54.699870922195174,54.70012907730053
2020,Illinois,6,Jeanne M. Ives,40.50000000009529,2.4887401887292695e-5,40.499951220787594,40.50004877940299
2020,Illinois,17,Cheri Bustos,53.28589352643028,2.170728068491981,49.031266512185994,57.540520540674564
2020,Illinois,17,Esther Joy King,43.638018696737134,0.41824650262778584,42.818255551586674,44.457781841887595
2020,Oklahoma,5,Kendra Horn,46.537760549271994,1.8349058287780207,42.94134512486707,50.13417597367692
2020,Oklahoma,5,Stephanie Bice,47.47286207765454,0.7928346800740628,45.91890610470938,49.0268180505997
2020,Ohio,1,Kate Schroder,45.03867029304211,0.4360667257001595,44.18397951066979,45.893361075414425
2020,Ohio,1,Steve Chabot,46.992254469606706,0.0888320352171215,46.81814368058115,47.16636525863226
2020,North Carolina,9,Cynthia Lee Wallace,42.795112697166914,1.37778951620599,40.09464524540317,45.49558014893066
2020,North Carolina,9,Dan Bishop,44.67070910780152,2.2143565403014964,40.33057028881059,49.01084792679245
2020,New Mexico,1,Debra A. Haaland,58.00000000000001,7.105427357601002e-15,57.99999999999999,58.00000000000002
2020,New Mexico,1,Michelle Garcia Holmes,36.9263875447397,0.660496735792383,35.631813942586625,38.22096114689277
2020,New Mexico,2,Xochitl Torres Small,46.27695784238965,0.44749547028826947,45.399866720624644,47.154048964154654
2020,New Mexico,2,Yvette Herrell,47.538699970968054,0.8585687651093419,45.85590519135374,49.221494750582366
2020,New Mexico,3,Teresa Leger Fernandez,57.906958465004244,0.8577153098387013,56.22583645772039,59.5880804722881
2020,New Mexico,3,Alexis Martinez Johnson,35,0,35,35
2020,Florida,13,Charlie Crist,54.79999999999999,7.105427357601002e-15,54.799999999999976,54.800000000000004
2020,Florida,13,Anna Paulina Luna,38.6,0,38.6,38.6
2020,Alaska,1,Alyse S. Galvin,43.723794982424415,1.7684891724936591,40.257556204336844,47.19003376051199
2020,Alaska,1,Don Young,48.74450007272064,0.8403029739029162,47.097506243870924,50.39149390157036
2020,New Hampshire,1,Chris Pappas,49.377627109483534,2.0242360086747695,45.410124532480985,53.34512968648608
2020,New Hampshire,1,Matt Mowers,45.6457010474221,3.729039933892297,38.336782776993196,52.954619317851005
2020,New Hampshire,2,Ann McLane Kuster,51.849419273282535,1.8821535964792988,48.16039822418311,55.53844032238196
2020,New Hampshire,2,Steven Negron,40.517132117571855,1.9513110748300446,36.69256241090497,44.34170182423874
2020,Wyoming,1,Lynnette GreyBull,28,0,28,28
2020,Wyoming,1,Liz Cheney,58,0,58,58
2020,Arizona,6,Hiral Tipirneni,45.2574872726401,1.1412813292331023,43.02057586734322,47.49439867793698
2020,Arizona,6,David Schweikert,42.32797471251555,2.63094156500737,37.171329245101106,47.48462017992999
2020,New Jersey,2,Amy Kennedy,46.58174428922128,1.3889122691280855,43.85947624173023,49.304012336712326
2020,New Jersey,2,Jeff Van Drew,44.81345761040879,0.4497605277414837,43.931926976035484,45.694988244782095
2020,California,50,Ammar Campa-Najjar,40.38905258050516,0.9546462568170578,38.51794591714373,42.26015924386659
2020,California,50,Darrell E. Issa,49.58334979282267,3.218388376695667,43.275308574499164,55.89139101114618
2020,Maine,1,Chellie Pingree,57.439079462125285,1.3039064608068047,54.88342279894395,59.99473612530662
2020,Maine,1,Jay T. Allen,30.84874391037018,2.739432638027718,25.479455939835855,36.21803188090451
2020,Florida,15,Alan M. Cohn,41.74884528914916,1.8724922708019471,38.078760438377344,45.418930139920974
2020,Florida,15,Scott Franklin,46.88975193767869,1.9945303797169602,42.980472393433445,50.79903148192393
2020,Montana,1,Kathleen Williams,46.24026506423573,0.4749929397986747,45.309278902230325,47.17125122624113
2020,Montana,1,Matt Rosendale,47.84307678848061,1.5814771292753667,44.74338161510089,50.94277196186033
2020,Pennsylvania,7,Susan Wild,50.402277985963956,4.835814614083574,40.924081342360154,59.88047462956776
2020,Pennsylvania,7,Lisa Scheller,36.32760875149506,0.7270998591276311,34.902493027604905,37.75272447538522
2020,Virginia,5,Bryant Cameron Webb,46.051049142132655,0.5802853757501973,44.913689805662266,47.188408478603044
2020,Virginia,5,"Robert G. ""Bob"" Good",43.36151919476892,1.0892963294816276,41.22649838898493,45.496540000552905
2020,Texas,3,Helane Seikaly,43.911337817107814,0.5167385856147423,42.89853018930292,44.92414544491271
2020,Texas,3,Van Taylor,42.141455679629026,0.5593684910727121,41.04509343712651,43.23781792213154
2020,Florida,16,Margaret Good,39.194197199750946,2.8994429959970374,33.51128892759675,44.87710547190514
2020,Florida,16,Vern Buchanan,51.69742772330148,1.9173104439700102,47.93949925312026,55.4553561934827
2020,New York,11,Max N. Rose,46,0,46,46
2020,New York,11,Nicole Malliotakis,48,0,48,48
2020,Washington,3,Carolyn Long,46.97373516345016,0.4279766514774941,46.134900926554266,47.81256940034605
2020,Washington,3,Jaime Herrera Beutler,48.98123940246439,0.30569760819821007,48.382072090395894,49.580406714532884
2020,Colorado,3,Diane Mitsch Bush,44.13162300734551,0.4959046265446118,43.15964993931807,45.10359607537295
2020,Colorado,3,Lauren Boebert,43.06581150367276,0.2479523132723059,42.57982496965904,43.55179803768648
2020,Oklahoma,1,Kojo Asamoa-Caesar,29.8,0,29.8,29.8
2020,Oklahoma,1,Kevin Hern,58.8,0,58.8,58.8
2020,Iowa,1,Abby Finkenauer,53.1315821807763,2.6511084099046314,47.93540969736322,58.32775466418938
2020,Iowa,1,Ashley Hinson,44.08884151484021,0.330810980140281,43.44045199376526,44.737231035915165
2020,Iowa,2,Rita R. Hart,50.9704792804061,0.4903737629416928,50.009346705040386,51.93161185577182
2020,Iowa,2,Mariannette Miller-Meeks,42.01423479856453,0.3054523911991131,41.41554811181427,42.61292148531479
2020,Iowa,3,Cindy Axne,52.989332415703096,0.22255446660984882,52.553125661147796,53.425539170258396
2020,Iowa,3,David Young,42.000504199357955,0.03176157416900981,41.9382515139867,42.06275688472921
2020,Iowa,4,J.D. Scholten,41.68831626287137,4.509192468865527,32.850299023894934,50.5263335018478
2020,Iowa,4,Randy Feenstra,49.34050975320271,2.10742676393005,45.20995329589981,53.47106621050561
2020,Ohio,10,Desiree Tims,44.43381936732542,1.1738745202141265,42.13302530770573,46.73461342694511
2020,Ohio,10,Mike Turner,49,0,49,49
2020,California,53,Georgette Gómez,26.639520701416743,1.0427564184999778,24.595718121156786,28.6833232816767
2020,California,53,Sara Jacobs,39.75709287947249,0.7210849775471632,38.34376632348005,41.17041943546493
2020,North Carolina,11,Morris Durham Davis,45.115000081635415,0.4578315503567451,44.217650242936195,46.012349920334636
2020,North Carolina,11,David Madison Cawthorn,42.01877162719094,0.2733754465499375,41.48295575195306,42.55458750242882
2020,Virginia,2,Elaine G. Luria,49.99919777545343,0.04004754085976029,49.9207045953683,50.077690955538564
2020,Virginia,2,Scott W. Taylor,43.002005561366424,0.10011885214940072,42.8057726111536,43.19823851157925
2020,Michigan,3,Hillary Scholten,46.98954870813765,3.2956604611260096,40.53005420433067,53.44904321194463
2020,Michigan,3,Peter Meijer,43.87474026071045,3.3143086756488516,37.378695256438704,50.3707852649822
2020,Texas,6,Stephen Daniel,41.00000000000001,7.105427357601002e-15,40.99999999999999,41.00000000000002
2020,Texas,6,Ron Wright,45,0,45,45
2020,Utah,4,Ben McAdams,44.99580492477947,0.566041856704914,43.88636288563784,46.105246963921104
2020,Utah,4,Burgess Owens,45.561295373167205,1.6055218082506344,42.41447262899596,48.70811811733845
2020,South Carolina,1,Joe Cunningham,48.097943677960934,4.624090212096721,39.03472686225136,57.16116049367051
2020,South Carolina,1,Nancy Mace,45.451023095097284,2.312043130826938,40.91941855867648,49.982627631518085
2020,Ohio,12,Alaina Shearer,44,0,44,44
2020,Ohio,12,Troy Balderson,48,0,48,48
2020,Texas,7,Lizzie Fletcher,45.9999999254086,2.7311428303854424e-4,45.99946462141385,46.000535229403354
2020,Texas,7,Wesley P. Hunt,44.00000007459138,2.731142168030038e-4,43.99946477072644,44.00053537845631
2020,Pennsylvania,10,Eugene A. DePasquale,46.30153200461676,3.173935841786439,40.08061775471534,52.52244625451818
2020,Pennsylvania,10,Scott Perry,46.745149082562634,1.7801865995555495,43.255983347433755,50.23431481769151
2020,Pennsylvania,8,Matt Cartwright,48.003665923662226,0.0855476962177348,47.83599243907547,48.17133940824898
2020,Pennsylvania,8,Jim Bognet,42.99633407633777,0.0855476962177348,42.82866059175101,43.164007560924524
2020,Minnesota,2,Angie Craig,52.99333558296146,0.2308049433046707,52.5409578940843,53.44571327183861
2020,Minnesota,2,Tyler Kistner,35.00083305212982,0.028850617913083836,34.944285841020175,35.057380263239466
2020,California,4,Brynne S. Kennedy,44.99499222639244,0.12269140283218759,44.75451707684135,45.23546737594353
2020,California,4,Tom McClintock,48.993343112200925,0.16299311595990326,48.67387660491951,49.31280961948234
2020,California,39,Gil Cisneros,46.002920092651145,0.05395892613889936,45.8971605974189,46.10867958788339
2020,California,39,Young Kim,46.99415981469769,0.10791785227779366,46.78264082423321,47.205678805162165
2020,Florida,27,Donna E. Shalala,49.58606852921148,1.6759974126376718,46.301113600441646,52.871023457981316
2020,Florida,27,Maria Elvira Salazar,43.1437262051349,0.5819435460547469,42.00311685486759,44.2843355554022
2020,Texas,21,Wendy R. Davis,42.342724533681675,1.3349223028007349,39.72627682019223,44.95917224717112
2020,Texas,21,Chip Roy,46.98054166924584,0.1381293021716116,46.70980823698948,47.251275101502195
2020,Virginia,10,Jennifer T. Wexton,58,0,58,58
2020,Virginia,10,Aliscia Andrews,36,0,36,36
2020,California,49,Mike Levin,55.26726754595281,2.142948979587774,51.067087545960774,59.46744754594485
2020,California,49,Brian Maryott,36.104676064863874,0.30613556851253915,35.5046503505793,36.70470177914845
2020,Texas,10,Mike Siegel,44.53726893415387,0.9308207127963486,42.71286033707303,46.36167753123471
2020,Texas,10,Michael T. McCaul,46.56957833144086,0.8179967267022873,44.966304747104374,48.17285191577734
2020,Texas,22,Sri Kulkarni,47.67580067396245,0.9454307574032653,45.822756389452046,49.52884495847285
2020,Texas,22,Troy E. Nehls,43.24227220811668,0.5510246194074088,42.162263954078156,44.322280462155206
2020,New York,18,Sean Patrick Maloney,53,0,53,53
2020,New York,18,Chele Farley,35,0,35,35
2020,Florida,18,Pamela Michele Keith,43.746175274578384,1.4796613579418298,40.8460390130124,46.64631153614437
2020,Florida,18,Brian Mast,45.925591025983785,3.4525431685309362,39.15860641566315,52.69257563630442
2020,New York,1,Nancy Goroff,47.92811032248965,0.6817683902528623,46.59184427759404,49.26437636738526
2020,New York,1,Lee M. Zeldin,48.94882215456238,0.3585541291839517,48.246056061361834,49.65158824776292
2020,Pennsylvania,1,Christina M. Finello,45.19954941032781,3.0773409855418525,39.16796107866578,51.23113774198984
2020,Pennsylvania,1,Brian Fitzpatrick,46.90250386589264,1.6052605501429504,43.75619318761246,50.04881454417282
2020,North Carolina,8,Patricia Timmons-Goodson,43.92424907423103,1.4443154187918619,41.09339085339898,46.75510729506308
2020,North Carolina,8,Richard Hudson,42.71048632303524,0.9550776169316781,40.83853419384915,44.58243845222133
2020,California,25,Christy Smith,48.16591231335444,0.6219452883056483,46.94689954827537,49.38492507843351
2020,California,25,Mike Garcia,46.08983220762023,0.3634392960102031,45.377491187440235,46.80217322780023
2020,Illinois,13,Betsy Dirksen Londrigan,47.674514794997236,0.6946763143920763,46.312949218788766,49.036080371205706
2020,Illinois,13,Rodney Davis,44.272334721155936,2.2196755123071346,39.92177071703395,48.62289872527792
2020,Texas,23,Gina Ortiz Jones,41.98773150562888,0.11301429364905134,41.76622349007674,42.20923952118102
2020,Texas,23,Tony Gonzales,40.98767698461621,0.11179572778798208,40.76855735815176,41.206796611080655
2020,Florida,4,Donna Deegan,37.74241628623636,0.8705851563444963,36.03606937980115,39.44876319267158
2020,Florida,4,John H. Rutherford,57.354177606425,1.197054589973681,55.007950610076584,59.70040460277341
2020,California,1,Audrey Denney,44.999178417751985,0.05732062451414237,44.88682999370427,45.1115268417997
2020,California,1,Doug LaMalfa,48.99938381331399,0.04299046838560678,48.915122495278204,49.083645131349776
2020,New York,22,Anthony J. Brindisi,48,0,48,48
2020,New York,22,Claudia Tenney,39,0,39,39
2020,Florida,21,Lois Frankel,61,0,61,61
2020,Florida,21,Laura Loomer,33,0,33,33
2020,California,22,Phil Arballo,45.997059594069,0.10841115134949382,45.78457373742399,46.20954545071401
2020,California,22,Devin Nunes,50.99999999999999,7.105427357601001e-15,50.99999999999998,51.00000000000001
2020,Kansas,1,Kali Barnett,25,0,25,25
2020,Kansas,1,Tracey Mann,56,0,56,56
2020,Kansas,3,Sharice Davids,56,0,56,56
2020,Kansas,3,Amanda L. Adkins,36,0,36,36
2020,Kansas,4,Laura Lombard,37,0,37,37
2020,Kansas,4,Ron Estes,51,0,51,51
2020,Kansas,2,Michelle De La Isla,36.03549524338935,0.42202348331810297,35.208329216085865,36.86266127069283
2020,Kansas,2,Jake LaTurner,46.98366970883801,0.2069906977737507,46.57796794120146,47.38937147647456
2020,New York,23,Tracy Mitrano,39.989587198808515,0.14393462388983352,39.70747533598444,40.27169906163259
2020,New York,23,Thomas Reed,47.015619201787224,0.21590193583475029,46.59245140755112,47.43878699602333
2020,Delaware,1,Lisa Blunt Rochester,51,0,51,51
2020,Delaware,1,Lee Murphy,29,0,29,29
2020,Vermont,1,Peter Welch,56.61,0,56.61,56.61
2020,Vermont,1,Miriam Berry,17.58,0,17.58,17.58
2020,Utah,3,Devin D. Thorpe,20.4,0,20.4,20.4
2020,Utah,3,John Curtis,50.6,0,50.6,50.6
2020,Utah,2,Kael Weston,28.4,0,28.4,28.4
2020,Utah,2,Chris Stewart,47.8,0,47.8,47.8
2020,Utah,1,Darren Parry,22.4,0,22.4,22.4
2020,Utah,1,Blake D. Moore,48.6,0,48.6,48.6
2020,Minnesota,1,Dan Feehan,40.895557607176634,1.1365694707139542,38.66788144457728,43.123233769775986
2020,Minnesota,1,Jim Hagedorn,41.07087408008499,0.588672456237203,39.91707606586007,42.22467209430991
2020,California,21,TJ Cox,38,6.004208206841047e-8,37.99999988231752,38.00000011768248
2020,California,21,David G. Valadao,49.00000000000001,9.006312310261577e-8,48.99999982347629,49.00000017652373
2020,Texas,25,Julie Oliver,40.387057539081965,0.5685779907628395,39.2726446771868,41.501470400977134
2020,Texas,25,Roger Williams,48.803271918456105,4.283775142024627,40.40707264008783,57.199471196824376
2020,Pennsylvania,17,Conor Lamb,45.29676584414185,1.1814420369972554,42.98113945162723,47.612392236656476
2020,Pennsylvania,17,Richard Sean Parnell,43.821937168958144,0.7088958092370239,42.43250138285358,45.21137295506271
2020,Michigan,6,Jon Hoadley,39.94142265403633,0.07167147789505329,39.800946557362025,40.081898750710636
2020,Michigan,6,Fred Upton,40.306197592368015,4.792306895919517,30.91327607636576,49.69911910837027
2020,Washington,10,Marilyn Strickland,43,0,43,43
2020,Washington,10,Beth Doglio,22,0,22,22
2020,Texas,17,Rick Kennedy,42,0,42,42
2020,Texas,17,Peter Sessions,45,0,45,45
2020,Georgia,6,Lucy McBath,49.65058505347304,0.7594461213507976,48.16207065562547,51.139099451320604
2020,Georgia,6,Karen Handel,46.82531507027975,0.3797482733640372,46.08100845448624,47.56962168607326
2020,Minnesota,7,Collin Peterson,42,0,42,42
2020,Minnesota,7,Michelle Fischbach,52,0,52,52
2020,California,8,Christine Bubser,38,0,38,38
2020,California,8,Jay Obernolte,48,0,48,48
2020,New York,3,Thomas R. Suozzi,50,0,50,50
2020,New York,3,George A.D. Santos,39,0,39,39
2020,Texas,24,Candace Valenzuela,40.454210132995804,5.772615634544692,29.13988348928821,51.7685367767034
2020,Texas,24,Beth Van Duyne,37.847936377001666,2.4001951873940457,33.14355380970934,42.552318944293994
2020,Florida,26,Debbie Mucarsel-Powell,42,0,42,42
2020,Florida,26,Carlos A. Gimenez,47,0,47,47
2020,New Jersey,3,Andy Kim,45,0,45,45
2020,New Jersey,3,David Richter,42,0,42,42
2020,Kentucky,6,Joshua D. Hicks,50,0,50,50
2020,Kentucky,6,Andy Barr,48,0,48,48
2020,Michigan,2,Bryan Berghoef,31.5,0,31.5,31.5
2020,Michigan,2,Bill Huizenga,48.5,0,48.5,48.5
2020,Wisconsin,1,Roger Polack,39,0,39,39
2020,Wisconsin,1,Bryan Steil,49,0,49,49
2020,Pennsylvania,16,Kristy Marie Gnibus,40,0,40,40
2020,Pennsylvania,16,Mike Kelly,48,0,48,48
2020,Georgia,7,Carolyn Bourdeaux,42,0,42,42
2020,Georgia,7,Rich McCormick,39,0,39,39
2020,New Jersey,7,Tom Malinowski,38.00000000314339,1.1213194539550339e-4,37.99978022453042,38.000219781756364
2020,New Jersey,7,Thomas H. Kean Jr.,39.000000003929244,1.4016493174437924e-4,38.99972528066303,39.00027472719546
2019,North Carolina,9,Daniel Kent McCready,45.47654691108717,2.033122383084835,41.49162704024089,49.461466781933446
2019,North Carolina,9,Dan Bishop,44.528607019188904,0.8849625670221083,42.794080387825574,46.263133650552234
2019,North Carolina,3,Allen Morris Thomas,40,0,40,40
2019,North Carolina,3,Greg Murphy,51,0,51,51
2020,California,48,Harley Rouda,42,0,42,42
2020,California,48,Michelle Steel,42,0,42,42
2020,Illinois,14,Lauren Underwood,47,0,47,47
2020,Illinois,14,James D. Oberweis,38,0,38,38
2018,Florida,15,Kristen Carlson,43.80304575144187,1.5987198416330581,40.66955486184108,46.936536641042665
2018,Florida,15,Ross Spano,45.89841838607288,1.0684098056217914,43.80433516705417,47.9925016050916
2018,South Dakota,1,Tim Bjorkman,37.703521580942834,3.4107980551178887,31.01835739291177,44.38868576897389
2018,South Dakota,1,Dusty Johnson,53.000379977891974,1.4168219638536674,50.223408928738785,55.777351027045164
2018,Wyoming,1,Greg Hunter,28,0,28,28
2018,Wyoming,1,Liz Cheney,55,0,55,55
2018,Montana,1,Kathleen Williams,45.296534624106094,2.3389815712154163,40.712130744523876,49.88093850368831
2018,Montana,1,Greg Gianforte,49.09760252461498,2.8034717314661877,43.60279793094125,54.592407118288705
2018,Georgia,6,Lucy McBath,47.32188076541769,2.0016597905235622,43.398627575991505,51.24513395484387
2018,Georgia,6,Karen Handel,45.38968989834703,1.695415202862203,42.06667610073711,48.71270369595695
2018,North Carolina,13,Kathy Manning,42.22965121727415,1.0797507786847171,40.113339691052104,44.3459627434962
2018,North Carolina,13,Ted Budd,43.88845818987873,1.4352743290496737,41.075320504941374,46.70159587481609
2018,Virginia,2,Elaine G. Luria,44.450012809263164,2.3358857713882433,39.87167669734221,49.02834892118412
2018,Virginia,2,Scott W. Taylor,46.91762111251887,1.6907888893935143,43.603674889307584,50.23156733573016
2018,Michigan,6,Matt Longjohn,42.82830879388756,1.219498577302544,40.438091582374575,45.21852600540054
2018,Michigan,6,Fred Upton,43.40215665488615,3.4484664556900624,36.643162401733626,50.16115090803867
2018,Michigan,8,Elissa Slotkin,47.79494232365853,1.7296122282690276,44.404902356251235,51.18498229106583
2018,Michigan,8,Mike Bishop,44.104690151509246,2.109962617842561,39.969163420537825,48.24021688248067
2018,Ohio,4,Janet Garrett,36,0,36,36
2018,Ohio,4,Jim Jordan,60,0,60,60
2018,Ohio,1,Aftab Pureval,42.19122093751215,1.6598977387876668,38.93782136948832,45.44462050553598
2018,Ohio,1,Steve Chabot,48.37283758634746,1.4030710823234869,45.62281826499343,51.12285690770149
2018,New York,19,Antonio Delgado,44.57706871757178,2.2105999427396386,40.244292829802085,48.90984460534147
2018,New York,19,John J. Faso,42.9754592032504,1.1966914092465264,40.62994404112721,45.320974365373594
2018,New York,22,Anthony J. Brindisi,44.94522572605539,0.8790382807830386,43.22231069572064,46.668140756390144
2018,New York,22,Claudia Tenney,45.989562949565524,1.120276567562521,43.793820877142984,48.185305021988064
2018,Kentucky,6,Amy McGrath,44.46502308664129,1.4404724193788072,41.64169714465883,47.28834902862375
2018,Kentucky,6,Andy Barr,44.68455471738651,0.9765706221753698,42.770476297922784,46.59863313685024
2018,New Hampshire,1,Chris Pappas,48.659400539313296,4.0792314064659445,40.66410698264004,56.65469409598655
2018,New Hampshire,1,Eddie Edwards,41.09176618901232,4.2162931690888135,32.827831577598246,49.35570080042639
2018,New Hampshire,2,Ann McLane Kuster,52.908881444044304,3.2958859095421853,46.44894506134162,59.36881782674699
2018,New Hampshire,2,Steven Negron,35.120775220574636,5.420764031649509,24.4960777185416,45.74547272260767
2018,Nevada,1,Dina Titus,57.404779041755674,2.539659268031665,52.42704687641361,62.382511207097735
2018,Nevada,1,Joyce Bentley,27.38267482056446,2.6023669042793625,22.28203568817691,32.48331395295201
2018,Nevada,2,Clint Koble,34.69990668493261,6.379774371158496,22.195548917461956,47.20426445240326
2018,Nevada,2,Mark E. Amodei,53.84380627834211,10.602137119219917,33.06361752467107,74.62399503201314
2018,Nevada,3,Susie Lee,49.481302380601456,3.1342657941530097,43.338141424061554,55.62446333714136
2018,Nevada,3,Danny Tarkanian,41.1288005771155,0.7598220107037595,39.63954943613613,42.61805171809487
2018,Nevada,4,Steven Horsford,46.039015923513205,4.403048602613192,37.40904066239135,54.66899118463506
2018,Nevada,4,Cresent Hardy,42.87416442801301,3.242665663739637,36.51853972708332,49.2297891289427
2018,Illinois,14,Lauren Underwood,47.91385968967095,1.9717136671896018,44.04930090197933,51.77841847736257
2018,Illinois,14,Randy Hultgren,43.88772347063689,1.2971791327042428,41.34525237053658,46.43019457073721
2018,Iowa,4,J.D. Scholten,41.35982395692838,2.9928385644724305,35.493860370562416,47.225787543294345
2018,Iowa,4,Steve King,48.563403021370966,2.574811847416121,43.51677180043537,53.61003424230656
2018,Virginia,7,Abigail A. Spanberger,44.76863484783766,1.0322036393516558,42.74551571470842,46.7917539809669
2018,Virginia,7,David Brat,45.55636883457484,0.47550109677289826,44.62438668489996,46.48835098424972
2018,Washington,8,Kim Schrier,46.737062173019574,2.321093820234718,42.18771828535952,51.286406060679624
2018,Washington,8,Dino Rossi,45.07561609450721,1.171078792309048,42.780301661581476,47.37093052743295
2018,Texas,32,Colin Allred,45.89382134130052,0.26323463626091814,45.377881454229126,46.40976122837192
2018,Texas,32,Peter Sessions,42.15266187328882,1.3757576204464832,39.45617693721371,44.84914680936393
2018,California,48,Harley Rouda,45.1599936885223,2.4920928201804404,40.275491760968634,50.04449561607596
2018,California,48,Dana Rohrabacher,47.24145440658578,2.7290691339343076,41.89247890407454,52.590429909097026
2018,Wisconsin,6,Dan Kohl,38.14496126315733,7.120659558493894,24.188468528509297,52.10145399780536
2018,Wisconsin,6,Glenn Grothman,57.22702840701796,5.221817009562189,46.99226706827607,67.46178974575986
2018,Colorado,3,Diane Mitsch Bush,39.9444075041367,1.4326555658171969,37.136402595134996,42.7524124131384
2018,Colorado,3,Scott Tipton,48.463049157014375,3.3428629869067925,41.91103770267706,55.015060611351686
2018,Arizona,1,Tom O'Halleran,46.13783451503748,3.4668505904293543,39.34280735779595,52.93286167227902
2018,Arizona,1,Wendy J. Rogers,45.15363147402484,1.1223601420144782,42.953805595676464,47.35345735237322
2018,Ohio,7,Ken Harbaugh,37.93361777091738,2.7693682935674477,32.50565591552518,43.36157962630958
2018,Ohio,7,Bob Gibbs,52.852972085557845,2.9261034631324536,47.11780929781823,58.588134873297456
2018,Vermont,1,Peter Welch,64.45150380215742,3.8256525850546783,56.95322473545025,71.94978286886459
2018,Vermont,1,Anya Tynio,26.592276183779465,3.4778659864133443,19.77565885040931,33.40889351714962
2018,California,49,Mike Levin,51.82618376757551,1.4060938301493677,49.070239860482744,54.58212767466827
2018,California,49,Diane L. Harkey,42.04018058806276,2.490982908829993,37.157854086755975,46.922507089369546
2018,Iowa,1,Abby Finkenauer,48.74468334550697,3.71238351218996,41.46841166161465,56.02095502939929
2018,Iowa,1,Rod Blum,40.27328890737949,1.3053727480672206,37.714758321167736,42.83181949359124
2018,Iowa,2,Dave Loebsack,52.35610503961752,1.435772741676038,49.541990465932486,55.17021961330255
2018,Iowa,2,Christopher Peters,39.41483232304135,2.154037844587251,35.19291814765034,43.636746498432366
2018,Iowa,3,Cindy Axne,44.531841663679536,1.615418507172732,41.36562138962098,47.69806193773809
2018,Iowa,3,David Young,43.17948774044274,1.7421375296397812,39.764898182348766,46.59407729853671
2018,California,45,Katie Porter,47.69486213053716,0.9664944232984017,45.80053306087229,49.58919120020203
2018,California,45,Mimi Walters,46.61668825930742,1.4284134755672642,43.81699784719559,49.41637867141926
2018,New Mexico,1,Debra A. Haaland,50.69498793565496,0.6955604537922354,49.33168944622218,52.058286425087736
2018,New Mexico,1,Janice E. Arnold-Jones,40.2999316407984,2.276627355745107,35.83774202353799,44.762121258058805
2018,New Mexico,2,Xochitl Torres Small,44.78776256247052,1.6179540132591355,41.61657269648261,47.958952428458424
2018,New Mexico,2,Yvette Herrell,46.0613726546745,1.035492761822661,44.03180684150208,48.09093846784692
2018,New Jersey,7,Tom Malinowski,47.142439684280156,0.5119112870364356,46.13909356168874,48.14578580687157
2018,New Jersey,7,Leonard Lance,41.398166012351375,2.2683731571733796,36.95215462429155,45.8441774004112
2018,West Virginia,1,Kendra Fershee,31.538996948792484,2.835169060634097,25.982065589949656,37.09592830763531
2018,West Virginia,1,David B. McKinley,57.02431900599542,2.313119057054619,52.49060565416837,61.558032357822476
2018,West Virginia,2,Talley Sergent,38.99345454251548,2.5015508356610203,34.09041490461988,43.89649418041108
2018,West Virginia,2,Alexander X. Mooney,46.42702750227957,2.2958519166166833,41.92715774571087,50.92689725884827
2018,West Virginia,3,Richard Neece Ojeda,43.58235838665581,1.8371574219082876,39.98152983971557,47.183186933596055
2018,West Virginia,3,Carol Miller,49.39061795859428,3.594041127728015,42.34629734824737,56.434938568941185
2018,Pennsylvania,16,Ronald A. DiNicola,48.645964477523414,3.6896205024181428,41.41430829278386,55.87762066226297
2018,Pennsylvania,16,Mike Kelly,47.885617592480195,1.3727133747123443,45.195099378044,50.57613580691639
2018,New York,25,Joseph D. Morelle,49.46526811091243,1.7231069493085098,46.08797849026775,52.842557731557115
2018,New York,25,Jim Maxwell,38.82363831719897,1.4434436964106103,35.994488672234176,41.652787962163764
2018,New York,27,Nate McMurray,40.874313805943025,3.0651372202971636,34.86664485416058,46.88198275772547
2018,New York,27,Chris Collins,44.44139558177904,1.0082511504198857,42.465223326956064,46.41756783660202
2018,Kansas,2,Paul Davis,41.79621351822688,1.7373577598695396,38.39099230888258,45.201434727571176
2018,Kansas,2,Steve Watkins,41.621120631342734,5.095489850170324,31.6339605250089,51.608280737676566
2018,North Dakota,1,Mac Schneider,33.420494709134886,0.936859161140314,31.58425075329987,35.2567386649699
2018,North Dakota,1,Kelly Armstrong,54.800978375651354,1.4434515358454443,51.97181336539428,57.630143385908426
2018,North Carolina,9,Daniel Kent McCready,44.019091040328185,0.6588789685421623,42.72768826198555,45.31049381867082
2018,North Carolina,9,Mark Harris,45.06580620284475,1.4847007370708765,42.15579275818583,47.97581964750366
2018,Oklahoma,5,Kendra Horn,36.532960874628,0.9299295390693835,34.71029897805201,38.355622771204
2018,Oklahoma,5,Steve Russell,49.253747478308604,1.1166229341500082,47.065166527374586,51.44232842924262
2018,New Mexico,3,Ben Ray Luján,55.632212510321544,1.5455334196010924,52.6029670079034,58.661458012739686
2018,New Mexico,3,Jerald Steve McFall,35.12095844168973,2.2435616378344707,30.72357763153417,39.51833925184529
2018,Pennsylvania,8,Matt Cartwright,55.19242628339382,2.2546990552521806,50.773216135099545,59.6116364316881
2018,Pennsylvania,8,John Chrin,39.913925061114,0.10736662167867476,39.703486482623795,40.124363639604205
2018,New York,1,Perry Gershon,39.156361798729684,3.2514567999176993,32.78350647089099,45.529217126568376
2018,New York,1,Lee M. Zeldin,50.98814898980547,1.4139132434667057,48.21687903261072,53.75941894700021
2018,Florida,18,Lauren Baer,44.06449183596194,0.3775165086018035,43.324559479102405,44.80442419282147
2018,Florida,18,Brian Mast,52.05425554897407,2.0361836460401417,48.06333560273539,56.045175495212746
2018,Illinois,16,Sara Dady,41,0,41,41
2018,Illinois,16,Adam Kinzinger,55,0,55,55
2018,Ohio,2,Jill Schiller,39,0,39,39
2018,Ohio,2,Brad Wenstrup,52,0,52,52
2018,Michigan,1,Matt Morgan,42,0,42,42
2018,Michigan,1,Jack Bergman,54,0,54,54
2018,Indiana,5,Dee Thornton,44,0,44,44
2018,Indiana,5,Susan W. Brooks,50,0,50,50
2018,Indiana,9,Liz Watson,45,0,45,45
2018,Indiana,9,Trey Hollingsworth,52,0,52,52
2018,Maine,1,Chellie Pingree,55.92535286349004,0.8328150650863502,54.29303533592079,57.55767039105929
2018,Maine,1,Mark Holbrook,30.843058779137163,0.47589432290648553,29.910305906240453,31.775811652033873
2018,Maine,2,Jared Forrest Golden,44.651631140433054,3.3726953612277906,38.041148232426586,51.26211404843952
2018,Maine,2,Bruce Poliquin,43.53265390329682,2.6742072146930105,38.291207762498516,48.77410004409512
2018,Pennsylvania,1,Scott Wallace,46.6469024107028,1.8234701941598304,43.072900830149536,50.220903991256066
2018,Pennsylvania,1,Brian Fitzpatrick,46.50309511512493,2.29012331431545,42.01445341906665,50.99173681118321
2018,Alaska,1,Alyse S. Galvin,46.904551437729786,2.3953648557491976,42.20963632046136,51.599466554998216
2018,Alaska,1,Don Young,48.30335196607191,1.420425694196028,45.519317605447696,51.08738632669612
2018,California,50,Ammar Campa-Najjar,44.66645202449081,1.668232290252609,41.396716735595696,47.93618731338592
2018,California,50,Duncan Hunter,48.15701550179805,1.2912665766357656,45.626133011591946,50.68789799200415
2018,Kansas,1,Alan LaPolice,32.757888741111984,5.916471016935599,21.16160554791821,44.354171934305754
2018,Kansas,1,Roger Marshall,51.94940856788037,5.4912211895645155,41.18661503633392,62.71220209942682
2018,Kansas,3,Sharice Davids,51.645648580585814,4.241200014441854,43.33289655227978,59.95840060889185
2018,Kansas,3,Kevin Yoder,41.21253564575122,1.899078475181841,37.49034183439481,44.93472945710762
2018,Kansas,4,James A. Thompson,32.68149342842316,1.9779109847499483,28.80478789831326,36.558198958533055
2018,Kansas,4,Ron Estes,61.92120047984114,3.7428474636716804,54.585219451044644,69.25718150863763
2018,California,25,Katie Hill,44.35050446176415,1.3489022623225408,41.70665602761197,46.994352895916336
2018,California,25,Stephen Knight,48.23051352795702,0.5612747209719303,47.13041507485204,49.330611981062006
2018,Florida,27,Donna E. Shalala,45.60570627113012,2.772237568538721,40.172120636794226,51.03929190546601
2018,Florida,27,Maria Elvira Salazar,39.22067516031122,2.8368255072589768,33.66049716608362,44.78085315453881
2018,Virginia,10,Jennifer T. Wexton,52.86333897934083,2.8335456847466567,47.309589437237385,58.41708852144428
2018,Virginia,10,Barbara J. Comstock,42.670991453643715,1.4912791742269484,39.7480842721589,45.59389863512853
2018,North Carolina,2,Linda Coleman,40.101752221658955,0.6451922291532048,38.83717545251867,41.36632899079924
2018,North Carolina,2,George Holding,48.85718048777977,0.9038263216537353,47.08568089733845,50.628680078221095
2018,Pennsylvania,7,Susan Wild,48.55950482887447,0.5616958341058723,47.45858099402697,49.66042866372198
2018,Pennsylvania,7,Martin W. Nothstein,39.01944125966736,1.8392048906060567,35.41459967407949,42.62428284525523
2018,New York,11,Max N. Rose,40.47469812434562,0.15021866504025091,40.18026954086673,40.76912670782451
2018,New York,11,Dan Donovan,43.83286308865368,0.32261726720053874,43.20053324494062,44.46519293236674
2018,Pennsylvania,13,Brent Ottaway,36,0,36,36
2018,Pennsylvania,13,John Joyce,57,0,57,57
2018,Utah,4,Ben McAdams,46.858053623175756,1.8786474352234994,43.175904650137696,50.54020259621382
2018,Utah,4,Mia B. Love,44.68068345389553,1.2656202725741446,42.20006771965021,47.16129918814086
2018,Pennsylvania,10,George B. Scott,43.95434827860723,1.3751383542306082,41.25907710431524,46.649619452899216
2018,Pennsylvania,10,Scott Perry,45.96944206876262,2.0371931792545492,41.9765434374237,49.962340700101535
2018,Illinois,6,Sean Casten,45.79621109239042,0.8836254989467042,44.06430511445488,47.52811707032596
2018,Illinois,6,Peter J. Roskam,44.38257621246261,0.13614903121702962,44.11572411127723,44.64942831364799
2018,Nebraska,1,Jessica McClure,39,0,39,39
2018,Nebraska,1,Jeff Fortenberry,55,0,55,55
2018,Nebraska,2,Kara Eastman,43.86970211295755,1.8618953501018098,40.220387226758,47.519016999157095
2018,Nebraska,2,Don Bacon,51.144465976836365,1.2196607424411279,48.75393092165176,53.53500103202097
2018,Pennsylvania,9,Denny Wolff,36,0,36,36
2018,Pennsylvania,9,Dan Meuser,57,0,57,57
2018,New Jersey,3,Andy Kim,45.373740949825965,2.2787678920328274,40.907355881441624,49.840126018210306
2018,New Jersey,3,Tom MacArthur,44.94531633893575,1.6908598452742076,41.6312310421983,48.25940163567319
2018,California,10,Josh Harder,47.472463801494754,0.6973998548330804,46.10556008602192,48.83936751696759
2018,California,10,Jeff Denham,44.92585754310983,0.03207662878379548,44.86298735069359,44.98872773552607
2018,Illinois,13,Betsy Dirksen Londrigan,41.415080858342286,2.3569545455231653,36.79544994911688,46.03471176756769
2018,Illinois,13,Rodney Davis,46.661773653842154,1.3260500012222207,44.0627156514466,49.260831656237706
2018,Texas,7,Lizzie Fletcher,44.90170786568134,0.37761532897232664,44.16158182089558,45.6418339104671
2018,Texas,7,John Abney Culberson,45.819402299672845,0.611699871625466,44.62047055128693,47.01833404805876
2018,New York,23,Tracy Mitrano,47,0,47,47
2018,New York,23,Thomas Reed,49,0,49,49
2018,Florida,26,Debbie Mucarsel-Powell,45.24491939711942,1.4852128199228063,42.333902270070716,48.15593652416812
2018,Florida,26,Carlos Curbelo,44.858163573707536,1.4642137469011547,41.988304629781275,47.728022517633796
2018,California,39,Gil Cisneros,46.97701394174382,1.2690893895520614,44.48959873822178,49.46442914526586
2018,California,39,Young Kim,46.32791673541408,1.050718495864207,44.268508483520236,48.38732498730792
2018,New Jersey,2,Jeff Van Drew,55.09392564763139,0.023885926403695558,55.04710923188014,55.14074206338263
2018,New Jersey,2,Seth Grossman,37.72946450551494,1.4570415106254087,34.87366314468914,40.58526586634074
2018,Pennsylvania,11,Jess King,45.50088447986842,2.2893567697087396,41.01374521123929,49.98802374849755
2018,Pennsylvania,11,Lloyd K. Smucker,49.72775517083732,1.248740056204767,47.28022466067598,52.17528568099866
2018,Ohio,12,Danny O'Connor,45.5216930772767,1.7751531869794142,42.04239283079705,49.000993323756354
2018,Ohio,12,Troy Balderson,47.3412025986803,1.2364805044297806,44.917700809997925,49.76470438736267
2018,Illinois,12,Brendan Kelly,40.35100344812729,2.002827544575226,36.42546146075984,44.27654543549473
2018,Illinois,12,Mike Bost,47.13874950990298,1.5903681688690874,44.02162789891957,50.25587112088639
2018,New York,24,Dana Balter,39.007845075671725,0.25039780382725296,38.51706538017031,39.49862477117314
2018,New York,24,John Katko,53.00020497663307,0.32874720546931474,52.355860453913216,53.64454949935293
2018,Virginia,5,Leslie Cockburn,45.62,0,45.62,45.62
2018,Virginia,5,Denver Riggleman,44.59,0,44.59,44.59
2018,Wisconsin,1,Randy Bryce,44.63489681747739,0.5870580700121264,43.48426300025362,45.78553063470116
2018,Wisconsin,1,Bryan Steil,44.98885563297398,1.789433928359294,41.481565133389765,48.496146132558195
2018,California,22,Andrew Janz,44.815760113289194,1.9649329430869196,40.96449154483883,48.66702868173956
2018,California,22,Devin Nunes,51.94668333289759,1.5784180679004554,48.8529839198127,55.040382745982484
2018,Florida,1,Jennifer M. Zimmerman,24.8,0,24.8,24.8
2018,Florida,1,Matt Gaetz,55.5,0,55.5,55.5
2018,Texas,21,Joseph Kopser,37.99634323903585,0.20234216292622356,37.59975259970045,38.39293387837125
2018,Texas,21,Chip Roy,49.99441690959939,0.3089331237534307,49.388907987042664,50.59992583215611
2018,Minnesota,1,Dan Feehan,46.891952695453725,1.2251481721115187,44.490662278115146,49.293243112792304
2018,Minnesota,1,Jim Hagedorn,45.0154353292209,0.17502116744450266,44.672393841029674,45.358476817412125
2018,Washington,3,Carolyn Long,41.51949567609764,1.7696546346083228,38.050972592265325,44.98801875992996
2018,Washington,3,Jaime Herrera Beutler,46.63911569240468,1.850452653806627,43.01222849094369,50.26600289386567
2018,Arkansas,2,Clarke Tucker,39.535642122709,0.18540433507106963,39.172249625969705,39.899034619448294
2018,Arkansas,2,French Hill,51.42871615533739,0.37080361353605956,50.70194107280671,52.15549123786807
2018,Texas,23,Gina Ortiz Jones,36.915357722704954,2.8546186462199135,31.320305176113923,42.51041026929598
2018,Texas,23,Will Hurd,53.19334694011904,0.8110485274492406,51.60369182631853,54.78300205391955
2018,Georgia,7,Carolyn Bourdeaux,41.74795970386151,3.515378249914841,34.85781833402842,48.6381010736946
2018,Georgia,7,Rob Woodall,50.12993674726846,3.208723522547946,43.840838643074484,56.419034851462435
2018,Michigan,11,Haley Stevens,43.595940942269735,4.201163234088084,35.36166100345709,51.83022088108238
2018,Michigan,11,Lena Epstein,39.14650483866954,5.733551276793202,27.908744336154868,50.38426534118422
2018,Colorado,6,Jason Crow,46.97790411363875,1.1693711258532158,44.685936706966444,49.26987152031106
2018,Colorado,6,Mike Coffman,38.32929018836055,1.4336521817392978,35.51933191215153,41.139248464569576
2018,New Jersey,11,Mikie Sherrill,48.369521620012044,0.8176308844154772,46.76696508655771,49.97207815346638
2018,New Jersey,11,Jay Webber,40.12832606562053,2.525968902243893,35.1774270172225,45.079225114018556
2018,Utah,2,Shireen Ghorbani,29.09427665675967,0.7437278617080435,27.636570047811905,30.551983265707438
2018,Utah,2,Chris Stewart,51.833676320498135,1.0341036030536122,49.80683325851305,53.86051938248322
2018,California,4,Jessica Morse,45,0,45,45
2018,California,4,Tom McClintock,49,0,49,49
2018,Georgia,3,Chuck Enderlin,26,0,26,26
2018,Georgia,3,Drew Ferguson,56,0,56,56
2018,New Jersey,5,Josh Gottheimer,46.68084798972041,1.8462974049188152,43.06210507607953,50.29959090336129
2018,New Jersey,5,John McCann,38.02901381911633,0.1678452186289832,37.700037190603524,38.357990447629135
2018,Arizona,6,Anita Malik,35.96,0,35.96,35.96
2018,Arizona,6,David Schweikert,49.97,0,49.97,49.97
2018,Michigan,2,Rob Davidson,41.98800254758546,0.4096588763095012,41.185071150018835,42.790933945152084
2018,Michigan,2,Bill Huizenga,48.00171392177351,0.05852269661564303,47.88700943640685,48.116418407140166
2018,Minnesota,8,Joe Radinovich,35.54506765695505,4.3304657045764205,27.05735487598526,44.032780437924835
2018,Minnesota,8,Pete Stauber,48.15377058870633,2.116507762765734,44.005415373685494,52.302125803727165
2018,Minnesota,2,Angie Craig,49.79388572101965,3.0097768059852315,43.8947231812886,55.6930482607507
2018,Minnesota,2,Jason Lewis,42.73572573018341,2.3288436968454205,38.17119208436639,47.30025937600043
2018,Oregon,2,Jamie McLeod-Skinner,40,0,40,40
2018,Oregon,2,Greg Walden,49,0,49,49
2018,Utah,1,Lee Castillo,20.0563171409449,0.7259662086712901,18.63342337194917,21.479210909940626
2018,Utah,1,Rob Bishop,52.41679626681388,1.6947385329305586,49.095108742269986,55.73848379135778
2018,Utah,3,James Singer,13.472924428853558,1.6512226619293855,10.236528011471963,16.709320846235155
2018,Utah,3,John Curtis,66.6353022021919,1.9558073347956462,62.80191982599243,70.46868457839136
2018,Oregon,5,Kurt Schrader,33,0,33,33
2018,Oregon,5,Mark Callahan,56,0,56,56
2018,Pennsylvania,17,Conor Lamb,53.99749105622721,0.05002648272602126,53.89943915008421,54.09554296237021
2018,Pennsylvania,17,Keith J. Rothfus,41.99372764056802,0.12506620681505315,41.748597875210514,42.23885740592552
2018,Florida,16,David Shapiro,41.879810443537004,1.4750183984100933,38.98877438265322,44.77084650442079
2018,Florida,16,Vern Buchanan,50.28225919531551,1.1856275065211246,47.958429282534105,52.60608910809692
2018,Florida,9,Darren Soto,48,0,48,48
2018,Florida,9,Wayne Liebnitzky,40,0,40,40
2018,Texas,31,Mary Jennings Hegar,37.645880806348906,2.558490674671404,32.63123908399295,42.66052252870486
2018,Texas,31,John Carter,52.09935836395456,2.4086987333812124,47.37830884652738,56.82040788138173
2018,Florida,6,Nancy Soderberg,44.09856455762211,1.2904722522327328,41.569238943245956,46.62789017199827
2018,Florida,6,Michael Waltz,46.09370620061754,1.2140766020017215,43.71411606069417,48.47329634054091
2018,Arizona,2,Ann Kirkpatrick,50.3,0,50.3,50.3
2018,Arizona,2,Lea Marquez Peterson,39.42,0,39.42,39.42
2018,Minnesota,3,Dean Phillips,49.7684200445002,1.196513338747426,47.423253900555245,52.11358618844516
2018,Minnesota,3,Erik Paulsen,42.90806438787304,1.8487601997162397,39.28449439642921,46.53163437931687
2018,Texas,12,Vanessa Adia,30,0,30,30
2018,Texas,12,Kay Granger,62,0,62,62
2018,Arizona,8,Hiral Tipirneni,44.065568868731916,1.5240082310962544,41.07851273578326,47.052625001680575
2018,Arizona,8,Debbie Lesko,48.38073088148668,2.719459722996886,43.05058982441278,53.71087193856057
2018,Arizona,4,David Brill,25,0,25,25
2018,Arizona,4,Paul Gosar,57,0,57,57
2018,Oklahoma,3,Frankie Robbins,24.1,0,24.1,24.1
2018,Oklahoma,3,Frank D. Lucas,54,0,54,54
2018,Oklahoma,4,Mary Brannon,24.7,0,24.7,24.7
2018,Oklahoma,4,Tom Cole,58,0,58,58
2018,Oklahoma,2,Jason Nichols,32.2,0,32.2,32.2
2018,Oklahoma,2,Markwayne Mullin,46,0,46,46
2018,Oklahoma,1,Tim Gilpin,31.9,0,31.9,31.9
2018,Oklahoma,1,Kevin Hern,54,0,54,54
2018,California,21,TJ Cox,39,0,39,39
2018,California,21,David G. Valadao,50,0,50,50
2018,Washington,5,Lisa Brown,45.99995147194394,0.017828453045569334,45.96500770397462,46.034895239913254
2018,Washington,5,Cathy McMorris Rodgers,48.999965919025286,0.011413344875674273,48.97759576306896,49.02233607498161
2018,California,16,Jim Costa,51,0,51,51
2018,California,16,Elizabeth Heng,40,0,40,40
2018,Florida,25,Mary Barzee Flores,36.000381581616956,0.03383192643539732,35.93407100580358,36.06669215743033
2018,Florida,25,Mario Diaz-Balart,41.00063596936159,0.056386544058995534,40.89011834300596,41.11115359571722
2018,Delaware,1,Lisa Blunt Rochester,56.631436646389524,3.8144192992485912,49.15517481986228,64.10769847291677
2018,Delaware,1,Scott Walker,29.140469461342057,3.178682749373826,22.910251272569358,35.37068765011475
2018,Florida,19,David Holden,42,0,42,42
2018,Florida,19,Francis Rooney,51,0,51,51
2018,Minnesota,7,Collin Peterson,53,0,53,53
2018,Minnesota,7,Dave Hughes,35,0,35,35
2018,Arkansas,1,Chintan Desai,22,0,22,22
2018,Arkansas,1,Rick Crawford,57,0,57,57
2018,Arkansas,3,Josh Mahony,31,0,31,31
2018,Arkansas,3,Steve Womack,53,0,53,53
2018,Arkansas,4,Hayden Shamel,24,0,24,24
2018,Arkansas,4,Bruce Westerman,54,0,54,54
2018,Texas,17,Rick Kennedy,38.3,0,38.3,38.3
2018,Texas,17,Bill Flores,54.3,0,54.3,54.3
2018,South Carolina,1,Joe Cunningham,42,0,42,42
2018,South Carolina,1,Katie Arrington,49,0,49,49
2018,Florida,7,Stephanie Murphy,47.3,0,47.3,47.3
2018,Florida,7,Mike Miller,45.8,0,45.8,45.8
2018,Missouri,2,Cort VanOstran,40,0,40,40
2018,Missouri,2,Ann Wagner,51,0,51,51
2018,North Carolina,7,Kyle Horton,44,0,44,44
2018,North Carolina,7,David Rouzer,40,0,40,40
2018,Texas,10,Mike Siegel,36,0,36,36
2018,Texas,10,Michael T. McCaul,39,0,39,39
2018,Mississippi,1,Randy Wadkins,28.18,0,28.18,28.18
2018,Mississippi,1,Trent Kelly,57.19,0,57.19,57.19
2018,Mississippi,2,Bennie G. Thompson,50.66,0,50.66,50.66
2018,Mississippi,3,Mary Brannon,26.87,0,26.87,26.87
2018,Mississippi,3,Michael Guest,56.11,0,56.11,56.11
2018,Mississippi,4,Jeramey Anderson,36.68,0,36.68,36.68
2018,Mississippi,4,Steven Palazzo,53.66,0,53.66,53.66
2018,Florida,12,Chris Hunter,29.7,0,29.7,29.7
2018,Florida,12,Gus Michael Bilirakis,49.1,0,49.1,49.1
2018,Texas,6,Jana Lynne Sanchez,39,0,39,39
2018,Texas,6,Ron Wright,48,0,48,48
2018,California,24,Salud Carbajal,47,0,47,47
2018,California,24,Justin Donald Fareed,46,0,46,46
2018,Idaho,1,Cristina McNeil,27,0,27,27
2018,Idaho,1,Russ Fulcher,35,0,35,35
2018,Idaho,2,Aaron Swisher,23,0,23,23
2018,Idaho,2,Mike Simpson,59,0,59,59
2018,Virginia,9,Anthony Flaccavento,41,0,41,41
2018,Virginia,9,H. Morgan Griffith,48,0,48,48
2018,California,7,Ami Bera,50,0,50,50
2018,California,7,Andrew Grant,41,0,41,41
2018,Indiana,3,Courtney Tritch,34,0,34,34
2018,Indiana,3,Jim Banks,55,0,55,55
2018,Pennsylvania,18,Conor Lamb,46.71224947946667,3.6826944427398005,39.49416837169666,53.93033058723668
2018,Pennsylvania,18,Richard Saccone,45.05122230383736,0.9223569725402894,43.2434026376584,46.85904197001633
2018,Michigan,7,Gretchen Driskell,37,0,37,37
2018,Michigan,7,Tim Walberg,41,0,41,41
