,year,state,state_po,special,district,dem,rep,dem_2p_pct,dem_2p_12
0,2012,ALABAMA,AL,False,AL-01,0.0,196374.0,0.0,37.681985424303846
1,2012,ALABAMA,AL,False,AL-02,103092.0,180591.0,36.34056323431436,36.67489986416961
2,2012,ALABAMA,AL,False,AL-03,98141.0,175306.0,35.89031878206746,37.14196156423615
3,2012,ALABAMA,AL,False,AL-04,69706.0,199071.0,25.93451076543008,24.265505583595402
4,2012,ALABAMA,AL,False,AL-05,101772.0,189185.0,34.97836450059631,35.30249643901342
5,2012,ALABAMA,AL,False,AL-06,88267.0,219262.0,28.702008591059705,24.918430129579566
6,2012,ALABAMA,AL,False,AL-07,232520.0,73835.0,75.89887548758793,72.75404444104487
7,2012,ALASKA,AK,False,AK-AL,82927.0,185296.0,30.9171845814863,42.684709518439625
8,2012,ARIZONA,AZ,False,AZ-01,122774.0,113594.0,51.94188722669736,48.71609332524984
9,2012,ARIZONA,AZ,False,AZ-02,147338.0,144884.0,50.41988625086407,49.20489992091427
10,2012,ARIZONA,AZ,False,AZ-03,98468.0,62663.0,61.11052497657185,62.44953665473897
11,2012,ARIZONA,AZ,False,AZ-04,69154.0,162907.0,29.799923296029924,31.58083723646465
12,2012,ARIZONA,AZ,False,AZ-05,89589.0,183470.0,32.809392841840044,35.14741270363381
13,2012,ARIZONA,AZ,False,AZ-06,97666.0,179706.0,35.211196515870384,39.47494792308841
14,2012,ARIZONA,AZ,False,AZ-07,104489.0,0.0,100.0,73.0071324820604
15,2012,ARIZONA,AZ,False,AZ-08,95635.0,172809.0,35.6256798438408,37.41329429398027
16,2012,ARIZONA,AZ,False,AZ-09,121881.0,111630.0,52.19497154309647,52.317345371692056
17,2012,ARKANSAS,AR,False,AR-01,96601.0,138800.0,41.03678404084945,37.33695541995256
18,2012,ARKANSAS,AR,False,AR-02,113156.0,158175.0,41.7040441379717,43.94172235504976
19,2012,ARKANSAS,AR,False,AR-03,0.0,186467.0,0.0,32.55009675510563
20,2012,ARKANSAS,AR,False,AR-04,95013.0,154149.0,38.13302188937318,36.72319864477256
21,2012,CALIFORNIA,CA,False,CA-01,125386.0,168827.0,42.617423431323566,41.58576326708146
22,2012,CALIFORNIA,CA,False,CA-02,226216.0,91310.0,71.24329976127939,71.91428214419592
23,2012,CALIFORNIA,CA,False,CA-03,126882.0,107086.0,54.23049305887984,55.75490054464658
24,2012,CALIFORNIA,CA,False,CA-04,125885.0,197803.0,38.89084550554856,40.586695209801164
25,2012,CALIFORNIA,CA,False,CA-05,202872.0,69545.0,74.47112331462426,71.75327588496448
26,2012,CALIFORNIA,CA,False,CA-06,160667.0,53406.0,75.05243538419137,70.97221401526342
27,2012,CALIFORNIA,CA,False,CA-07,141241.0,132050.0,51.68154092158176,52.01748884548534
28,2012,CALIFORNIA,CA,False,CA-08,0.0,179644.0,0.0,42.821369351774415
29,2012,CALIFORNIA,CA,False,CA-09,118373.0,94704.0,55.55409546783557,59.03874043767752
30,2012,CALIFORNIA,CA,False,CA-10,98934.0,110265.0,47.29181305837982,51.84760309020721
31,2012,CALIFORNIA,CA,False,CA-11,200743.0,87136.0,69.73172756609549,69.30305350004254
32,2012,CALIFORNIA,CA,False,CA-12,253709.0,44478.0,85.0838567744402,87.07345604012097
33,2012,CALIFORNIA,CA,False,CA-13,250436.0,0.0,100.0,90.70464564717983
34,2012,CALIFORNIA,CA,False,CA-14,203828.0,54455.0,78.91653728661971,75.90705181637695
35,2012,CALIFORNIA,CA,False,CA-15,231034.0,0.0,100.0,69.50951210042707
36,2012,CALIFORNIA,CA,False,CA-16,84649.0,62801.0,57.40861308918277,59.80131871677163
37,2012,CALIFORNIA,CA,False,CA-17,159392.0,57336.0,73.54471964859178,73.7934295557407
38,2012,CALIFORNIA,CA,False,CA-18,212831.0,89103.0,70.48924599415767,70.22692801870296
39,2012,CALIFORNIA,CA,False,CA-19,162300.0,59313.0,73.23577587957385,72.86517323801685
40,2012,CALIFORNIA,CA,False,CA-20,172996.0,60566.0,74.06855567258373,73.02005765332802
41,2012,CALIFORNIA,CA,False,CA-21,49119.0,67164.0,42.24091225716571,55.65037629310713
42,2012,CALIFORNIA,CA,False,CA-22,81555.0,132386.0,38.12032289276016,42.3560662560193
43,2012,CALIFORNIA,CA,False,CA-23,0.0,158161.0,0.0,37.00137427625206
44,2012,CALIFORNIA,CA,False,CA-24,156749.0,127746.0,55.09727763229583,55.6427887728386
45,2012,CALIFORNIA,CA,False,CA-25,106982.0,129593.0,45.22117721652753,49.073626092153575
46,2012,CALIFORNIA,CA,False,CA-26,139072.0,124863.0,52.691761229090496,55.24922409602513
47,2012,CALIFORNIA,CA,False,CA-27,154191.0,86817.0,63.977544313881694,64.14779631938873
48,2012,CALIFORNIA,CA,False,CA-28,188703.0,58008.0,76.48746914405923,72.59583730315494
49,2012,CALIFORNIA,CA,False,CA-29,111287.0,0.0,100.0,78.96285803256868
50,2012,CALIFORNIA,CA,False,CA-30,247851.0,0.0,100.0,67.01932865915296
51,2012,CALIFORNIA,CA,False,CA-31,0.0,161219.0,0.0,58.47620934783148
52,2012,CALIFORNIA,CA,False,CA-32,124903.0,65208.0,65.70003839861975,66.75412632318266
53,2012,CALIFORNIA,CA,False,CA-33,171860.0,0.0,100.0,62.23790937999176
54,2012,CALIFORNIA,CA,False,CA-34,120367.0,20223.0,85.61561988761648,85.43440827074218
55,2012,CALIFORNIA,CA,False,CA-35,142680.0,0.0,100.0,68.79544995455005
56,2012,CALIFORNIA,CA,False,CA-36,110189.0,97953.0,52.93933948938705,51.61620509877075
57,2012,CALIFORNIA,CA,False,CA-37,207039.0,32541.0,86.41748059103432,86.97092741241453
58,2012,CALIFORNIA,CA,False,CA-38,145280.0,69807.0,67.54476095719406,66.30817042428231
59,2012,CALIFORNIA,CA,False,CA-39,106360.0,145607.0,42.21187695214056,48.1318596082994
60,2012,CALIFORNIA,CA,False,CA-40,125553.0,0.0,100.0,83.14244012568035
61,2012,CALIFORNIA,CA,False,CA-41,103578.0,72074.0,58.96773165121946,62.882539122379434
62,2012,CALIFORNIA,CA,False,CA-42,84702.0,130245.0,39.40599310527711,42.263123215462336
63,2012,CALIFORNIA,CA,False,CA-43,200894.0,0.0,100.0,79.57783011288775
64,2012,CALIFORNIA,CA,False,CA-44,165898.0,0.0,100.0,86.14882463120796
65,2012,CALIFORNIA,CA,False,CA-45,121814.0,171417.0,41.541992490562045,43.989649805190304
66,2012,CALIFORNIA,CA,False,CA-46,95694.0,54121.0,63.87477889396923,62.9264949153436
67,2012,CALIFORNIA,CA,False,CA-47,130093.0,99919.0,56.55922299706102,61.57700884467941
68,2012,CALIFORNIA,CA,False,CA-48,113358.0,177144.0,39.02141809694942,44.02253003122188
69,2012,CALIFORNIA,CA,False,CA-49,114893.0,159725.0,41.83738866352533,46.63392333759968
70,2012,CALIFORNIA,CA,False,CA-50,83455.0,174838.0,32.31020585149423,38.337198836240866
71,2012,CALIFORNIA,CA,False,CA-51,113934.0,45464.0,71.47768478901868,70.61532635385235
72,2012,CALIFORNIA,CA,False,CA-52,151451.0,144459.0,51.18144030279477,53.28065219723245
73,2012,CALIFORNIA,CA,False,CA-53,164825.0,103482.0,61.43149451933792,62.78237796130573
74,2012,COLORADO,CO,False,CO-01,237579.0,93217.0,71.8203968609052,70.52287835357909
75,2012,COLORADO,CO,False,CO-02,234758.0,162639.0,59.07392355755077,59.44715166874756
76,2012,COLORADO,CO,False,CO-03,142619.0,185291.0,43.49333658625842,46.912364567977214
77,2012,COLORADO,CO,False,CO-04,125800.0,200006.0,38.61193470961247,40.13618471266569
78,2012,COLORADO,CO,False,CO-05,0.0,199639.0,0.0,39.317602619902296
79,2012,COLORADO,CO,False,CO-06,156937.0,163938.0,48.909076743280096,52.578901101426624
80,2012,COLORADO,CO,False,CO-07,182460.0,139066.0,56.748132343885096,57.61723738092792
81,2012,CONNECTICUT,CT,False,CT-01,206973.0,82321.0,71.54417305578407,64.01182384007237
82,2012,CONNECTICUT,CT,False,CT-02,204708.0,88103.0,69.91130797681781,56.76340163502025
83,2012,CONNECTICUT,CT,False,CT-03,217573.0,73726.0,74.69060999179537,63.29944938585346
84,2012,CONNECTICUT,CT,False,CT-04,175929.0,117503.0,59.95562856130211,55.57492422369944
85,2012,CONNECTICUT,CT,False,CT-05,146098.0,138637.0,51.31016559256853,54.15734551005369
86,2012,DELAWARE,DE,False,DE-AL,249933.0,129757.0,65.82554188943612,59.44695491927816
87,2012,FLORIDA,FL,False,FL-01,92961.0,238440.0,28.050911131831224,30.536956882207978
88,2012,FLORIDA,FL,False,FL-02,157634.0,175856.0,47.26798404749768,47.033013263966865
89,2012,FLORIDA,FL,False,FL-03,102468.0,204331.0,33.399065837893865,37.7899116445085
90,2012,FLORIDA,FL,False,FL-04,0.0,239988.0,0.0,35.78083093472217
91,2012,FLORIDA,FL,False,FL-05,190472.0,70700.0,72.92971681497251,71.74898365824643
92,2012,FLORIDA,FL,False,FL-06,146489.0,195962.0,42.77663081725561,41.75798164882137
93,2012,FLORIDA,FL,False,FL-07,130479.0,185518.0,41.29121479001383,47.61588678050325
94,2012,FLORIDA,FL,False,FL-08,130870.0,205432.0,38.91442810331191,42.631649276750224
95,2012,FLORIDA,FL,False,FL-09,164891.0,98856.0,62.51862580427455,62.473096163310885
96,2012,FLORIDA,FL,False,FL-10,153574.0,164649.0,48.259868079931366,46.14957286059948
97,2012,FLORIDA,FL,False,FL-11,120303.0,218360.0,35.52292396866502,40.60606060606061
98,2012,FLORIDA,FL,False,FL-12,108770.0,209604.0,34.164221952797654,45.30768617280523
99,2012,FLORIDA,FL,False,FL-13,139742.0,189605.0,42.43002061655336,50.74364822102737
100,2012,FLORIDA,FL,False,FL-14,197121.0,83480.0,70.24957145555433,65.70327288217693
101,2012,FLORIDA,FL,False,FL-15,0.0,1.0,0.0,46.08412533734534
102,2012,FLORIDA,FL,False,FL-16,161929.0,187147.0,46.38789260791346,45.29729699328466
103,2012,FLORIDA,FL,False,FL-17,116766.0,165488.0,41.36912142963431,41.57865782842861
104,2012,FLORIDA,FL,False,FL-18,166257.0,164353.0,50.28795257251747,47.9063536504038
105,2012,FLORIDA,FL,False,FL-19,109746.0,189833.0,36.63340888380026,39.01293777189095
106,2012,FLORIDA,FL,False,FL-20,214727.0,0.0,100.0,82.95113854353727
107,2012,FLORIDA,FL,False,FL-21,221263.0,0.0,100.0,60.93079003505678
108,2012,FLORIDA,FL,False,FL-22,171021.0,142050.0,54.6269057178723,54.756967166526884
109,2012,FLORIDA,FL,False,FL-23,174205.0,98096.0,63.97515984149893,61.85596676048034
110,2012,FLORIDA,FL,False,FL-24,1.0,0.0,100.0,87.78834674779527
111,2012,FLORIDA,FL,False,FL-25,0.0,151466.0,0.0,48.949760471686524
112,2012,FLORIDA,FL,False,FL-26,135694.0,108820.0,55.49539085696525,53.38302449333887
113,2012,FLORIDA,FL,False,FL-27,85020.0,138488.0,38.03890688476475,53.320197369234634
114,2012,GEORGIA,GA,False,GA-01,92399.0,157181.0,37.02179661831877,43.49070933805733
115,2012,GEORGIA,GA,False,GA-02,162751.0,92410.0,63.78365032273741,58.94885928647986
116,2012,GEORGIA,GA,False,GA-03,0.0,232380.0,0.0,33.38125860178883
117,2012,GEORGIA,GA,False,GA-04,208861.0,75041.0,73.56799177180858,74.20580743759551
118,2012,GEORGIA,GA,False,GA-05,234330.0,43335.0,84.39306358381504,84.01728990191708
119,2012,GEORGIA,GA,False,GA-06,104365.0,189669.0,35.49419454892971,38.10730756997455
120,2012,GEORGIA,GA,False,GA-07,95377.0,156689.0,37.83810589290106,38.88326747948399
121,2012,GEORGIA,GA,False,GA-08,0.0,197789.0,0.0,37.81588481893886
122,2012,GEORGIA,GA,False,GA-09,60052.0,192101.0,23.815699198502497,20.767815003474794
123,2012,GEORGIA,GA,False,GA-10,0.0,211065.0,0.0,36.75802458112837
124,2012,GEORGIA,GA,False,GA-11,90353.0,196968.0,31.44670942952308,31.965978589390815
125,2012,GEORGIA,GA,False,GA-12,139148.0,119973.0,53.700008876162094,44.05451268563774
126,2012,GEORGIA,GA,False,GA-13,201988.0,79550.0,71.74448919861617,69.78962691729271
127,2012,GEORGIA,GA,False,GA-14,59245.0,159947.0,27.028814920252564,25.692851223448336
128,2012,HAWAII,HI,False,HI-01,116505.0,96824.0,54.61282807307023,70.60514824823046
129,2012,HAWAII,HI,False,HI-02,168503.0,40707.0,80.5425170880933,72.80318091451292
130,2012,IDAHO,ID,False,ID-01,97450.0,199402.0,32.827806449004896,33.14612910816535
131,2012,IDAHO,ID,False,ID-02,110847.0,207412.0,34.829180007478186,34.01624901182006
132,2012,ILLINOIS,IL,False,IL-01,236854.0,83989.0,73.8223991173253,79.58792249306892
133,2012,ILLINOIS,IL,False,IL-02,188303.0,69115.0,73.15067322409466,81.32445656221566
134,2012,ILLINOIS,IL,False,IL-03,168738.0,77653.0,68.48383260752219,56.77277612695202
135,2012,ILLINOIS,IL,False,IL-04,133226.0,27279.0,83.00426777981994,82.5871875828493
136,2012,ILLINOIS,IL,False,IL-05,177729.0,77289.0,69.69272757217138,67.48246861909693
137,2012,ILLINOIS,IL,False,IL-06,132991.0,193138.0,40.77864893953007,45.82723809581261
138,2012,ILLINOIS,IL,False,IL-07,242439.0,31466.0,88.51207535459375,88.09161781672435
139,2012,ILLINOIS,IL,False,IL-08,123206.0,101860.0,54.7421645206295,58.36301738981848
140,2012,ILLINOIS,IL,False,IL-09,194869.0,98924.0,66.32867358990853,66.14778552473256
141,2012,ILLINOIS,IL,False,IL-10,133890.0,130564.0,50.62884282332655,58.305550616405874
142,2012,ILLINOIS,IL,False,IL-11,148928.0,105348.0,58.56942849502116,58.72314331663407
143,2012,ILLINOIS,IL,False,IL-12,157000.0,129902.0,54.72251849063443,50.824373940102404
144,2012,ILLINOIS,IL,False,IL-13,136032.0,137034.0,49.8165278723825,49.84088843812007
145,2012,ILLINOIS,IL,False,IL-14,124351.0,177603.0,41.182100584857295,44.90688415104033
146,2012,ILLINOIS,IL,False,IL-15,94162.0,205775.0,31.393926057805476,34.75429032642206
147,2012,ILLINOIS,IL,False,IL-16,112301.0,181789.0,38.18592947737087,46.063921604185765
148,2012,ILLINOIS,IL,False,IL-17,153519.0,134623.0,53.278938856536016,58.62811145083001
149,2012,ILLINOIS,IL,False,IL-18,85164.0,244467.0,25.83616225415692,38.14154675874944
150,2012,INDIANA,IN,False,IN-01,187743.0,91291.0,67.28319846326971,62.07278729223361
151,2012,INDIANA,IN,False,IN-02,130113.0,134033.0,49.25798611374013,42.89786661257906
152,2012,INDIANA,IN,False,IN-03,92363.0,187872.0,32.95912359269899,36.33869904522934
153,2012,INDIANA,IN,False,IN-04,93015.0,168688.0,35.5421985991754,37.718585831979745
154,2012,INDIANA,IN,False,IN-05,125347.0,194570.0,39.18110009783788,41.452904976729236
155,2012,INDIANA,IN,False,IN-06,96678.0,162613.0,37.28552090122681,38.14946185269002
156,2012,INDIANA,IN,False,IN-07,162122.0,95828.0,62.85016476061253,64.0207162157965
157,2012,INDIANA,IN,False,IN-08,122325.0,151533.0,44.66730933549504,40.423375550565225
158,2012,INDIANA,IN,False,IN-09,132848.0,165332.0,44.55295459118653,41.57928244444519
159,2012,IOWA,IA,False,IA-01,222422.0,162465.0,57.788909472130776,56.917328139113586
160,2012,IOWA,IA,False,IA-02,211863.0,161977.0,56.67210571367431,56.617071663920925
161,2012,IOWA,IA,False,IA-03,168632.0,202000.0,45.49849985969911,52.175049389264274
162,2012,IOWA,IA,False,IA-04,169470.0,200063.0,45.86058619933808,45.86141410721653
163,2012,KANSAS,KS,False,KS-01,0.0,211337.0,0.0,28.28897959818979
164,2012,KANSAS,KS,False,KS-02,113735.0,167463.0,40.44658923605431,43.26635403476058
165,2012,KANSAS,KS,False,KS-03,0.0,201087.0,0.0,45.14634958617542
166,2012,KANSAS,KS,False,KS-04,81770.0,161094.0,33.669049344489096,36.94949154360771
167,2012,KENTUCKY,KY,False,KY-01,87199.0,199956.0,30.366526788668143,32.58901237228362
168,2012,KENTUCKY,KY,False,KY-02,89541.0,181508.0,33.034986293991125,35.71066051187858
169,2012,KENTUCKY,KY,False,KY-03,206385.0,111452.0,64.93422729260597,56.563973865258966
170,2012,KENTUCKY,KY,False,KY-04,104734.0,186036.0,36.01953433985624,35.46400662609385
171,2012,KENTUCKY,KY,False,KY-05,55447.0,195408.0,22.103207031950728,23.656169245617857
172,2012,KENTUCKY,KY,False,KY-06,141438.0,153222.0,48.00040724903278,43.04467655460412
173,2012,LOUISIANA,LA,False,LA-01,61703.0,218340.0,22.033402013262247,27.48827986904195
174,2012,LOUISIANA,LA,False,LA-02,230417.0,50146.0,82.12665248090447,76.87595522964106
175,2012,LOUISIANA,LA,False,LA-03,67070.0,240558.0,21.80230668209656,32.79813228243742
176,2012,LOUISIANA,LA,False,LA-04,0.0,187894.0,0.0,40.187733573312336
177,2012,LOUISIANA,LA,False,LA-05,0.0,202536.0,0.0,38.166441136671175
178,2012,LOUISIANA,LA,False,LA-06,0.0,243553.0,0.0,32.57647280966767
179,2012,MAINE,ME,False,ME-01,236363.0,128440.0,64.79195620650049,60.941119269262714
180,2012,MAINE,ME,False,ME-02,191456.0,137542.0,58.193666830801405,54.41545592788699
181,2012,MARYLAND,MD,False,MD-01,107670.0,214204.0,33.450977711775415,38.44071839805491
182,2012,MARYLAND,MD,False,MD-02,194088.0,92071.0,67.82523002945915,64.31446229913473
183,2012,MARYLAND,MD,False,MD-03,213747.0,94549.0,69.33174611412409,62.06638177592724
184,2012,MARYLAND,MD,False,MD-04,240385.0,64560.0,78.82896915837281,78.94554851298074
185,2012,MARYLAND,MD,False,MD-05,238618.0,95271.0,71.46626573501972,67.12424277060235
186,2012,MARYLAND,MD,False,MD-06,181921.0,117313.0,60.79556467513718,56.29365119386803
187,2012,MARYLAND,MD,False,MD-07,247770.0,67405.0,78.61346870786072,77.33992668259825
188,2012,MARYLAND,MD,False,MD-08,217531.0,113033.0,65.80601638411926,63.234367138751225
189,2012,MASSACHUSETTS,MA,False,MA-01,261936.0,0.0,100.0,65.11523605543047
190,2012,MASSACHUSETTS,MA,False,MA-02,259257.0,0.0,100.0,59.97072824754165
191,2012,MASSACHUSETTS,MA,False,MA-03,212119.0,109372.0,65.97976304157814,57.88073198301409
192,2012,MASSACHUSETTS,MA,False,MA-04,221303.0,129936.0,63.00638596511208,58.09480725996601
193,2012,MASSACHUSETTS,MA,False,MA-05,257490.0,82944.0,75.63580605932427,66.30291246860232
194,2012,MASSACHUSETTS,MA,False,MA-06,180942.0,176612.0,50.6055029450097,55.50267168278054
195,2012,MASSACHUSETTS,MA,False,MA-07,210794.0,0.0,100.0,84.05406670820472
196,2012,MASSACHUSETTS,MA,False,MA-08,263999.0,82242.0,76.24718043212675,58.586063829495124
197,2012,MASSACHUSETTS,MA,False,MA-09,212754.0,116531.0,64.61089937288367,56.283059857692116
198,2012,MICHIGAN,MI,False,MI-01,165179.0,167060.0,49.71692065049558,45.82285722458203
199,2012,MICHIGAN,MI,False,MI-02,108973.0,194653.0,35.890536383577164,43.471476433062556
200,2012,MICHIGAN,MI,False,MI-03,144108.0,171675.0,45.63513552027816,46.27083138106048
201,2012,MICHIGAN,MI,False,MI-04,104996.0,197386.0,34.72296631413245,45.94655797101449
202,2012,MICHIGAN,MI,False,MI-05,214531.0,103931.0,67.36470913327179,61.30418852378442
203,2012,MICHIGAN,MI,False,MI-06,136563.0,174955.0,43.83791626808082,49.3236806419681
204,2012,MICHIGAN,MI,False,MI-07,136849.0,169668.0,44.64646332829827,48.4379188497624
205,2012,MICHIGAN,MI,False,MI-08,128657.0,202217.0,38.88398604907004,48.399940389660415
206,2012,MICHIGAN,MI,False,MI-09,208846.0,114760.0,64.53712230304754,57.72678638558746
207,2012,MICHIGAN,MI,False,MI-10,97734.0,226075.0,30.182607648335903,44.1645193732482
208,2012,MICHIGAN,MI,False,MI-11,158879.0,181788.0,46.63762559919217,47.283614934563424
209,2012,MICHIGAN,MI,False,MI-12,216884.0,92472.0,70.10822482835309,66.88624614428893
210,2012,MICHIGAN,MI,False,MI-13,235336.0,38769.0,85.85615001550501,85.63441347067439
211,2012,MICHIGAN,MI,False,MI-14,270450.0,51395.0,84.03113299880377,81.31486859645781
212,2012,MINNESOTA,MN,False,MN-01,193211.0,142164.0,57.610436079016026,50.69280594590252
213,2012,MINNESOTA,MN,False,MN-02,164338.0,193587.0,45.91408814695816,50.030591968119374
214,2012,MINNESOTA,MN,False,MN-03,159937.0,222335.0,41.838533818851495,50.41669304498664
215,2012,MINNESOTA,MN,False,MN-04,216685.0,109659.0,66.39772755129556,63.77151325502985
216,2012,MINNESOTA,MN,False,MN-05,262102.0,88753.0,74.7037950150347,75.39159652792648
217,2012,MINNESOTA,MN,False,MN-06,174944.0,179240.0,49.393535563435954,42.37664266300541
218,2012,MINNESOTA,MN,False,MN-07,197791.0,114151.0,63.40633835777164,45.03419855890564
219,2012,MINNESOTA,MN,False,MN-08,191976.0,160520.0,54.46189460305932,52.79641994922796
220,2012,MISSISSIPPI,MS,False,MS-01,114076.0,186760.0,37.91966387001556,37.430393588309286
221,2012,MISSISSIPPI,MS,False,MS-02,214978.0,99160.0,68.43425500894512,66.76403646498947
222,2012,MISSISSIPPI,MS,False,MS-03,0.0,234717.0,0.0,39.43905940417858
223,2012,MISSISSIPPI,MS,False,MS-04,82344.0,182998.0,31.03315720843289,31.60651980746601
224,2012,MISSOURI,MO,False,MO-01,267927.0,60832.0,81.496476142098,80.86873701223736
225,2012,MISSOURI,MO,False,MO-02,146272.0,236971.0,38.16690715812161,42.03493740074602
226,2012,MISSOURI,MO,False,MO-03,111189.0,214843.0,34.10370761152279,36.76958098551929
227,2012,MISSOURI,MO,False,MO-04,113120.0,192237.0,37.04516352990107,37.287144722930535
228,2012,MISSOURI,MO,False,MO-05,200290.0,122149.0,62.11717565182872,59.94231284005498
229,2012,MISSOURI,MO,False,MO-06,108503.0,216906.0,33.34357685251484,38.70191374558441
230,2012,MISSOURI,MO,False,MO-07,98498.0,203565.0,32.60842936738362,30.995324818570374
231,2012,MISSOURI,MO,False,MO-08,73755.0,216083.0,25.446973826758395,32.684986317134694
232,2012,MONTANA,MT,False,MT-AL,204939.0,255468.0,44.51257257165943,42.96576813611854
233,2012,NEBRASKA,NE,False,NE-01,81206.0,174889.0,31.709326617075696,41.517630595580435
234,2012,NEBRASKA,NE,False,NE-02,129767.0,133964.0,49.20430286921143,46.40309528972688
235,2012,NEBRASKA,NE,False,NE-03,65266.0,187423.0,25.828587710584948,28.372243073751463
236,2012,NEVADA,NV,False,NV-01,113967.0,56521.0,66.84752006006288,66.95268941081851
237,2012,NEVADA,NV,False,NV-02,102019.0,162213.0,38.6096309303945,45.8767686561178
238,2012,NEVADA,NV,False,NV-03,116823.0,137244.0,45.981178193153774,50.40593530148275
239,2012,NEVADA,NV,False,NV-04,120501.0,101261.0,54.33798396479108,55.45804916603518
240,2012,NEW HAMPSHIRE,NH,False,NH-01,171650.0,158659.0,51.966491981750416,50.81246968661276
241,2012,NEW HAMPSHIRE,NH,False,NH-02,169275.0,152977.0,52.528766307113685,54.887983119638406
242,2012,NEW JERSEY,NJ,False,NJ-01,210470.0,92459.0,69.47832660458391,65.78656160787074
243,2012,NEW JERSEY,NJ,False,NJ-02,116462.0,166677.0,41.13244731386351,54.122606482157046
244,2012,NEW JERSEY,NJ,False,NJ-03,145506.0,174253.0,45.50489587470564,52.31203485365148
245,2012,NEW JERSEY,NJ,False,NJ-04,107991.0,195145.0,35.624604138076634,45.16548603450424
246,2012,NEW JERSEY,NJ,False,NJ-05,130100.0,167501.0,43.716250953457816,48.47949915021611
247,2012,NEW JERSEY,NJ,False,NJ-06,151782.0,84360.0,64.27573239830272,62.159653347637686
248,2012,NEW JERSEY,NJ,False,NJ-07,123057.0,175662.0,41.19490223253292,46.89340663263485
249,2012,NEW JERSEY,NJ,False,NJ-08,130853.0,31763.0,80.46748167461996,79.03577831475563
250,2012,NEW JERSEY,NJ,False,NJ-09,162822.0,55091.0,74.71880980024139,68.94790724725435
251,2012,NEW JERSEY,NJ,False,NJ-10,201435.0,24271.0,89.24663057251469,88.41513390582658
252,2012,NEW JERSEY,NJ,False,NJ-11,123897.0,182237.0,40.47149287566882,47.07977700220003
253,2012,NEW JERSEY,NJ,False,NJ-12,189926.0,80906.0,70.12686831689018,67.22211105043769
254,2012,NEW MEXICO,NM,False,NM-01,162924.0,112473.0,59.15968583535768,58.250268993962585
255,2012,NEW MEXICO,NM,False,NM-02,92162.0,133180.0,40.898722830187005,46.46685174703287
256,2012,NEW MEXICO,NM,False,NM-03,167103.0,97616.0,63.12467182181861,59.79689710296604
257,2012,NEW YORK,NY,False,NY-01,145198.0,131650.0,52.446830029474654,50.272939418757254
258,2012,NEW YORK,NY,False,NY-02,99955.0,141950.0,41.319939645728695,52.23027506602178
259,2012,NEW YORK,NY,False,NY-03,157602.0,113021.0,58.2367352368424,51.29244921931711
260,2012,NEW YORK,NY,False,NY-04,163955.0,85693.0,65.6744696532718,56.839787982624536
261,2012,NEW YORK,NY,False,NY-05,167835.0,17875.0,90.37477787948951,90.87147317653839
262,2012,NEW YORK,NY,False,NY-06,111499.0,50845.0,68.68070270536639,68.59541625899831
263,2012,NEW YORK,NY,False,NY-07,141322.0,0.0,100.0,89.52379883628937
264,2012,NEW YORK,NY,False,NY-08,184038.0,17650.0,91.24885962476696,89.7946444223065
265,2012,NEW YORK,NY,False,NY-09,186141.0,24164.0,88.51002115974418,86.03587477941517
266,2012,NEW YORK,NY,False,NY-10,165000.0,39311.0,80.75923469612502,74.64258388425134
267,2012,NEW YORK,NY,False,NY-11,92428.0,103118.0,47.26662780113119,52.16021240710732
268,2012,NEW YORK,NY,False,NY-12,193455.0,46692.0,80.55690889330285,78.14940757664311
269,2012,NEW YORK,NY,False,NY-13,174789.0,12132.0,93.509557513602,95.40794801647536
270,2012,NEW YORK,NY,False,NY-14,120761.0,21755.0,84.73504729293553,81.534444835212
271,2012,NEW YORK,NY,False,NY-15,152661.0,4427.0,97.18183438582196,96.99175349924441
272,2012,NEW YORK,NY,False,NY-16,179561.0,53935.0,76.90110323089047,74.27052209318953
273,2012,NEW YORK,NY,False,NY-17,171417.0,91899.0,65.09934831153443,57.69719446447581
274,2012,NEW YORK,NY,False,NY-18,143845.0,133049.0,51.94948247343749,52.17364012359026
275,2012,NEW YORK,NY,False,NY-19,133567.0,149736.0,47.14634154950706,53.196856015194584
276,2012,NEW YORK,NY,False,NY-20,203400.0,93778.0,68.44382827800175,60.4036411934303
277,2012,NEW YORK,NY,False,NY-21,126631.0,121646.0,51.00391900981565,53.14087848178757
278,2012,NEW YORK,NY,False,NY-22,102080.0,157941.0,39.25836759338669,49.75558762036574
279,2012,NEW YORK,NY,False,NY-23,127535.0,137669.0,48.08939533340372,49.38011730399873
280,2012,NEW YORK,NY,False,NY-24,143044.0,127054.0,52.960036727410056,58.12917745631042
281,2012,NEW YORK,NY,False,NY-25,179810.0,133389.0,57.41078355933448,59.8606727243743
282,2012,NEW YORK,NY,False,NY-26,212588.0,71666.0,74.78804168103176,65.08204170242844
283,2012,NEW YORK,NY,False,NY-27,156219.0,161220.0,49.212289605246994,43.68500275804899
284,2012,NORTH CAROLINA,NC,False,NC-01,254644.0,77288.0,76.71571285685019,71.97722179103697
285,2012,NORTH CAROLINA,NC,False,NC-02,128973.0,174066.0,42.559868531773134,42.144986603268045
286,2012,NORTH CAROLINA,NC,False,NC-03,114314.0,195571.0,36.88916856253126,41.421054978374286
287,2012,NORTH CAROLINA,NC,False,NC-04,259534.0,88951.0,74.47494153263412,72.27083158395611
288,2012,NORTH CAROLINA,NC,False,NC-05,148252.0,200945.0,42.45511845748961,40.23811022540644
289,2012,NORTH CAROLINA,NC,False,NC-06,142467.0,222116.0,39.07669858441014,41.760538184656745
290,2012,NORTH CAROLINA,NC,False,NC-07,168695.0,168041.0,50.09710871424499,40.22195950938377
291,2012,NORTH CAROLINA,NC,False,NC-08,137139.0,160695.0,46.045448135538585,41.39083271575385
292,2012,NORTH CAROLINA,NC,False,NC-09,171503.0,194537.0,46.85362255491204,43.24380371383422
293,2012,NORTH CAROLINA,NC,False,NC-10,144023.0,190826.0,43.0113274938853,41.351035562620105
294,2012,NORTH CAROLINA,NC,False,NC-11,141107.0,190319.0,42.57571825988305,38.29386760167629
295,2012,NORTH CAROLINA,NC,False,NC-12,247591.0,63317.0,79.63481158413421,79.06898670433455
296,2012,NORTH CAROLINA,NC,False,NC-13,160115.0,210495.0,43.20309759585548,43.97815739191813
297,2012,NORTH DAKOTA,ND,False,ND-AL,131870.0,173585.0,43.17166194693163,39.88210485958018
298,2012,OHIO,OH,False,OH-01,131490.0,201907.0,39.4394670617912,46.89028963002406
299,2012,OHIO,OH,False,OH-02,137077.0,194296.0,41.3663756552284,44.36491947023203
300,2012,OHIO,OH,False,OH-03,201897.0,77901.0,72.15812836403406,70.67667953943379
301,2012,OHIO,OH,False,OH-04,114214.0,182643.0,38.4744169751766,42.873683562234405
302,2012,OHIO,OH,False,OH-05,137806.0,201514.0,40.6124012731345,44.99770206982888
303,2012,OHIO,OH,False,OH-06,144444.0,164536.0,46.748656870994886,43.60123277390096
304,2012,OHIO,OH,False,OH-07,137708.0,178104.0,43.604422884500906,45.15983019952779
305,2012,OHIO,OH,False,OH-08,0.0,246378.0,0.0,37.05650851110701
306,2012,OHIO,OH,False,OH-09,217771.0,68668.0,76.0270074954877,68.63693977602104
307,2012,OHIO,OH,False,OH-10,131097.0,208201.0,38.63771669741643,49.0260945982339
308,2012,OHIO,OH,False,OH-11,258359.0,0.0,100.0,83.33440248116672
309,2012,OHIO,OH,False,OH-12,134605.0,233869.0,36.53039291781781,44.671422625844386
310,2012,OHIO,OH,False,OH-13,235492.0,88120.0,72.76986020295911,63.99451000930048
311,2012,OHIO,OH,False,OH-14,131637.0,183657.0,41.75055662334202,48.31993420044673
312,2012,OHIO,OH,False,OH-15,128188.0,205274.0,38.441561557238906,47.18792987385489
313,2012,OHIO,OH,False,OH-16,170600.0,185165.0,47.95300268435624,45.85880170735279
314,2012,OKLAHOMA,OK,False,OK-01,91421.0,181084.0,33.54837525916955,34.224559840157056
315,2012,OKLAHOMA,OK,False,OK-02,96081.0,143701.0,40.070147050237296,32.19319326464733
316,2012,OKLAHOMA,OK,False,OK-03,53472.0,201744.0,20.95166447244687,26.079574102085
317,2012,OKLAHOMA,OK,False,OK-04,71846.0,176740.0,28.901868970899407,32.88901933280478
318,2012,OKLAHOMA,OK,False,OK-05,97504.0,153603.0,38.8296622555325,40.78985342143237
319,2012,OREGON,OR,False,OR-01,197845.0,109699.0,64.33063236479984,58.8768678354489
320,2012,OREGON,OR,False,OR-02,96741.0,228043.0,29.786257943741077,41.58593554982348
321,2012,OREGON,OR,False,OR-03,264979.0,70325.0,79.02649535943502,74.4778247492308
322,2012,OREGON,OR,False,OR-04,212866.0,140549.0,60.231172983602846,53.49396018088252
323,2012,OREGON,OR,False,OR-05,177229.0,139223.0,56.00501813861186,51.72711778249559
324,2012,PENNSYLVANIA,PA,False,PA-01,235394.0,41708.0,84.94850271741092,82.96869912080756
325,2012,PENNSYLVANIA,PA,False,PA-02,318176.0,33381.0,90.50481145305028,90.9895502972575
326,2012,PENNSYLVANIA,PA,False,PA-03,123933.0,165826.0,42.77106146832367,43.63696250061758
327,2012,PENNSYLVANIA,PA,False,PA-04,104643.0,181603.0,36.55701739063603,42.10425150676006
328,2012,PENNSYLVANIA,PA,False,PA-05,104725.0,177740.0,37.07538987131149,42.06572967513886
329,2012,PENNSYLVANIA,PA,False,PA-06,143803.0,191725.0,42.85871819937531,48.75652007816747
330,2012,PENNSYLVANIA,PA,False,PA-07,143509.0,209942.0,40.60223340717667,49.07213869055694
331,2012,PENNSYLVANIA,PA,False,PA-08,152859.0,199379.0,43.396510314049024,49.96419896949191
332,2012,PENNSYLVANIA,PA,False,PA-09,105128.0,169177.0,38.325221924500106,36.34572508113287
333,2012,PENNSYLVANIA,PA,False,PA-10,94227.0,179563.0,34.41579312611856,39.01712263762396
334,2012,PENNSYLVANIA,PA,False,PA-11,118231.0,166967.0,41.45576055933071,45.25929188501195
335,2012,PENNSYLVANIA,PA,False,PA-12,163589.0,175352.0,48.26474224127503,41.458427058198026
336,2012,PENNSYLVANIA,PA,False,PA-13,209901.0,93918.0,69.08751592230901,66.78709178106524
337,2012,PENNSYLVANIA,PA,False,PA-14,251932.0,75702.0,76.8943394153232,68.93677534229387
338,2012,PENNSYLVANIA,PA,False,PA-15,128764.0,168960.0,43.2494525130658,48.52817576854241
339,2012,PENNSYLVANIA,PA,False,PA-16,111185.0,156192.0,41.583606667738806,46.90524053791765
340,2012,PENNSYLVANIA,PA,False,PA-17,161393.0,106208.0,60.31106012309371,56.14435979833675
341,2012,PENNSYLVANIA,PA,False,PA-18,122146.0,216727.0,36.044771935208765,41.43162287309529
342,2012,RHODE ISLAND,RI,False,RI-01,108612.0,83737.0,56.46611107934015,67.29550464962361
343,2012,RHODE ISLAND,RI,False,RI-02,124067.0,78189.0,61.3415671228542,60.98146907398265
344,2012,SOUTH CAROLINA,SC,False,SC-01,103557.0,179908.0,36.53255251971143,40.829713677865435
345,2012,SOUTH CAROLINA,SC,False,SC-02,0.0,196116.0,0.0,40.000282343308285
346,2012,SOUTH CAROLINA,SC,False,SC-03,84735.0,169512.0,33.3278268770133,34.464910828099065
347,2012,SOUTH CAROLINA,SC,False,SC-04,89964.0,173201.0,34.18539699428116,36.80100419897359
348,2012,SOUTH CAROLINA,SC,False,SC-05,123443.0,154324.0,44.44120431872757,44.18174996991598
349,2012,SOUTH CAROLINA,SC,False,SC-06,218717.0,0.0,100.0,71.62610578864296
350,2012,SOUTH CAROLINA,SC,False,SC-07,122389.0,153068.0,44.431254242949,44.890526803556426
351,2012,SOUTH DAKOTA,SD,False,SD-AL,153789.0,207640.0,42.55026575067302,40.78150086180476
352,2012,TENNESSEE,TN,False,TN-01,47663.0,182252.0,20.730704825696453,26.09004391515291
353,2012,TENNESSEE,TN,False,TN-02,54522.0,196894.0,21.68597066216947,31.455388700702112
354,2012,TENNESSEE,TN,False,TN-03,91094.0,157830.0,36.59510533335476,35.65662163376569
355,2012,TENNESSEE,TN,False,TN-04,102022.0,128568.0,44.24389609263194,33.631252196321896
356,2012,TENNESSEE,TN,False,TN-05,171621.0,86240.0,66.55562492971019,56.81916126731261
357,2012,TENNESSEE,TN,False,TN-06,0.0,184383.0,0.0,29.930644205136037
358,2012,TENNESSEE,TN,False,TN-07,61679.0,182730.0,25.23597739854097,33.372854868944415
359,2012,TENNESSEE,TN,False,TN-08,79490.0,190923.0,29.39577609064653,33.19872257816589
360,2012,TENNESSEE,TN,False,TN-09,188422.0,59742.0,75.92640350735805,78.9289761994711
361,2012,TEXAS,TX,False,TX-01,67222.0,178322.0,27.376763431401297,27.755241504531313
362,2012,TEXAS,TX,False,TX-02,80512.0,159664.0,33.52208380520951,36.10038845614106
363,2012,TEXAS,TX,False,TX-03,0.0,187180.0,0.0,34.722506541409075
364,2012,TEXAS,TX,False,TX-04,60214.0,182679.0,24.79033977924436,25.110918838621487
365,2012,TEXAS,TX,False,TX-05,69178.0,134091.0,34.0327349472866,34.748768566592496
366,2012,TEXAS,TX,False,TX-06,98053.0,145019.0,40.33907648762506,41.306717672474036
367,2012,TEXAS,TX,False,TX-07,85553.0,142793.0,37.4663887258809,39.17291322576546
368,2012,TEXAS,TX,False,TX-08,51051.0,194043.0,20.82915126441284,22.01979961356891
369,2012,TEXAS,TX,False,TX-09,144075.0,36139.0,79.94661901961003,78.67521274983218
370,2012,TEXAS,TX,False,TX-10,95710.0,159783.0,37.46090890944175,39.62873223890865
371,2012,TEXAS,TX,False,TX-11,41970.0,177742.0,19.10227934750947,19.81752226008574
372,2012,TEXAS,TX,False,TX-12,66080.0,175649.0,27.336397370609237,32.15540812305242
373,2012,TEXAS,TX,False,TX-13,0.0,187775.0,0.0,18.762713734142306
374,2012,TEXAS,TX,False,TX-14,109697.0,131460.0,45.48779425851209,39.95497020446953
375,2012,TEXAS,TX,False,TX-15,89296.0,54056.0,62.291422512416986,58.027979122448706
376,2012,TEXAS,TX,False,TX-16,101403.0,51043.0,66.5173241672461,65.02755814252968
377,2012,TEXAS,TX,False,TX-17,0.0,143284.0,0.0,38.45114628820961
378,2012,TEXAS,TX,False,TX-18,146223.0,44015.0,76.86319242212386,76.94188191881919
379,2012,TEXAS,TX,False,TX-19,0.0,163239.0,0.0,25.37767588372895
380,2012,TEXAS,TX,False,TX-20,119032.0,62376.0,65.61562885870525,59.75227183144981
381,2012,TEXAS,TX,False,TX-21,109326.0,187015.0,36.89195892569709,38.77564959458273
382,2012,TEXAS,TX,False,TX-22,80203.0,160668.0,33.29707602824749,37.130704587476295
383,2012,TEXAS,TX,False,TX-23,96676.0,87547.0,52.477703652638375,48.64853724637532
384,2012,TEXAS,TX,False,TX-24,87645.0,148586.0,37.10139651442867,38.59760748181955
385,2012,TEXAS,TX,False,TX-25,98827.0,154245.0,39.05094202440412,38.69601680316722
386,2012,TEXAS,TX,False,TX-26,74237.0,176642.0,29.59075889173665,31.235580768948367
387,2012,TEXAS,TX,False,TX-27,83395.0,120684.0,40.86407714659519,38.681917768712296
388,2012,TEXAS,TX,False,TX-28,112456.0,49309.0,69.51812814885791,60.90542116436922
389,2012,TEXAS,TX,False,TX-29,86053.0,0.0,100.0,66.63791813709528
390,2012,TEXAS,TX,False,TX-30,171059.0,41222.0,80.58139918315817,80.21053112298489
391,2012,TEXAS,TX,False,TX-31,82977.0,145348.0,36.34161830723749,39.095319105930706
392,2012,TEXAS,TX,False,TX-32,99288.0,146653.0,40.37065800334226,42.12259321772609
393,2012,TEXAS,TX,False,TX-33,85114.0,30252.0,73.77736941559905,72.64575494230141
394,2012,TEXAS,TX,False,TX-34,89606.0,52448.0,63.07882917763668,61.33087699408859
395,2012,TEXAS,TX,False,TX-35,105626.0,52894.0,66.63260156447136,64.54009563760441
396,2012,TEXAS,TX,False,TX-36,62143.0,165405.0,27.309842318983247,25.99665921933445
397,2012,UTAH,UT,False,UT-01,60611.0,175487.0,25.67196672568171,20.87592433713282
398,2012,UTAH,UT,False,UT-02,83176.0,154523.0,34.99215394259126,30.05454127682217
399,2012,UTAH,UT,False,UT-03,60719.0,198828.0,23.394221470485117,19.92635969097233
400,2012,UTAH,UT,False,UT-04,119803.0,119035.0,50.16077843559232,31.030367767939847
401,2012,VERMONT,VT,False,VT-AL,208600.0,67543.0,75.54057137063043,68.24725882639062
402,2012,VIRGINIA,VA,False,VA-01,147036.0,200845.0,42.26617722727025,46.23261522058436
403,2012,VIRGINIA,VA,False,VA-02,142548.0,166231.0,46.16505656148896,50.75644407717
404,2012,VIRGINIA,VA,False,VA-03,259199.0,58931.0,81.47581177506052,79.79924297745971
405,2012,VIRGINIA,VA,False,VA-04,150190.0,199292.0,42.97503161822354,49.30728013065754
406,2012,VIRGINIA,VA,False,VA-05,149214.0,193009.0,43.601394412415296,46.61086562429186
407,2012,VIRGINIA,VA,False,VA-06,111949.0,211278.0,34.63479226673514,40.143925540252376
408,2012,VIRGINIA,VA,False,VA-07,158012.0,222983.0,41.473510151051855,42.286780963427454
409,2012,VIRGINIA,VA,False,VA-08,226847.0,107370.0,67.87416558702878,68.60982255449468
410,2012,VIRGINIA,VA,False,VA-09,116400.0,184882.0,38.634900193174495,35.62058394399909
411,2012,VIRGINIA,VA,False,VA-10,142024.0,214038.0,39.88743533429571,49.428582266271455
412,2012,VIRGINIA,VA,False,VA-11,202606.0,117902.0,63.214022738902,63.24359608701096
413,2012,WASHINGTON,WA,False,WA-01,177025.0,151187.0,53.9361753988276,55.550115451105555
414,2012,WASHINGTON,WA,False,WA-02,184826.0,117465.0,61.14174752142802,60.90113658343086
415,2012,WASHINGTON,WA,False,WA-03,116438.0,177446.0,39.6203944413442,49.160557172360406
416,2012,WASHINGTON,WA,False,WA-04,78940.0,154749.0,33.77993829405749,38.830441434221974
417,2012,WASHINGTON,WA,False,WA-05,117512.0,191066.0,38.081781591688326,44.95826290129943
418,2012,WASHINGTON,WA,False,WA-06,186661.0,129725.0,58.99786969082071,57.68540511184701
419,2012,WASHINGTON,WA,False,WA-07,298368.0,76212.0,79.65401249399328,81.4109968281906
420,2012,WASHINGTON,WA,False,WA-08,121886.0,180204.0,40.34757853619782,50.80002996244923
421,2012,WASHINGTON,WA,False,WA-09,192034.0,76105.0,71.61733280127098,69.7788671528478
422,2012,WASHINGTON,WA,False,WA-10,163036.0,115381.0,58.5582058566826,57.80806898805571
423,2012,WEST VIRGINIA,WV,False,WV-01,80342.0,133809.0,37.51651871810078,36.37077839580163
424,2012,WEST VIRGINIA,WV,False,WV-02,68560.0,158206.0,30.233809301217995,38.753251951170704
425,2012,WEST VIRGINIA,WV,False,WV-03,108199.0,92238.0,53.98155031256704,33.53171773015459
426,2012,WISCONSIN,WI,False,WI-01,158414.0,200423.0,44.1465066311445,47.87560519234403
427,2012,WISCONSIN,WI,False,WI-02,265422.0,124683.0,68.03860499096398,69.15855997974546
428,2012,WISCONSIN,WI,False,WI-03,217712.0,121713.0,64.1414156293732,55.57809443822842
429,2012,WISCONSIN,WI,False,WI-04,235257.0,80787.0,74.43805292933895,76.00420169256861
430,2012,WISCONSIN,WI,False,WI-05,118478.0,250335.0,32.12413879120313,38.10443523430859
431,2012,WISCONSIN,WI,False,WI-06,135921.0,223460.0,37.820864208180176,46.297163508983594
432,2012,WISCONSIN,WI,False,WI-07,157524.0,201720.0,43.84874903964993,48.43948483904606
433,2012,WISCONSIN,WI,False,WI-08,156287.0,198874.0,44.00455004913265,48.129985100672236
434,2012,WYOMING,WY,False,WY-AL,57573.0,166452.0,25.699363910277874,28.839365988478573
