year,state,state_po,special,dem,rep,totalvotes,dem_cand,rep_cand,dem_inc,rep_inc,dem_funds,rep_funds,2party_votes,dem_pct_2p,rep_pct_2p,dem_tot_funds,rep_tot_funds,tot_funds,dem_funds_2p_pct,rep_funds_2p_pct
0,2014,Alabama,AL,False,,795606.0,818090.0,[],Jeff Sessions,[],True,[],381899.0,,,,0.0,381899.0,381899.0,0.0,100.0
1,2014,Alaska,AK,False,129431.0,135445.0,282400.0,Mark Begich,Dan Sullivan,True,False,6020171.0,5966351.0,264876.0,48.864751808393365,51.13524819160664,6020171.0,5966351.0,11986522.0,50.22450215333522,49.77549784666478
2,2014,Arkansas,AR,False,334174.0,478819.0,847505.0,Mark L. Pryor,Tom Cotton,True,False,8000604.0,10892504.11,812993.0,41.10416694854691,58.89583305145308,8000604.0,10892504.11,18893108.11,42.34667982323847,57.65332017676153
3,2014,Colorado,CO,False,944203.0,983891.0,2041058.0,Mark Udall,Cory Gardner,True,False,13414189.0,8725449.0,1928094.0,48.97079706694798,51.02920293305202,13414189.0,8725449.0,22139638.0,60.5890168574572,39.4109831425428
4,2014,Delaware,DE,False,130655.0,98823.0,234038.0,Christopher A. Coons,Kevin Wade,True,False,2845059.0,92155.0,229478.0,56.93574111679551,43.064258883204495,2845059.0,92155.0,2937214.0,96.86250303859372,3.1374969614062853
5,2014,Georgia,GA,False,1160811.0,1358088.0,2567805.0,M. Michelle Nunn,David A. Perdue,False,False,13657065.0,8248614.0,2518899.0,46.084062917965355,53.915937082034645,13657065.0,8248614.0,21905679.0,62.34486043550624,37.65513956449376
6,2014,Hawaii,HI,True,246827.0,98006.0,369703.0,Brian Schatz,Cam Cavasso,True,False,4756797.0,235521.0,344833.0,71.57870621431243,28.421293785687563,4756797.0,235521.0,4992318.0,95.28233177453839,4.717668225461599
7,2014,Idaho,ID,False,151574.0,285596.0,437170.0,Nels Mitchell,James E. Risch,False,True,303547.0,1076496.0,437170.0,34.67163803554681,65.32836196445318,303547.0,1076496.0,1380043.0,21.99547405406933,78.00452594593067
8,2014,Illinois,IL,False,1929637.0,1538522.0,3603519.0,Richard J. Durbin,"James D. ""Jim"" Oberweis",True,False,5576144.0,708223.0,3468159.0,55.638654398486345,44.361345601513655,5576144.0,708223.0,6284367.0,88.73040037286174,11.269599627138263
9,2014,Iowa,IA,False,494370.0,588575.0,1129700.0,Bruce Braley,Joni Ernst,False,False,9305285.0,9619298.0,1082945.0,45.65051780099636,54.34948219900364,9305285.0,9619298.0,18924583.0,49.17035688448195,50.82964311551805
10,2014,Kansas,KS,False,,460350.0,866191.0,[],Pat Roberts,[],True,[],3380923.0,,,,0.0,3380923.0,3380923.0,0.0,100.0
11,2014,Kentucky,KY,False,584698.0,806787.0,1435868.0,Alison Lundergan Grimes,Mich Mcconnell,False,True,17443314.0,12175886.0,1391485.0,42.01971275292224,57.98028724707777,17443314.0,12175886.0,29619200.0,58.8919147039758,41.1080852960242
12,2014,Louisiana,LA,False,1581041.0,1929108.0,3523183.0,"['Mary L. Landrieu', 'Vallian Senegal', 'Wayne Ables', 'William P. Waymire Jr.']","['""Rob"" Maness', 'Bill Cassidy', 'Thomas Clements']","[True, False, False, False]","[False, False, False]","[11102291.0, 0, 0.0, 0]","[3257149.0, 10334699.0, 0.0]",3510149.0,45.041991094964914,54.958008905035086,11102291.0,13591848.0,24694139.0,44.959214816114866,55.040785183885134
13,2014,Maine,ME,False,190254.0,413505.0,616996.0,Shenna Bellows,Susan M. Collins,False,True,2262497.0,2965987.0,603759.0,31.51157995160321,68.48842004839679,2262497.0,2965987.0,5228484.0,43.27252411980222,56.72747588019777
14,2014,Massachusetts,MA,False,1289944.0,791950.0,2186789.0,Edward J. Markey,Brian J. Herr,True,False,11141416.0,112208.0,2081894.0,61.960119007019564,38.03988099298043,11141416.0,112208.0,11253624.0,99.0029167493067,0.9970832506932878
15,2014,Michigan,MI,False,1704936.0,1290199.0,3121771.0,Gary C. Peters,Terri Lynn Land,False,False,7612861.09,7841056.0,2995135.0,56.923510960273916,43.07648903972609,7612861.09,7841056.0,15453917.09,49.26169233123536,50.73830766876465
16,2014,Minnesota,MN,False,1053205.0,850227.0,1981528.0,Al Franken,Mike Mcfadden,True,False,16902073.0,6541390.0,1903432.0,55.331895229249064,44.668104770750936,16902073.0,6541390.0,23443463.0,72.09716840895051,27.902831591049498
17,2014,Mississippi,MS,False,239439.0,378481.0,631858.0,Travis W. Childers,Thad Cochran,False,True,264320.0,3551651.0,617920.0,38.74919083376489,61.25080916623511,264320.0,3551651.0,3815971.0,6.9266773777892965,93.07332262221071
18,2014,Montana,MT,False,148184.0,213709.0,369826.0,Amanda Curtis,Steve Daines,False,False,890231.0,4619384.54,361893.0,40.94690972193438,59.05309027806561,890231.0,4619384.54,5509615.54,16.157769875899543,83.84223012410045
19,2014,Nebraska,NE,False,170127.0,347636.0,540337.0,Dave Domina,Ben Sasse,False,False,606298.0,5287843.0,517763.0,32.85808371784002,67.14191628215998,606298.0,5287843.0,5894141.0,10.286452258268,89.713547741732
20,2014,New Hampshire,NH,False,251184.0,235347.0,488159.0,Jeanne Shaheen,Scott P. Brown,True,False,12313584.0,7802624.0,486531.0,51.62754274650536,48.37245725349464,12313584.0,7802624.0,20116208.0,61.212252329067184,38.78774767093281
21,2014,New Jersey,NJ,False,1043866.0,791297.0,1869535.0,Cory A. Booker,Jeff Bell,True,False,15340868.0,509723.0,1835163.0,56.88137783946166,43.11862216053833,15340868.0,509723.0,15850591.0,96.78420192660325,3.2157980733967584
22,2014,New Mexico,NM,False,286409.0,229097.0,515506.0,Tom Udall,Allen E. Weh,True,False,5272881.0,1527799.0,515506.0,55.558810178737005,44.441189821262995,5272881.0,1527799.0,6800680.0,77.53461418564027,22.46538581435974
23,2014,North Carolina,NC,False,1377651.0,1423259.0,2915281.0,Kay R. Hagan,Thom Tillis,True,False,16993199.0,7915603.0,2800910.0,49.18583603186107,50.81416396813893,16993199.0,7915603.0,24908802.0,68.22166316950931,31.778336830490684
24,2014,Oklahoma,OK,False,234307.0,558166.0,820733.0,Matt Silverstein,James M. Inhofe,False,True,451915.0,2070187.0,792473.0,29.566559365429484,70.43344063457052,451915.0,2070187.0,2522102.0,17.918188875786942,82.08181112421306
25,2014,Oklahoma,OK,True,237923.0,557002.0,820890.0,Connie Johnson,James Lankford,False,True,136539.0,3251455.0,794925.0,29.930244991665884,70.06975500833413,136539.0,3251455.0,3387994.0,4.030083878542879,95.96991612145712
26,2014,Oregon,OR,False,814537.0,538847.0,1461618.0,Jeff Merkley,Monica Wehby,True,False,7795239.0,2831611.0,1353384.0,60.18520981480496,39.81479018519504,7795239.0,2831611.0,10626850.0,73.35418303636543,26.645816963634566
27,2014,Rhode Island,RI,False,223675.0,92684.0,316898.0,Jack Reed,Mark S. Zaccaria,True,False,1590931.08,25433.0,316359.0,70.70290397933992,29.297096020660074,1590931.08,25433.0,1616364.08,98.42653024063736,1.5734697593626308
28,2014,South Carolina,SC,False,456726.0,672941.0,1240075.0,Brad Hutto,Lindsey Graham,False,True,379558.0,5565442.0,1129667.0,40.43014445849972,59.56985554150028,379558.0,5565442.0,5945000.0,6.384491169049622,93.61550883095038
29,2014,South Carolina,SC,True,459583.0,757215.0,1238982.0,Joyce Dickerson,Tim Scott,False,True,51819.0,3700486.0,1216798.0,37.769868129303305,62.230131870696695,51819.0,3700486.0,3752305.0,1.3809911507726584,98.61900884922734
30,2014,South Dakota,SD,False,82456.0,140741.0,279412.0,Rick Weiland,Mike Rounds,False,False,1940270.0,3371648.0,223197.0,36.943148877449076,63.056851122550924,1940270.0,3371648.0,5311918.0,36.52673102257979,63.473268977420204
31,2014,Tennessee,TN,False,437848.0,850087.0,1374065.0,Gordon Ball,Lamar Alexander,False,True,214729.0,4304014.0,1287935.0,33.996125580871706,66.0038744191283,214729.0,4304014.0,4518743.0,4.751963101242978,95.24803689875702
32,2014,Texas,TX,False,1597387.0,2861531.0,4648358.0,David M. Alameel,John Cornyn,False,True,41793.0,7053880.0,4458918.0,35.82454308421909,64.17545691578091,41793.0,7053880.0,7095673.0,0.588992756571505,99.4110072434285
33,2014,Virginia,VA,False,1073667.0,1055940.0,2184473.0,Mark R. Warner,Ed. W. Gillespie,True,False,9562240.78,6062299.0,2129607.0,50.41620355304993,49.583796446950075,9562240.78,6062299.0,15624539.78,61.20014358592519,38.79985641407481
34,2014,West Virginia,WV,False,156360.0,281820.0,453689.0,Natalie Tennant,Shelley Moore Capito,False,False,2840900.0,4960366.0,438180.0,35.683965493632755,64.31603450636725,2840900.0,4960366.0,7801266.0,36.41588429365182,63.58411570634818
35,2014,Wyoming,WY,False,29377.0,121554.0,171153.0,Charlie Hardy,Michael B. Enzi,False,True,62468.0,1374210.0,150931.0,19.46386096958213,80.53613903041787,62468.0,1374210.0,1436678.0,4.348086349202814,95.65191365079718
36,2016,Alabama,AL,False,748709.0,1335104.0,2087444.0,Ron Crumpton,Richard C. Shelby,False,True,29668.0,1663941.0,2083813.0,35.92975953216531,64.07024046783468,29668.0,1663941.0,1693609.0,1.7517620655062651,98.24823793449373
37,2016,Alaska,AK,False,36200.0,138149.0,311441.0,Ray Metcalfe,Lisa Murkowski,False,True,12871.0,2405338.0,174349.0,20.76295246889859,79.23704753110141,12871.0,2405338.0,2418209.0,0.5322534156476962,99.4677465843523
38,2016,Arizona,AZ,False,1031245.0,1359761.0,2530730.0,Ann Kirkpatrick,"['John Mccain', 'Sydney Dudikoff']",False,"[True, False]",8021389.0,"[8126193.81, 0]",2391006.0,43.1301719861849,56.8698280138151,8021389.0,8126193.81,16147582.809999999,49.67547833247495,50.32452166752505
39,2016,Arkansas,AR,False,400602.0,661984.0,1107522.0,Conner Eldridge,John Boozman,False,True,1545422.0,2152542.0,1062586.0,37.700666110790095,62.299333889209905,1545422.0,2152542.0,3697964.0,41.79115859429675,58.20884140570325
40,2016,California,CA,False,12244170.0,,12244170.0,"['Kamala D. Harris', 'Loretta Sanchez']",[],"[False, False]",[],"[13300427.0, 2862805.0]",[],,,,16163232.0,0.0,16163232.0,100.0,0.0
41,2016,Colorado,CO,False,1370710.0,1215318.0,2743023.0,Michael F. Bennet,Darryl Glenn,True,False,10726326.0,3906482.0,2586028.0,53.004453161373355,46.99554683862665,10726326.0,3906482.0,14632808.0,73.30326482791273,26.696735172087273
42,2016,Connecticut,CT,False,920766.0,552621.0,1596276.0,Richard Blumenthal,Dan Carter,True,False,5512687.0,341136.0,1473387.0,62.49315352992798,37.50684647007202,5512687.0,341136.0,5853823.0,94.1724237306116,5.827576269388398
43,2016,Florida,FL,False,4122088.0,4835191.0,9301820.0,Patrick Murphy,Marco Rubio,False,True,13559246.17,13605413.0,8957279.0,46.01942174626915,53.98057825373085,13559246.17,13605413.0,27164659.17,49.91502409488909,50.08497590511091
44,2016,Georgia,GA,False,1599726.0,2135806.0,3898605.0,Jim Barksdale,Johnny Isakson,False,True,507806.0,5398553.39,3735532.0,42.82458295096923,57.17541704903076,507806.0,5398553.39,5906359.39,8.597614308058557,91.40238569194145
45,2016,Hawaii,HI,False,306604.0,92653.0,437664.0,Brian Schatz,John Carroll,True,False,2217734.03,16407.0,399257.0,76.79364419409053,23.206355805909475,2217734.03,16407.0,2234141.03,99.26562379994427,0.7343762000557325
46,2016,Idaho,ID,False,188249.0,449017.0,678943.0,Jerry Sturgill,Mike Crapo,False,True,420560.0,2886863.0,637266.0,29.540097855526575,70.45990214447342,420560.0,2886863.0,3307423.0,12.715639940824019,87.28436005917598
47,2016,Illinois,IL,False,3012940.0,2184692.0,5491878.0,Tammy Duckworth,Mark Kirk,False,True,12903810.0,5460172.0,5197632.0,57.96755137724256,42.03244862275744,12903810.0,5460172.0,18363982.0,70.26694972800561,29.733050271994387
48,2016,Indiana,IN,False,1158947.0,1423991.0,2732546.0,Evan Bayh,Todd C. Young,False,False,2982061.0,7285947.0,2582938.0,44.8693309711654,55.13066902883461,2982061.0,7285947.0,10268008.0,29.04225434962653,70.95774565037347
49,2016,Iowa,IA,False,549460.0,926007.0,1541036.0,Patty Judge,Chuck Grassley,False,True,1796031.0,5633053.0,1475467.0,37.239734944936075,62.760265055063925,1796031.0,5633053.0,7429084.0,24.175672263229224,75.82432773677078
50,2016,Kansas,KS,False,379740.0,732376.0,1177922.0,Patrick Wiesner,Jerry Moran,False,True,6861.0,2098774.0,1112116.0,34.14571861208723,65.85428138791278,6861.0,2098774.0,2105635.0,0.3258399485190928,99.67416005148091
51,2016,Kentucky,KY,False,813246.0,1090177.0,1903465.0,Jim Gray,Rand Paul,False,True,3423981.0,2929424.77,1903423.0,42.72544778538454,57.27455221461546,3423981.0,2929424.77,6353405.77,53.89205607121171,46.107943928788295
52,2016,Louisiana,LA,False,705271.0,1239489.0,1997218.0,"['Caroline Fayard', 'Derrick Edwards', 'Foster Campbell', 'Gary Landrieu', 'Joshua Pellerin', 'M. V. ""Vinny""Mendoza', 'Peter Williams']","['""Joseph"" Cao', '""Rob"" Maness', 'Abhay Patel', 'Charles Marsala', 'Charles W. Boustany, Jr.', 'David Duke', 'Donald ""Crawdaddy"" Crawford', 'John Fleming', 'John Kennedy']","[False, False, False, False, False, False, False]","[False, False, False, False, False, False, False, False, False]","[616722.0, 10123.0, 5350845.0, 0, 75094.0, 0, 0]","[0, 682672.0, 240291.0, 4515.0, 3565331.16, 172992.0, 925.0, 1956394.0, 5077684.29]",1944760.0,36.26519467697813,63.73480532302186,6052784.0,11700804.45,17753588.45,34.0932990366801,65.90670096331989
53,2016,Maryland,MD,False,1659907.0,972557.0,2726170.0,Chris Van Hollen,Kathy Szeliga,False,False,8584773.0,1408405.0,2632464.0,63.05525925520728,36.94474074479271,8584773.0,1408405.0,9993178.0,85.90633530194299,14.093664698057015
54,2016,Missouri,MO,False,1300200.0,1378458.0,2802637.0,Jason Kander,Roy Blunt,False,True,11209356.0,6658523.0,2678658.0,48.53923121204723,51.46076878795277,11209356.0,6658523.0,17867879.0,62.73467600715228,37.265323992847726
55,2016,Nevada,NV,False,521994.0,495079.0,1108294.0,Catherine Cortez Masto,Joseph J. Heck,False,False,16584262.46,7961159.0,1017073.0,51.32315969453521,48.67684030546479,16584262.46,7961159.0,24545421.46,67.56560479935634,32.434395200643664
56,2016,New Hampshire,NH,False,354649.0,353632.0,739140.0,Maggie Hassan,Kelly Ayotte,False,True,16125563.0,10066360.19,708281.0,50.07179353956974,49.92820646043025,16125563.0,10066360.19,26191923.189999998,61.56692993875568,38.43307006124433
57,2016,New York,NY,False,4784220.0,1723927.0,7800725.0,Charles E. Schumer,Wendy Long,True,False,13423865.0,121599.0,6508147.0,73.51124674965087,26.48875325034914,13423865.0,121599.0,13545464.0,99.10228988833457,0.8977101116654254
58,2016,North Carolina,NC,False,2128165.0,2395376.0,4691133.0,Deborah K. Ross,Richard Burr,False,True,13152221.0,6946893.0,4523541.0,47.046439946051116,52.95356005394889,13152221.0,6946893.0,20099114.0,65.43681975235326,34.563180247646734
59,2016,North Dakota,ND,False,58116.0,268788.0,342501.0,Eliot Glassheim,John Hoeven,False,True,16714.0,1264087.0,326904.0,17.77769620439028,82.22230379560972,16714.0,1264087.0,1280801.0,1.3049646276041322,98.69503537239586
60,2016,Ohio,OH,False,1996908.0,3118567.0,5374164.0,Ted Strickland,Rob Portman,False,True,8885963.0,13598704.0,5115475.0,39.03660950351629,60.963390496483704,8885963.0,13598704.0,22484667.0,39.52010052005662,60.47989947994338
61,2016,Oklahoma,OK,False,355911.0,980892.0,1448047.0,Mike Workman,James Lankford,False,True,0,1816699.0,1336803.0,26.624042585182707,73.3759574148173,0.0,1816699.0,1816699.0,0.0,100.0
62,2016,Oregon,OR,False,1105119.0,651106.0,1952478.0,Ron Wyden,Mark Callahan,True,False,6048066.0,25441.0,1756225.0,62.925821008128224,37.07417899187177,6048066.0,25441.0,6073507.0,99.58111516130631,0.4188848386936905
63,2016,Pennsylvania,PA,False,2865012.0,2951702.0,6051856.0,Katie Mcginty,Patrick J. Toomey,False,True,14064217.0,16904627.0,5816714.0,49.254819817512086,50.745180182487914,14064217.0,16904627.0,30968844.0,45.41408455543255,54.58591544456745
64,2016,South Carolina,SC,False,704540.0,1241609.0,2049893.0,Thomas Dixon,Tim Scott,False,True,36085.0,3205443.8,1946149.0,36.20175022570214,63.79824977429786,36085.0,3205443.8,3241528.8,1.1132092980324593,98.88679070196754
65,2016,South Dakota,SD,False,104140.0,265516.0,369656.0,Jay Williams,John R. Thune,False,True,53250.0,2302809.0,369656.0,28.172138420585625,71.82786157941437,53250.0,2302809.0,2356059.0,2.2601301580308473,97.73986984196915
66,2016,Utah,UT,False,301858.0,760220.0,1115583.0,Misty K. Snow,Mike Lee,False,True,74109.0,2966375.73,1062078.0,28.42145303828909,71.57854696171091,74109.0,2966375.73,3040484.73,2.4374074064170683,97.56259259358293
67,2016,Vermont,VT,False,192243.0,103637.0,320467.0,Patrick J. Leahy,Scott Milne,True,False,2489178.11,94577.0,295880.0,64.97329998648101,35.026700013519,2489178.11,94577.0,2583755.11,96.33955247407329,3.6604475259267124
68,2016,Washington,WA,False,1913979.0,1329338.0,3243317.0,Patty Murray,Chris Vance,True,False,6164164.35,441019.0,3243317.0,59.01301044578745,40.986989554212556,6164164.35,441019.0,6605183.35,93.32313765370344,6.6768623462965655
69,2016,Wisconsin,WI,False,1380335.0,1479471.0,2948741.0,Russ Feingold,Ron Johnson,False,True,23148551.0,14640881.63,2859806.0,48.26673557576983,51.73326442423017,23148551.0,14640881.63,37789432.63,61.2566778301482,38.7433221698518
70,2018,Arizona,AZ,False,1191100.0,1135200.0,2384308.0,Kyrsten Sinema,Martha Mcsally,False,False,18692195.36,16892830.21,2326300.0,51.20147874306839,48.79852125693161,18692195.36,16892830.21,35585025.57,52.528261707245974,47.471738292754026
71,2018,California,CA,False,11113364.0,,11113364.0,"['Dianne Feinstein', 'Kevin De Leon']",[],"[True, False]",[],"[5142725.39, 1594165.04]",[],,,,6736890.43,0.0,6736890.43,100.0,0.0
72,2018,Connecticut,CT,False,787685.0,545717.0,1386840.0,Christopher S Murphy,Matthew Corey,True,False,10749015.64,170543.61,1333402.0,59.07333272336474,40.92666727663526,10749015.64,170543.61,10919559.25,98.4381822920188,1.561817707981208
73,2018,Delaware,DE,False,217385.0,137127.0,362592.0,Thomas R Carper,Robert B Arlett,True,False,1260577.33,199552.0,354512.0,61.31950399422305,38.68049600577695,1260577.33,199552.0,1460129.33,86.33326542382379,13.666734576176207
74,2018,Florida,FL,False,4089472.0,4099505.0,8190005.0,Bill Nelson,Rick Scott,True,False,25495018.04,18341671.21,8188977.0,49.938740821961034,50.061259178038966,25495018.04,18341671.21,43836689.25,58.15908654643667,41.84091345356333
75,2018,Hawaii,HI,False,276316.0,112035.0,388351.0,Mazie K. Hirono,Ron Curtis,True,False,1908750.81,5285.0,388351.0,71.15109784705074,28.848902152949265,1908750.81,5285.0,1914035.81,99.72388186404935,0.27611813595065393
76,2018,Indiana,IN,False,1023553.0,1158000.0,2282565.0,Joe Donnelly,Mike Braun,True,False,10595662.29,6375844.41,2181553.0,46.91854839190246,53.08145160809753,10595662.29,6375844.41,16971506.7,62.432066152382326,37.56793384761767
77,2018,Maine,ME,False,66268.0,223502.0,634409.0,Zak Ringelstein,Eric L. Brakey,False,False,129458.3,924143.68,289770.0,22.86917210201194,77.13082789798807,129458.3,924143.68,1053601.98,12.287211153494605,87.71278884650539
78,2018,Maryland,MD,False,1491614.0,697017.0,2299889.0,Ben Cardin,Tony Campbell,True,False,2444480.75,178863.5,2188631.0,68.15283161026231,31.847168389737696,2444480.75,178863.5,2623344.25,93.181851752777,6.818148247222987
79,2018,Massachusetts,MA,False,1633371.0,979210.0,2707090.0,Elizabeth A. Warren,Geoff Diehl,True,False,21286956.58,2989978.56,2612581.0,62.519439588667304,37.4805604113327,21286956.58,2989978.56,24276935.139999997,87.68387136696862,12.316128633031395
80,2018,Michigan,MI,False,2214478.0,1938818.0,4237271.0,Debbie Stabenow,John James,True,False,9550645.22,11952393.98,4153296.0,53.31856915567781,46.6814308443222,9550645.22,11952393.98,21503039.200000003,44.41532720639787,55.58467279360212
81,2018,Minnesota,MN,False,1566174.0,940437.0,2596879.0,Amy Klobuchar,Jim Newberger,True,False,6031518.94,246768.76,2506611.0,62.48173330444972,37.51826669555028,6031518.94,246768.76,6278287.7,96.06948945649624,3.9305105435037646
82,2018,Minnesota,MN,True,1370540.0,1095777.0,2587356.0,Tina Smith,Karin Housley,True,False,7313957.35,3829946.46,2466317.0,55.57030989933573,44.429690100664274,7313957.35,3829946.46,11143903.809999999,65.63191386699523,34.36808613300477
83,2018,Mississippi,MS,False,369567.0,547619.0,936215.0,David Baria,Roger F. Wicker,False,True,871838.22,3429620.6,917186.0,40.29357186001531,59.70642813998469,871838.22,3429620.6,4301458.82,20.268431164476425,79.73156883552357
84,2018,Mississippi,MS,True,420819.0,486769.0,907588.0,Mike Espy,Cindy Hyde-Smith,False,False,6412012.12,3325210.39,907588.0,46.36674350035479,53.63325649964521,6412012.12,3325210.39,9737222.51,65.85052476119291,34.14947523880709
85,2018,Missouri,MO,False,1112935.0,1254927.0,2442289.0,Claire Mccaskill,Josh Hawley,True,False,32029648.51,9314786.77,2367862.0,47.001683375129126,52.99831662487088,32029648.51,9314786.77,41344435.28,77.47027693831885,22.529723061681153
86,2018,Montana,MT,False,253876.0,235963.0,504384.0,Jon Tester,Matt Rosendale,True,False,15034106.42,4549340.98,489839.0,51.828457921888614,48.17154207811138,15034106.42,4549340.98,19583447.4,76.7694579658125,23.23054203418751
87,2018,Nebraska,NE,False,269917.0,403151.0,698883.0,Jane Raybould,Deb Fischer,False,True,1859140.17,2294909.33,673068.0,40.102485930099185,59.897514069900815,1859140.17,2294909.33,4154049.5,44.754887249176974,55.245112750823026
88,2018,Nevada,NV,False,490071.0,441202.0,972132.0,Jacky Rosen,Dean Heller,False,True,22909611.89,8687150.0,931273.0,52.6237741242364,47.37622587576361,22909611.89,8687150.0,31596761.89,72.50620164736128,27.49379835263872
89,2018,New Jersey,NJ,False,1711654.0,1357355.0,3169310.0,Robert Menendez,Bob Hugin,True,False,6322437.03,2938411.51,3069009.0,55.77220529493396,44.22779470506603,6322437.03,2938411.51,9260848.54,68.27060179951935,31.72939820048067
90,2018,New Mexico,NM,False,376998.0,212813.0,697012.0,Martin T Heinrich,Mick Rich,True,False,3944623.76,638773.49,589811.0,63.918441670297774,36.081558329702226,3944623.76,638773.49,4583397.25,86.06331820790788,13.936681792092099
91,2018,New York,NY,False,3755489.0,1730439.0,6055151.0,Kirsten E. Gillibrand,Chele Chiavacci Farley,True,False,16290311.45,1126578.28,5485928.0,68.45676793424923,31.54323206575077,16290311.45,1126578.28,17416889.73,93.5316908043604,6.4683091956396055
92,2018,North Dakota,ND,False,144376.0,179720.0,326138.0,Heidi Heitkamp,Kevin Cramer,True,False,25588061.79,3721721.43,324096.0,44.54729462875198,55.45270537124802,25588061.79,3721721.43,29309783.22,87.30211887933575,12.697881120664256
93,2018,Ohio,OH,False,2355923.0,2053963.0,4410898.0,Sherrod Brown,Jim Renacci,True,False,17427954.58,1928213.96,4409886.0,53.42367126950675,46.57632873049326,17427954.58,1928213.96,19356168.54,90.03824565788783,9.96175434211217
94,2018,Pennsylvania,PA,False,2777680.0,2134848.0,4994643.0,Robert P Casey Jr,Louis J. Barletta,True,False,13224847.78,6220106.84,4912528.0,56.542782046229554,43.457217953770446,13224847.78,6220106.84,19444954.619999997,68.01171840430862,31.988281595691383
95,2018,Rhode Island,RI,False,231477.0,144421.0,376738.0,Sheldon Whitehouse,"Robert G. Flanders, Jr.",True,False,3864984.44,958249.82,375898.0,61.57973705632911,38.42026294367089,3864984.44,958249.82,4823234.26,80.13262951072171,19.867370489278287
96,2018,Tennessee,TN,False,985450.0,1227483.0,2243740.0,Phil Bredesen,Marsha Blackburn,False,False,10220299.53,9763518.28,2212933.0,44.531397923027946,55.468602076972054,10220299.53,9763518.28,19983817.81,51.14287783831632,48.857122161683684
97,2018,Texas,TX,False,4045632.0,4260553.0,8371655.0,Beto O'Rourke,Ted Cruz,False,True,80089488.23,29234222.19,8306185.0,48.70625925138918,51.29374074861083,80089488.23,29234222.19,109323710.42,73.25902855136556,26.740971448634447
98,2018,Utah,UT,False,328541.0,665215.0,1062845.0,Jenny Wilson,Mitt Romney,False,False,859059.6,4309787.27,993756.0,33.06052994900156,66.93947005099844,859059.6,4309787.27,5168846.869999999,16.619946800629442,83.38005319937056
99,2018,Vermont,VT,False,183529.0,74663.0,272624.0,Bernie Sanders,Lawrence Zupan,True,False,10550402.12,166462.1,258192.0,71.08237280783293,28.917627192167068,10550402.12,166462.1,10716864.219999999,98.44672754471084,1.553272455289165
100,2018,Virginia,VA,False,1910370.0,1374313.0,3351373.0,Timothy M. Kaine,Corey A. Stewart,True,False,9480358.61,2729895.05,3284683.0,58.15995029048465,41.84004970951535,9480358.61,2729895.05,12210253.66,77.64260165255239,22.357398347447596
101,2018,Washington,WA,False,1803364.0,1282804.0,3086168.0,Maria Cantwell,Susan Hutchison,True,False,8998701.26,1881104.65,3086168.0,58.433759924929554,41.566240075070446,8998701.26,1881104.65,10879805.91,82.71012676548749,17.289873234512505
102,2018,West Virginia,WV,False,288808.0,269872.0,582911.0,Joe Manchin,Patrick Morrisey,True,False,5732531.36,4325027.61,558680.0,51.69470895682681,48.30529104317319,5732531.36,4325027.61,10057558.97,56.99724333806218,43.00275666193782
103,2018,Wisconsin,WI,False,1472914.0,1184885.0,2657841.0,Tammy Baldwin,Leah Vukmir,True,False,24231447.78,5074342.16,2657799.0,55.41856250228102,44.58143749771898,24231447.78,5074342.16,29305789.94,82.68484770282906,17.31515229717094
104,2018,Wyoming,WY,False,61227.0,136210.0,203420.0,Gary Trauner,John Barrasso,False,True,851965.88,2835749.77,197437.0,31.01090474429818,68.98909525570181,851965.88,2835749.77,3687715.65,23.102808374067564,76.89719162593244
105,2020,Alabama,AL,False,920478.0,1392076.0,2316445.0,Doug Jones,Tommy Tuberville,True,False,27472878.73,7699666.71,2312554.0,39.80352458796638,60.19647541203362,27472878.73,7699666.71,35172545.44,78.10887266281404,21.891127337185978
106,2020,Alaska,AK,False,146068.0,191112.0,354587.0,Al Gross,Dan Sullivan,False,True,18132745.79,6249185.62,337180.0,43.320481641853014,56.679518358146986,18132745.79,6249185.62,24381931.41,74.36960380654274,25.630396193457262
107,2020,Arizona,AZ,True,1716634.0,1637908.0,3355307.0,"['Adam Chilton', 'Buzz Stewart', 'Mark Kelly', 'Mohammad ""Mike Obama"" Arif', 'Perry Kapadia']","['Debbie Simmons', 'Edward Davida', 'John Schiess', 'Martha Mcsally', 'Patrick ""Pat"" Thomas']","[False, False, True, False, False]","[False, False, False, True, False]","[0, 0, 98233235.44, 0, 0]","[0, 0, 0, 68221120.11, 0]",3354542.0,51.17342397263174,48.82657602736827,98233235.44,68221120.11,166454355.55,59.01511865845555,40.984881341544444
108,2020,Arkansas,AR,False,,793871.0,1193261.0,[],Tom Cotton,[],True,[],6396849.56,,,,0.0,6396849.56,6396849.56,0.0,100.0
109,2020,Colorado,CO,False,1731114.0,1429492.0,3235790.0,John W. Hickenlooper,Cory Gardner,False,True,39863159.07,19777039.15,3160606.0,54.77158494288753,45.228415057112464,39863159.07,19777039.15,59640198.22,66.839414119573,33.16058588042701
110,2020,Delaware,DE,False,291804.0,186054.0,490935.0,Christopher A. Coons,Lauren Witzke,True,False,3981462.28,467530.9,477858.0,61.06500257398642,38.93499742601358,3981462.28,467530.9,4448993.18,89.49131003163282,10.50868996836718
111,2020,Georgia,GA,False,2269262.0,2213979.0,4483241.0,Jon Ossoff,David A. Perdue,False,True,145155002.38,75574377.42,4483241.0,50.61655173121409,49.383448268785905,145155002.38,75574377.42,220729379.8,65.7615232333471,34.23847676665288
112,2020,Georgia,GA,True,2288446.0,2194848.0,4483294.0,Raphael Warnock,Kelly Loeffler,False,True,117629215.72,55679059.32,4483294.0,51.04385302413805,48.95614697586194,117629215.72,55679059.32,173308275.04,67.87282124460063,32.12717875539938
113,2020,Idaho,ID,False,285864.0,538446.0,859827.0,Paulette Jordan,Jim Risch,False,True,1105718.24,1635587.03,824310.0,34.679186228482,65.32081377151799,1105718.24,1635587.03,2741305.27,40.335465447815665,59.664534552184335
114,2020,Illinois,IL,False,3278930.0,2319870.0,5968901.0,Richard J. Durbin,Mark C. Curran Jr.,True,False,3696013.5,335690.12,5598800.0,58.564871043795094,41.435128956204906,3696013.5,335690.12,4031703.62,91.67374014461906,8.326259855380936
115,2020,Iowa,IA,False,754859.0,864997.0,1700130.0,Theresa Greenfield,Joni Ernst,False,True,52970089.34,21793212.99,1619856.0,46.60037682361889,53.399623176381105,52970089.34,21793212.99,74763302.33,70.85038740824172,29.149612591758288
116,2020,Kansas,KS,False,571530.0,727962.0,1367755.0,Barbara Bollier,Roger Marshall,False,True,27023007.79,4479222.33,1299492.0,43.98103258811905,56.01896741188095,27023007.79,4479222.33,31502230.119999997,85.78125322258931,14.218746777410693
117,2020,Kentucky,KY,False,816257.0,1233315.0,2135057.0,Amy Mcgrath,Mitch Mcconnell,False,True,94005836.84,59868152.25,2049572.0,39.82572946937214,60.17427053062786,94005836.84,59868152.25,153873989.09,61.09274049236257,38.90725950763743
118,2020,Louisiana,LA,False,730989.0,1267291.0,2071543.0,"['Adrian Perkins', 'Antoine Pierce', 'David Drew Knight', 'Derrick ""Champ"" Edwards', 'Peter Wenstrup']","['""Bill"" Cassidy', 'Dustin Murphy']","[False, False, False, False, False]","[True, False]","[2648848.77, 97126.6, 0, 0, 155341.09]","[4521421.72, 7748.04]",1998280.0,36.58090958224073,63.41909041775927,2901316.46,4529169.76,7430486.22,39.04611857284354,60.95388142715645
119,2020,Maine,ME,False,347223.0,417645.0,828305.0,Sara I. Gideon,Susan Margaret Collins,False,True,73418288.25,23106874.22,764868.0,45.396460565744675,54.603539434255325,73418288.25,23106874.22,96525162.47,76.06129466274496,23.93870533725505
120,2020,Massachusetts,MA,False,2357809.0,1177765.0,3658005.0,Edward J. Markey,Kevin J. O'Conner,True,False,9805523.36,646323.55,3535574.0,66.68815304106207,33.31184695893793,9805523.36,646323.55,10451846.91,93.81617856092383,6.183821439076168
121,2020,Michigan,MI,False,2734568.0,2642233.0,5479720.0,Gary Peters,John James,True,False,45404376.66,45827403.66,5376801.0,50.85864252740616,49.14135747259383,45404376.66,45827403.66,91231780.32,49.76815809221512,50.23184190778488
122,2020,Minnesota,MN,False,1566522.0,1398145.0,3214256.0,Tina Smith,Jason Lewis,True,False,13356797.77,6793047.92,2964667.0,52.839728711521396,47.160271288478604,13356797.77,6793047.92,20149845.689999998,66.28734520100437,33.712654798995636
123,2020,Mississippi,MS,False,578691.0,709511.0,1311354.0,Mike Espy,Cindy Hyde-Smith,False,True,11801285.58,2157870.19,1288202.0,44.922380185716214,55.077619814283786,11801285.58,2157870.19,13959155.77,84.54154229987506,15.458457700124942
124,2020,Montana,MT,False,272463.0,333174.0,605637.0,Steve Bullock,Steve Daines,False,True,46205011.4,27093026.52,605637.0,44.98783925024396,55.01216074975604,46205011.4,27093026.52,73298037.92,63.0371735876883,36.96282641231169
125,2020,Nebraska,NE,False,227191.0,583507.0,930012.0,Chris Janicek,Ben Sasse,False,True,67659.67,2405198.65,810698.0,28.024122422899772,71.97587757710022,67659.67,2405198.65,2472858.32,2.7360916496016645,97.26390835039834
126,2020,New Hampshire,NH,False,450778.0,326229.0,795914.0,Jeanne Shaheen,Corky Messner,True,False,15236819.7,1011801.8,777007.0,58.01466396055635,41.98533603944366,15236819.7,1011801.8,16248621.5,93.7729991433427,6.227000856657287
127,2020,New Jersey,NJ,False,2541178.0,1817052.0,4440440.0,Cory Booker,"Rikin ""Rik"" Mehta",True,False,5317701.42,259707.1,4358230.0,58.30756981618684,41.69243018381316,5317701.42,259707.1,5577408.52,95.34358835167413,4.656411648325879
128,2020,New Mexico,NM,False,474483.0,418483.0,917237.0,Ben R. Lujan,Mark V. Ronchetti,False,False,7409333.28,3808608.21,892966.0,53.135617705489345,46.864382294510655,7409333.28,3808608.21,11217941.49,66.04895636694928,33.95104363305072
129,2020,North Carolina,NC,False,2569965.0,2665598.0,5474952.0,Cal Cunningham,Thom Tillis,False,True,48478504.09,17309037.37,5235563.0,49.086698030374194,50.91330196962581,48478504.09,17309037.37,65787541.46000001,73.68949046298651,26.31050953701348
130,2020,Oklahoma,OK,False,509763.0,979140.0,1556361.0,Abby Broyles,Jim Inhofe ,False,True,2001852.15,2723672.52,1488903.0,34.237488943201804,65.76251105679819,2001852.15,2723672.52,4725524.67,42.36253727990801,57.63746272009199
131,2020,Oregon,OR,False,1321047.0,912814.0,2321249.0,Jeff Merkley,Jo Rae Perkins,True,False,5585245.96,120539.59,2233861.0,59.137385898227336,40.86261410177267,5585245.96,120539.59,5705785.55,97.88741464354544,2.1125853564545554
132,2020,Rhode Island,RI,False,328574.0,164855.0,494262.0,John F. Reed,Allen R. Waters,True,False,1339746.42,18929.0,493429.0,66.58992479161135,33.41007520838865,1339746.42,18929.0,1358675.42,98.60680485409826,1.3931951459017342
133,2020,South Carolina,SC,False,1110828.0,1369137.0,2515104.0,Jaime Harrison,Lindsey Graham,False,True,131109406.86,102558062.01,2479965.0,44.7920837592466,55.2079162407534,131109406.86,102558062.01,233667468.87,56.10939661136237,43.890603388637636
134,2020,South Dakota,SD,False,143987.0,276232.0,420219.0,Dan Ahlers,Mike Rounds,False,True,245553.67,2066636.73,420219.0,34.26475242671083,65.73524757328917,245553.67,2066636.73,2312190.4,10.619958892658667,89.38004110734134
135,2020,Tennessee,TN,False,1040691.0,1840926.0,2959761.0,Marquita Bradshaw,Bill Hagerty,False,False,1564486.33,7314185.31,2881617.0,36.114827195980595,63.885172804019405,1564486.33,7314185.31,8878671.64,17.62072518767008,82.37927481232991
136,2020,Texas,TX,False,4888764.0,5962983.0,11144040.0,"Mary ""Mj"" Hegar",John Cornyn,False,True,28046021.96,18604183.72,10851747.0,45.050478968962324,54.949521031037676,28046021.96,18604183.72,46650205.68,60.119824877908236,39.880175122091764
137,2020,Virginia,VA,False,2466500.0,1934199.0,4405087.0,Mark R. Warner,Daniel M. Gade,True,False,8161026.17,4686785.29,4400699.0,56.047914206356765,43.952085793643235,8161026.17,4686785.29,12847811.46,63.52074978223566,36.479250217764324
138,2020,West Virginia,WV,False,210309.0,547454.0,778918.0,Paula Jean Swearengin,Shelley Moore Capito,False,True,2015144.11,2434918.77,757763.0,27.753928339071717,72.2460716609283,2015144.11,2434918.77,4450062.88,45.28349743228797,54.716502567712034
139,2022,Alabama,AL,False,436746.0,942154.0,1414238.0,Will Boyd,Katie Britt,False,False,112153.96,9080849.3,1378900.0,31.673507868590907,68.32649213140908,112153.96,9080849.3,9193003.260000002,1.2199926055503214,98.78000739444967
140,2022,Alaska,AK,False,,253864.0,253864.0,[],"['Kelly C. Tshibaka', 'Lisa Murkowski']",[],"[False, True]",[],"[5733782.02, 5813100.3]",,,,0.0,11546882.32,11546882.32,0.0,100.0
141,2022,Arizona,AZ,False,1322027.0,1196328.0,2572294.0,Mark Kelly,"['Blake Masters', 'Roxanne Renee Rodriguez']",True,"[False, False]",86182200.14,"[12638177.0, 0]",2518355.0,52.49565688713466,47.50434311286534,86182200.14,12638177.0,98820377.14,87.21096056727718,12.789039432722813
142,2022,Arkansas,AR,False,280187.0,592437.0,901306.0,Natalie James,John Boozman,False,True,69437.27,3225487.7,872624.0,32.10855992959167,67.89144007040832,69437.27,3225487.7,3294924.97,2.107400642874123,97.89259935712587
143,2022,California,CA,False,6621621.0,4222029.0,10843650.0,Alex Padilla,Mark P. Meuser,True,False,9352290.72,0,10843650.0,61.06450318850203,38.93549681149797,9352290.72,0.0,9352290.72,100.0,0.0
144,2022,Colorado,CO,False,1397170.0,1031693.0,2500201.0,Michael Bennet,Joe O'Dea,True,False,16971970.14,4426702.57,2428863.0,57.52362319323898,42.476376806761024,16971970.14,4426702.57,21398672.71,79.31319091612949,20.68680908387051
145,2022,Florida,FL,False,3201522.0,4474847.0,7758014.0,Val Demings,Marco Rubio,False,True,78573917.51,38949661.01,7676369.0,41.706202502771816,58.293797497228184,78573917.51,38949661.01,117523578.52000001,66.85800287865501,33.14199712134497
146,2022,Georgia,GA,False,1820633.0,1721244.0,3541877.0,Raphael Warnock,Herschel Junior Walker,True,False,191454967.85,70457501.53,3541877.0,51.40305549853933,48.59694450146066,191454967.85,70457501.53,261912469.38,73.0988365323777,26.901163467622304
147,2022,Hawaii,HI,False,290894.0,106358.0,409148.0,"Schatz, Brian","Mcdermott, Bob",True,False,1207175.32,0,397252.0,73.22656651193701,26.77343348806299,1207175.32,0.0,1207175.32,100.0,0.0
148,2022,Idaho,ID,False,169808.0,358539.0,590890.0,David Roth,Mike Crapo,False,True,79929.37,1510435.77,528347.0,32.13948408905511,67.86051591094488,79929.37,1510435.77,1590365.1400000001,5.025850227074267,94.97414977292571
149,2022,Illinois,IL,False,2329136.0,1701055.0,4098896.0,Tammy Duckworth,Kathy Salvi,True,False,11430651.78,765546.39,4030191.0,57.792198930522154,42.207801069477846,11430651.78,765546.39,12196198.17,93.72307354038344,6.276926459616555
150,2022,Indiana,IN,False,704411.0,1090165.0,1859851.0,"Thomas M. Mcdermott, Jr.",Todd Young,False,True,1235311.02,5580066.12,1794576.0,39.252224480880166,60.74777551911984,1235311.02,5580066.12,6815377.140000001,18.125350873832932,81.87464912616707
151,2022,Iowa,IA,False,533330.0,681501.0,1230416.0,Michael Franken,Chuck Grassley,False,True,11312983.59,5613177.5,1214831.0,43.90157972590426,56.09842027409574,11312983.59,5613177.5,16926161.09,66.83726764649384,33.16273235350615
152,2022,Kansas,KS,False,372214.0,602976.0,1004956.0,Mark R. Holland,Jerry Moran,False,True,893026.65,1452786.97,975190.0,38.16835693557153,61.83164306442846,893026.65,1452786.97,2345813.62,38.06895153076995,61.93104846923004
153,2022,Kentucky,KY,False,564311.0,913326.0,1477830.0,Charles Booker,Rand Paul,False,True,6311658.43,22362331.46,1477637.0,38.19009675583381,61.8099032441662,6311658.43,22362331.46,28673989.89,22.011789967887164,77.98821003211283
154,2022,Louisiana,LA,False,481065.0,876843.0,1383290.0,"['Gary Chambers, Jr.', 'Mv \\Vinny\\"" Mendoza""', 'Salvador P. Rodriguez', 'Syrita Steib', '\\Luke\\"" Mixon""']","['Devin Lance Graham', 'John Kennedy']","[False, False, False, False, False]","[False, True]","[1703294.44, 0, 0, 183834.4, 2291833.93]","[0, 32141730.16]",1357908.0,35.42692141146529,64.57307858853471,4178962.77,32141730.16,36320692.93,11.505735251400667,88.49426474859933
155,2022,Maryland,MD,False,1316897.0,682293.0,2002336.0,Chris Van Hollen,Chris Chaffee,True,False,4074998.09,0,1999190.0,65.87152796882737,34.12847203117263,4074998.09,0.0,4074998.09,100.0,0.0
156,2022,Missouri,MO,False,868875.0,1143636.0,2012511.0,Trudy Busch Valentine,Eric Schmitt,False,False,1718057.67,5273782.43,2012511.0,43.173677063131585,56.82632293686842,1718057.67,5273782.43,6991840.1,24.572324959204945,75.42767504079505
157,2022,Nevada,NV,False,498316.0,490388.0,1020850.0,"Cortez Masto, Catherine","Laxalt, Adam Paul",True,False,55543614.55,16582861.38,988704.0,50.400928892772754,49.59907110722724,55543614.55,16582861.38,72126475.92999999,77.00863494829007,22.99136505170994
158,2022,New Hampshire,NH,False,332490.0,275631.0,620975.0,Maggie Hassan,Donald C. Bolduc,True,False,32011401.79,3502428.34,608121.0,54.674974223879794,45.32502577612021,32011401.79,3502428.34,35513830.129999995,90.1378467848182,9.862153215181808
159,2022,New York,NY,False,3022822.0,2204499.0,5848556.0,Charles E. Schumer,Joe Pinion,True,False,34530355.91,567659.09,5227321.0,57.82736510728918,42.17263489271082,34530355.91,567659.09,35098015.0,98.38264616959106,1.6173538304089277
160,2022,North Carolina,NC,False,1784049.0,1905786.0,3773924.0,Cheri Beasley,Ted Budd,False,False,35250751.45,10567966.55,3689835.0,48.350373390680076,51.64962660931993,35250751.45,10567966.55,45818718.0,76.93526355320549,23.06473644679452
161,2022,North Dakota,ND,False,59995.0,135474.0,240140.0,Katrina Christiansen,John Hoeven,False,True,99715.97,1165326.08,195469.0,30.692846436007752,69.30715356399224,99715.97,1165326.08,1265042.05,7.88242335501812,92.11757664498188
162,2022,Ohio,OH,False,1939489.0,2192114.0,4133342.0,Tim Ryan,Jd Vance,False,False,52143311.69,8953629.17,4131603.0,46.9427725751966,53.0572274248034,52143311.69,8953629.17,61096940.86,85.34520870608446,14.654791293915531
163,2022,Oklahoma,OK,False,369370.0,739960.0,1150732.0,Madison Horn,James Lankford,False,True,346551.94,3279385.05,1109330.0,33.29667456933464,66.70332543066536,346551.94,3279385.05,3625936.9899999998,9.557583073168626,90.44241692683137
164,2022,Oklahoma,OK,True,405389.0,710643.0,1150481.0,Kendra Horn,Markwayne Mullin,False,False,1813195.55,2825621.32,1116032.0,36.32413765913522,63.675862340864775,1813195.55,2825621.32,4638816.87,39.08745701358114,60.91254298641886
165,2022,Oregon,OR,False,1076424.0,788991.0,1927949.0,Wyden Ron,Perkins Jo Rae,True,False,7051802.01,120735.0,1865415.0,57.704264198583154,42.295735801416846,7051802.01,120735.0,7172537.01,98.31670439857375,1.6832956014262517
166,2022,Pennsylvania,PA,False,2751012.0,2487260.0,5368021.0,John K Fetterman,Mehmet C Oz,False,False,68305748.66,20719872.63,5238272.0,52.51754777147883,47.48245222852116,68305748.66,20719872.63,89025621.28999999,76.72594436324658,23.274055636753424
167,2022,South Carolina,SC,False,627616.0,1066274.0,1695702.0,Krystle Matthews,Tim Scott,False,True,131770.58,38181354.64,1693890.0,37.051756607571924,62.94824339242808,131770.58,38181354.64,38313125.22,0.3439306484223163,99.65606935157768
168,2022,South Dakota,SD,False,91007.0,242316.0,348020.0,Brian L Bengs,John R Thune,False,True,449261.77,3751172.67,333323.0,27.30294639133813,72.69705360866186,449261.77,3751172.67,4200434.4399999995,10.69560247677619,89.30439752322383
169,2022,Utah,UT,False,459958.0,571974.0,1076061.0,Evan Mcmullin,Mike Lee,False,True,7813860.1,7592448.42,1031932.0,44.572510591783185,55.42748940821682,7813860.1,7592448.42,15406308.52,50.71857473097001,49.28142526902999
170,2022,Vermont,VT,False,196575.0,80468.0,287386.0,Peter Welch,Gerald Malloy,False,False,2134173.57,285291.89,277043.0,70.95468934425342,29.045310655746583,2134173.57,285291.89,2419465.46,88.20847436276276,11.791525637237243
171,2022,Washington,WA,False,1741827.0,1299322.0,3047900.0,Patty Murray,Tiffany Smiley,True,False,11992151.63,20162092.88,3041149.0,57.27529298959044,42.72470701040955,11992151.63,20162092.88,32154244.509999998,37.295703297492906,62.7042967025071
172,2022,Wisconsin,WI,False,1310467.0,1337185.0,2652477.0,Mandela Barnes,Ron Johnson,False,True,39399577.48,28413967.17,2647652.0,49.49543973301627,50.504560266983724,39399577.48,28413967.17,67813544.65,58.09986439043928,41.90013560956071
173,2024,Arizona,AZ,False,1676335.0,1595761.0,3347964.0,Ruben Gallego,Kari Lake,False,False,59385707.27,23239868.42,3272096.0,51.23122915709074,48.768770842909255,59385707.27,23239868.42,82625575.69,71.8732750411412,28.126724958858805
174,2024,California,CA,False,9036252.0,6312594.0,15348846.0,Adam B. Schiff,Steve Garvey,False,False,45110628.66,20239043.43,15348846.0,58.872517191194696,41.1274828088053,45110628.66,20239043.43,65349672.089999996,69.0296174675113,30.970382532488692
175,2024,Connecticut,CT,False,953646.0,678256.0,1708259.0,Christopher S. Murphy,Matthew M. Corey,True,False,12056273.92,238005.52,1631902.0,58.43770030308193,41.562299696918075,12056273.92,238005.52,12294279.44,98.06409540988928,1.935904590110732
176,2024,Delaware,DE,False,283298.0,197753.0,500606.0,Lisa Blunt Rochester,Eric Hansen,False,False,6039846.28,131912.56,481051.0,58.891468887914165,41.10853111208583,6039846.28,131912.56,6171758.84,97.86264234524108,2.1373576547589144
177,2024,Florida,FL,False,4603077.0,5977706.0,10757428.0,Debbie Mucarsel-Powell,Rick Scott,False,True,34482940.4,5556639.68,10580783.0,43.50412441120851,56.49587558879149,34482940.4,5556639.68,40039580.08,86.12213297717481,13.87786702282518
178,2024,Hawaii,HI,False,324194.0,160075.0,501763.0,Mazie K. Hirono,Bob Mcdermott,True,False,2064894.06,18912.6,484269.0,66.94502435629785,33.05497564370216,2064894.06,18912.6,2083806.6600000001,99.09240140349681,0.9075985965031899
179,2024,Indiana,IN,False,1097061.0,1659416.0,2829897.0,Valerie Mccray,Jim Banks,False,False,120540.01,4534595.55,2756477.0,39.79938885758887,60.200611142411134,120540.01,4534595.55,4655135.56,2.58939849218913,97.41060150781088
180,2024,Maine,ME,False,516445.0,284434.0,842447.0,"['Angus S. King Jr.', 'David Allen Costello']",Demi Kouzounas,"[True, False]",False,"[3734651.41, 26517.81]",364262.81,800879.0,64.48477235637343,35.51522764362657,3761169.22,364262.81,4125432.0300000003,91.17031119768563,8.82968880231436
181,2024,Maryland,MD,False,1650912.0,1294344.0,3021378.0,Angela Alsobrooks,Larry Hogan,False,False,23764486.41,6056832.99,2945256.0,56.05325988640716,43.94674011359284,23764486.41,6056832.99,29821319.4,79.6895874768036,20.310412523196412
182,2024,Massachusetts,MA,False,2041668.0,1365440.0,3512930.0,Elizabeth Ann Warren,John Deaton,True,False,8695846.64,1147559.95,3407108.0,59.92378286805115,40.07621713194885,8695846.64,1147559.95,9843406.59,88.34184141935359,11.658158580646418
183,2024,Michigan,MI,False,2712686.0,2693680.0,5577187.0,Elissa Slotkin,Mike Rogers,False,False,46587666.88,9726562.99,5406366.0,50.175774263155695,49.824225736844305,46587666.88,9726562.99,56314229.870000005,82.72805468093317,17.27194531906683
184,2024,Minnesota,MN,False,1792441.0,1291712.0,3189323.0,Amy Klobuchar,Royce White,True,False,10146530.53,1571923.12,3084153.0,58.11777171884793,41.88222828115207,10146530.53,1571923.12,11718453.649999999,86.58591682017705,13.414083179822963
185,2024,Mississippi,MS,False,451981.0,763420.0,1215401.0,Ty Pinkins,Roger F. Wicker,False,True,1044355.67,3901123.07,1215401.0,37.18780879726115,62.81219120273885,1044355.67,3901123.07,4945478.74,21.11738266212828,78.88261733787172
186,2024,Missouri,MO,False,1243728.0,1651907.0,2972559.0,Lucas Kunce,Josh Hawley,False,True,0,6979078.18,2895635.0,42.951822311859054,57.048177688140946,0.0,6979078.18,6979078.18,0.0,100.0
187,2024,Montana,MT,False,276305.0,319682.0,607262.0,Jon Tester,Tim Sheehy,True,False,81104096.95,21776098.8,595987.0,46.36091055677389,53.639089443226105,81104096.95,21776098.8,102880195.75,78.83353677425328,21.166463225746732
188,2024,Nebraska,NE,False,436493.0,499124.0,938336.0,Dan Osborn,Deb Fischer,False,True,14362159.56,2675034.51,935617.0,46.652957353275966,53.34704264672403,14362159.56,2675034.51,17037194.07,84.2988552046235,15.701144795376507
189,2024,Nebraska,NE,True,349902.0,585103.0,935005.0,Preston Love Jr.,Pete Ricketts,False,True,197363.08,1698880.62,935005.0,37.422473676611354,62.577526323388646,197363.08,1698880.62,1896243.7000000002,10.408107354555744,89.59189264544425
190,2024,Nevada,NV,False,701105.0,677046.0,1464728.0,Jacky S. Rosen,Sam Brown,True,False,33769624.63,20606960.46,1378151.0,50.87287242109174,49.127127578908265,33769624.63,20606960.46,54376585.09,62.10324641407156,37.89675358592844
191,2024,New Jersey,NJ,False,2161491.0,1773589.0,4031795.0,Andy Kim,Curtis Bashaw,False,False,11094385.53,2072777.5,3935080.0,54.92876891956453,45.07123108043547,11094385.53,2072777.5,13167163.03,84.2579795262093,15.742020473790703
192,2024,New Mexico,NM,False,497333.0,405978.0,903311.0,Martin Heinrich,Nella Louise Domenici,True,False,8100492.64,2299469.56,903311.0,55.05667483292023,44.94332516707978,8100492.64,2299469.56,10399962.2,77.88963540655946,22.110364593440544
193,2024,New York,NY,False,4711669.0,3246690.0,8381397.0,Kirsten E. Gillibrand,Michael D. Sapraicone,True,False,4446971.88,362788.15,7958359.0,59.204026860311274,40.795973139688726,4446971.88,362788.15,4809760.03,92.45725051276622,7.542749487233774
194,2024,North Dakota,ND,False,121602.0,241569.0,364327.0,Katrina Christiansen,Kevin Cramer,False,True,3017631.6,2647741.19,363171.0,33.483400381638404,66.5165996183616,3017631.6,2647741.19,5665372.79,53.26448429530443,46.73551570469557
195,2024,Ohio,OH,False,2650949.0,2857383.0,5704620.0,Sherrod Brown,Bernie Moreno,True,False,79877201.03,14811193.79,5508332.0,48.12616596094789,51.87383403905211,79877201.03,14811193.79,94688394.82,84.35796296034412,15.642037039655882
196,2024,Pennsylvania,PA,False,3384180.0,3399295.0,6963137.0,Robert P Casey Jr,Dave Mccormick,True,False,43598592.23,21181317.53,6783475.0,49.88858955034108,50.11141044965891,43598592.23,21181317.53,64779909.76,67.30264427895368,32.697355721046314
197,2024,Rhode Island,RI,False,294665.0,196039.0,491948.0,Sheldon Whitehouse,Patricia Morgan,True,False,2700712.67,227784.57,490704.0,60.04943917310639,39.95056082689361,2700712.67,227784.57,2928497.2399999998,92.22179324983759,7.778206750162416
198,2024,Tennessee,TN,False,1027461.0,1918743.0,3007608.0,Gloria Johnson,Marsha Blackburn,False,True,7460187.88,3874099.59,2946204.0,34.87406167393704,65.12593832606296,7460187.88,3874099.59,11334287.469999999,65.81964591727441,34.18035408272559
199,2024,Texas,TX,False,5031249.0,5990741.0,11291854.0,Colin Allred,Ted Cruz,False,True,85341899.87,67435723.31,11021990.0,45.64737402229543,54.35262597770457,85341899.87,67435723.31,152777623.18,55.86020916783843,44.13979083216157
200,2024,Utah,UT,False,464515.0,914700.0,1463509.0,Caroline Gleich,John Curtis,False,False,1207279.2,2319425.97,1379215.0,33.67966560688508,66.32033439311492,1207279.2,2319425.97,3526705.17,34.232495822722825,65.76750417727717
201,2024,Vermont,VT,False,229429.0,116512.0,372885.0,Bernie Sanders,Gerald Malloy,True,False,7241250.56,643687.45,345941.0,66.32026848508849,33.6797315149115,7241250.56,643687.45,7884938.01,91.83649320789017,8.163506792109834
202,2024,Virginia,VA,False,2417115.0,2019911.0,4445535.0,Timothy M. Kaine,Hung Cao,True,False,10885217.62,9531954.86,4437026.0,54.476016142343994,45.523983857656006,10885217.62,9531954.86,20417172.479999997,53.3140307780757,46.68596922192431
203,2024,Washington,WA,False,2252577.0,1549187.0,3812391.0,Maria Cantwell,Dr Raul Garcia,True,False,10134572.64,667251.97,3801764.0,59.250837242921975,40.749162757078025,10134572.64,667251.97,10801824.610000001,93.82278463045698,6.177215369543015
204,2024,West Virginia,WV,False,207548.0,514079.0,747717.0,Glenn Elliott,Jim Justice,False,False,838815.08,2727259.36,721627.0,28.76111897143538,71.23888102856462,838815.08,2727259.36,3566074.44,23.522085534479196,76.4779144655208
205,2024,Wisconsin,WI,False,1672777.0,1643996.0,3390787.0,Tammy Baldwin,Eric Hovde,True,False,42080848.61,9292282.65,3316773.0,50.43387051209112,49.566129487908874,42080848.61,9292282.65,51373131.26,81.91217388916465,18.087826110835355
206,2024,Wyoming,WY,False,63727.0,198418.0,271123.0,Scott D Morrow,John Barrasso,False,True,39107.29,3650337.75,262145.0,24.309828530012016,75.69017146998799,39107.29,3650337.75,3689445.04,1.0599775732124743,98.94002242678752
