,,,,2012,,,,,,2008,,,,
CD,Incumbent,Party,,Obama,Romney,Total,Obama%,Romney%,,Obama,McCain,Total,Obama%,McCain%
AK-AL,"Young, Don",(R),,"122,640","164,676","297,625",41.2%,55.3%,,"123,594","193,841","324,467",38.1%,59.7%
AL-01,"Byrne, Bradley",(R),,"111,735","184,786","298,837",37.4%,61.8%,,"115,975","183,753","301,556",38.5%,60.9%
AL-02,"Roby, Martha",(R),,"105,572","182,287","289,864",36.4%,62.9%,,"101,076","186,164","288,807",35.0%,64.5%
AL-03,"Rogers, Mike D.",(R),,"103,089","174,465","280,128",36.8%,62.3%,,"103,221","176,434","281,951",36.6%,62.6%
AL-04,"Aderholt, Rob",(R),,"65,818","205,423","274,505",24.0%,74.8%,,"71,095","204,123","278,483",25.5%,73.3%
AL-05,"Brooks, Mo",(R),,"103,598","189,860","297,263",34.9%,63.9%,,"107,005","184,225","294,444",36.3%,62.6%
AL-06,"Palmer, Gary",(R),,"77,517","233,566","314,343",24.7%,74.3%,,"78,559","232,644","313,838",25.0%,74.1%
AL-07,"Sewell, Terri",(D),,"228,276","85,488","315,244",72.4%,27.1%,,"225,642","88,803","315,625",71.5%,28.1%
AR-01,"Crawford, Rick",(R),,"92,086","154,549","253,460",36.3%,61.0%,,"102,670","151,918","262,118",39.2%,58.0%
AR-02,"Hill, French",(R),,"125,527","160,140","292,515",42.9%,54.7%,,"129,888","157,732","293,250",44.3%,53.8%
AR-03,"Womack, Steve",(R),,"81,413","168,703","257,668",31.6%,65.5%,,"85,866","161,902","253,566",33.9%,63.9%
AR-04,"Westerman, Bruce",(R),,"95,383","164,352","265,825",35.9%,61.8%,,"103,886","166,465","277,684",37.4%,59.9%
AZ-01,"Kirkpatrick, Ann",(D),,"124,550","131,115","260,056",47.9%,50.4%,,"123,079","131,208","257,294",47.8%,51.0%
AZ-02,"McSally, Martha",(R),,"144,966","149,651","299,691",48.4%,49.9%,,"150,877","153,747","308,531",48.9%,49.8%
AZ-03,"Grijalva, Raul",(D),,"108,902","65,482","177,248",61.4%,36.9%,,"102,818","71,980","176,761",58.2%,40.7%
AZ-04,"Gosar, Paul",(R),,"80,035","173,394","258,046",31.0%,67.2%,,"86,346","161,163","251,086",34.4%,64.2%
AZ-05,"Salmon, Matt",(R),,"101,511","187,304","293,748",34.6%,63.8%,,"104,014","179,566","286,711",36.3%,62.6%
AZ-06,"Schweikert, David",(R),,"121,661","186,537","313,417",38.8%,59.5%,,"130,426","182,747","316,599",41.2%,57.7%
AZ-07,"Gallego, Ruben",(D),,"101,028","37,353","140,907",71.7%,26.5%,,"85,991","45,289","132,868",64.7%,34.1%
AZ-08,"Franks, Trent",(R),,"107,335","179,555","291,126",36.9%,61.7%,,"110,610","174,516","288,189",38.4%,60.6%
AZ-09,"Sinema, Kyrsten",(D),,"135,244","123,263","264,563",51.1%,46.6%,,"140,546","129,894","274,042",51.3%,47.4%
CA-01,"LaMalfa, Doug",(R),,"122,379","171,902","303,928",40.3%,56.6%,,,,,,
CA-02,"Huffman, Jared",(D),,"230,212","89,908","333,442",69.0%,27.0%,,,,,,
CA-03,"Garamendi, John",(D),,"131,237","104,145","241,687",54.3%,43.1%,,,,,,
CA-04,"McClintock, Tom",(R),,"133,473","195,386","337,634",39.5%,57.9%,,,,,,
CA-05,"Thompson, Mike",(D),,"199,924","78,703","286,658",69.7%,27.5%,,,,,,
CA-06,"Matsui, Doris",(D),,"156,141","63,862","225,831",69.1%,28.3%,,,,,,
CA-07,"Bera, Ami",(D),,"145,147","133,888","285,997",50.8%,46.8%,,,,,,
CA-08,"Cook, Paul",(R),,"88,579","118,278","212,633",41.7%,55.6%,,,,,,
CA-09,"McNerney, Jerry",(D),,"127,418","88,403","220,312",57.8%,40.1%,,,,,,
CA-10,"Denham, Jeff",(R),,"108,923","101,160","215,113",50.6%,47.0%,,,,,,
CA-11,"DeSaulnier, Mark",(D),,"203,699","90,226","301,134",67.6%,30.0%,,,,,,
CA-12,"Pelosi, Nancy",(D),,"269,461","40,003","320,387",84.1%,12.5%,,,,,,
CA-13,"Lee, Barbara",(D),,"268,093","27,474","306,314",87.5%,9.0%,,,,,,
CA-14,"Speier, Jackie",(D),,"200,343","63,589","269,882",74.2%,23.6%,,,,,,
CA-15,"Swalwell, Eric",(D),,"177,243","77,748","260,611",68.0%,29.8%,,,,,,
CA-16,Jim Costa,(D),,"88,973","59,808","151,953",58.6%,39.4%,,,,,,
CA-17,"Honda, Mike",(D),,"163,862","58,193","227,806",71.9%,25.5%,,,,,,
CA-18,"Eshoo, Anna",(D),,"218,082","92,457","319,615",68.2%,28.9%,,,,,,
CA-19,"Lofgren, Zoe",(D),,"165,530","61,643","232,442",71.2%,26.5%,,,,,,
CA-20,"Farr, Sam",(D),,"168,956","62,427","238,341",70.9%,26.2%,,,,,,
CA-21,"Valadao, David",(R),,"65,146","51,917","119,232",54.6%,43.5%,,,,,,
CA-22,"Nunes, Devin",(R),,"92,005","125,213","221,278",41.6%,56.6%,,,,,,
CA-23,"McCarthy, Kevin",(R),,"82,119","139,816","227,297",36.1%,61.5%,,,,,,
CA-24,"Capps, Lois",(D),,"158,119","126,049","292,406",54.1%,43.1%,,,,,,
CA-25,"Knight, Steve",(R),,"120,701","125,258","252,249",47.8%,49.7%,,,,,,
CA-26,"Brownley, Julia",(D),,"147,753","119,677","273,647",54.0%,43.7%,,,,,,
CA-27,"Chu, Judy",(D),,"161,528","90,278","257,970",62.6%,35.0%,,,,,,
CA-28,"Schiff, Adam",(D),,"187,441","70,757","266,628",70.3%,26.5%,,,,,,
CA-29,"Cardenas, Tony",(D),,"129,323","34,454","167,889",77.0%,20.5%,,,,,,
CA-30,"Sherman, Brad",(D),,"186,301","91,680","285,226",65.3%,32.1%,,,,,,
CA-31,"Aguilar, Pete",(D),,"118,043","83,822","206,242",57.2%,40.6%,,,,,,
CA-32,"Napolitano, Grace",(D),,"133,061","66,269","204,169",65.2%,32.5%,,,,,,
CA-33,"Lieu, Ted",(D),,"210,010","127,421","346,504",60.6%,36.8%,,,,,,
CA-34,"Becerra, Xavier",(D),,"127,510","21,739","153,699",83.0%,14.1%,,,,,,
CA-35,"Torres, Norma",(D),,"108,983","49,433","161,732",67.4%,30.6%,,,,,,
CA-36,"Ruiz, Raul",(D),,"107,914","101,156","212,939",50.7%,47.5%,,,,,,
CA-37,"Bass, Karen",(D),,"222,329","33,307","261,858",84.9%,12.7%,,,,,,
CA-38,"Sanchez, Linda",(D),,"149,141","75,780","229,875",64.9%,33.0%,,,,,,
CA-39,"Royce, Ed",(R),,"124,108","133,742","263,530",47.1%,50.8%,,,,,,
CA-40,"Roybal-Allard, Lucille",(D),,"115,637","23,446","141,918",81.5%,16.5%,,,,,,
CA-41,"Takano, Mark",(D),,"114,040","67,314","185,429",61.5%,36.3%,,,,,,
CA-42,"Calvert, Ken",(R),,"96,212","131,438","232,520",41.4%,56.5%,,,,,,
CA-43,"Waters, Maxine",(D),,"173,342","44,485","222,219",78.0%,20.0%,,,,,,
CA-44,"Hahn, Janice",(D),,"155,459","24,995","183,586",84.7%,13.6%,,,,,,
CA-45,"Walters, Mimi",(R),,"133,114","169,489","309,399",43.0%,54.8%,,,,,,
CA-46,"Sanchez, Loretta",(D),,"95,479","56,252","155,493",61.4%,36.2%,,,,,,
CA-47,"Lowenthal, Alan",(D),,"147,456","92,010","245,624",60.0%,37.5%,,,,,,
CA-48,"Rohrabacher, Dana",(R),,"133,103","169,249","309,496",43.0%,54.7%,,,,,,
CA-49,"Issa, Darrell",(R),,"134,447","153,856","294,468",45.7%,52.2%,,,,,,
CA-50,"Hunter, Duncan",(R),,"102,649","165,104","273,289",37.6%,60.4%,,,,,,
CA-51,"Vargas, Juan",(D),,"115,610","48,108","166,684",69.4%,28.9%,,,,,,
CA-52,"Peters, Scott",(D),,"163,911","143,726","314,748",52.1%,45.7%,,,,,,
CA-53,"Davis, Susan",(D),,"174,616","103,513","284,333",61.4%,36.4%,,,,,,
CO-01,"DeGette, Diana",(D),,"254,400","106,334","368,798",69.0%,28.8%,,"238,267","92,818","336,293",70.9%,27.6%
CO-02,"Polis, Jared",(D),,"255,209","174,095","440,652",57.9%,39.5%,,"255,063","154,884","416,822",61.2%,37.2%
CO-03,"Tipton, Scott",(R),,"163,886","185,459","358,045",45.8%,51.8%,,"166,259","171,205","343,167",48.4%,49.9%
CO-04,"Buck, Ken",(R),,"140,404","209,415","357,971",39.2%,58.5%,,"138,609","186,271","330,465",41.9%,56.4%
CO-05,"Lamborn, Doug",(R),,"129,903","200,491","339,143",38.3%,59.1%,,"127,252","188,389","320,557",39.7%,58.8%
CO-06,"Coffman, Mike",(R),,"183,024","165,070","354,989",51.6%,46.5%,,"175,007","146,589","326,232",53.6%,44.9%
CO-07,"Perlmutter, Ed",(D),,"196,276","144,379","349,920",56.1%,41.3%,,"187,678","133,184","327,142",57.4%,40.7%
CT-01,"Larson, John",(D),,"200,960","112,982","317,496",63.3%,35.6%,,"220,181","110,296","334,807",65.8%,32.9%
CT-02,"Courtney, Joe",(D),,"177,544","135,235","317,687",55.9%,42.6%,,"199,414","136,155","340,366",58.6%,40.0%
CT-03,"DeLauro, Rosa",(D),,"191,296","110,912","305,600",62.6%,36.3%,,"203,090","117,258","324,233",62.6%,36.2%
CT-04,"Himes, Jim",(D),,"170,884","136,600","310,284",55.1%,44.0%,,"192,941","128,653","323,755",59.6%,39.7%
CT-05,"Esty, Elizabeth",(D),,"164,621","139,347","307,553",53.5%,45.3%,,"182,147","137,066","323,202",56.4%,42.4%
DE-AL,"Carney, John",(D),,"242,584","165,484","413,890",58.6%,40.0%,,"255,459","152,374","412,412",61.9%,36.9%
FL-01,"Miller, Jeff",(R),,"106,814.0","242,972.0","353,882",30.2%,68.7%,,"114,934.0","240,062.0","359,439",32.0%,66.8%
FL-02,"Graham, Gwen",(D),,"158,751.0","178,780.0","341,283",46.5%,52.4%,,"162,376.0","179,544.0","345,724",47.0%,51.9%
FL-03,"Yoho, Ted",(R),,"122,708.0","202,003.0","328,512",37.4%,61.5%,,"131,054.0","196,377.0","331,924",39.5%,59.2%
FL-04,"Crenshaw, Ander",(R),,"123,938.0","222,443.0","349,660",35.4%,63.6%,,"126,926.0","217,160.0","347,461",36.5%,62.5%
FL-05,"Brown, Corrine",(D),,"196,608.0","77,414.0","276,025",71.2%,28.0%,,"200,601.0","81,903.0","284,654",70.5%,28.8%
FL-06,"DeSantis, Ron",(R),,"149,955.0","209,150.0","362,481",41.4%,57.7%,,"164,545.0","193,615.0","362,480",45.4%,53.4%
FL-07,"Mica, John",(R),,"156,382.0","172,042.0","332,061",47.1%,51.8%,,"163,106.0","165,848.0","332,170",49.1%,49.9%
FL-08,"Posey, Bill",(R),,"153,138.0","206,074.0","363,051",42.2%,56.8%,,"160,787.0","201,287.0","366,753",43.8%,54.9%
FL-09,"Grayson, Alan",(D),,"170,093.0","102,173.0","274,613",61.9%,37.2%,,"157,249.0","102,036.0","261,405",60.2%,39.0%
FL-10,"Webster, Dan",(R),,"149,532.0","174,484.0","327,037",45.7%,53.4%,,"149,038.0","164,233.0","315,942",47.2%,52.0%
FL-11,"Nugent, Rich",(R),,"143,380.0","209,720.0","356,382",40.2%,58.8%,,"151,906.0","196,790.0","353,215",43.0%,55.7%
FL-12,"Bilirakis, Gus",(R),,"153,386.0","185,157.0","342,626",44.8%,54.0%,,"159,963.0","178,700.0","343,118",46.6%,52.1%
FL-13,"Jolly, David",(R),,"171,102.0","166,087.0","341,397",50.1%,48.6%,,"176,429.0","163,342.0","345,146",51.1%,47.3%
FL-14,"Castor, Kathy",(D),,"191,255.0","99,834.0","293,992",65.1%,34.0%,,"183,249.0","95,695.0","281,789",65.0%,34.0%
FL-15,"Ross, Dennis",(R),,"138,145.0","161,622.0","303,053",45.6%,53.3%,,"137,852.0","158,983.0","300,279",45.9%,52.9%
FL-16,"Buchanan, Vern",(R),,"161,079.0","194,525.0","358,795",44.9%,54.2%,,"171,359.0","180,935.0","356,383",48.1%,50.8%
FL-17,"Rooney, Tom",(R),,"122,440.0","172,038.0","297,209",41.2%,57.9%,,"127,254.0","164,927.0","296,000",43.0%,55.7%
FL-18,"Murphy, Patrick",(D),,"163,067.0","177,320.0","342,845",47.6%,51.7%,,"172,943.0","162,776.0","338,787",51.0%,48.0%
FL-19,"Clawson, Curt",(R),,"124,296.0","194,306.0","320,681",38.8%,60.6%,,"135,937.0","182,403.0","321,165",42.3%,56.8%
FL-20,"Hastings, Alcee",(D),,"216,641.0","44,526.0","262,252",82.6%,17.0%,,"204,791.0","48,508.0","254,703",80.4%,19.0%
FL-21,"Deutch, Ted",(D),,"196,227.0","125,822.0","323,843",60.6%,38.9%,,"203,177.0","114,765.0","319,953",63.5%,35.9%
FL-22,"Frankel, Lois",(D),,"178,229.0","147,262.0","327,763",54.4%,44.9%,,"183,173.0","137,458.0","323,214",56.7%,42.5%
FL-23,"Wasserman Schultz, Debbie",(D),,"176,266.0","108,696.0","286,662",61.5%,37.9%,,"173,355.0","105,237.0","280,666",61.8%,37.5%
FL-24,"Wilson, Frederica",(D),,"227,960.0","31,710.0","260,481",87.5%,12.2%,,"215,801.0","33,737.0","250,473",86.2%,13.5%
FL-25,"Diaz-Balart, Mario",(R),,"115,565.0","120,524.0","237,269",48.7%,50.8%,,"104,168.0","123,297.0","228,771",45.5%,53.9%
FL-26,"Curbelo, Carlos",(R),,"141,449.0","123,521.0","266,473",53.1%,46.4%,,"130,750.0","131,802.0","264,189",49.5%,49.9%
FL-27,"Ros-Lehtinen, Ileana",(R),,"129,350.0","113,241.0","243,809",53.1%,46.4%,,"116,754.0","122,474.0","240,628",48.5%,50.9%
GA-01,"Carter, Buddy",(R),,"111,949","145,460","260,148",43.0%,55.9%,,"116,029","143,603","261,140",44.4%,55.0%
GA-02,"Bishop, Sanford",(D),,"153,998","107,242","262,837",58.6%,40.8%,,"155,809","112,005","269,039",57.9%,41.6%
GA-03,"Westmoreland, Lynn",(R),,"97,746","195,071","296,218",33.0%,65.9%,,"100,498","193,264","296,017",34.0%,65.3%
GA-04,"Johnson, Hank",(D),,"218,499","75,951","296,933",73.6%,25.6%,,"225,977","81,136","308,702",73.2%,26.3%
GA-05,"Lewis, John",(D),,"241,217","45,887","290,359",83.1%,15.8%,,"262,388","46,724","311,008",84.4%,15.0%
GA-06,"Price, Tom",(R),,"115,017","186,807","307,096",37.5%,60.8%,,"120,560","177,477","300,950",40.1%,59.0%
GA-07,"Woodall, Rob",(R),,"101,065","158,854","263,742",38.3%,60.2%,,"99,165","152,310","253,576",39.1%,60.1%
GA-08,"Scott, Austin",(R),,"99,677","163,908","265,963",37.5%,61.6%,,"100,004","162,850","264,482",37.8%,61.6%
GA-09,"Collins, Doug",(R),,"54,388","207,498","265,551",20.5%,78.1%,,"64,381","198,004","265,060",24.3%,74.7%
GA-10,"Hice, Jodi",(R),,"107,039","184,160","294,851",36.3%,62.5%,,"113,346","176,532","292,252",38.8%,60.4%
GA-11,"Loudermilk, Barry",(R),,"94,447","201,014","300,276",31.5%,66.9%,,"102,718","190,544","296,160",34.7%,64.3%
GA-12,"Allen, Rick",(R),,"117,085","148,688","268,283",43.6%,55.4%,,"116,658","147,742","265,819",43.9%,55.6%
GA-13,"Scott, David",(D),,"202,794","87,785","292,880",69.2%,30.0%,,"199,839","96,244","297,602",67.1%,32.3%
GA-14,"Graves, Tom",(R),,"58,906","170,364","232,702",25.3%,73.2%,,"66,752","170,324","239,806",27.8%,71.0%
HI-01,"Takai, Mark",(D),,"151,023","62,875","216,671",69.7%,29.0%,,"156,408","63,007","222,577",70.3%,28.3%
HI-02,"Gabbard, Tulsi",(D),,"155,635","58,140","218,026",71.4%,26.7%,,"169,463","57,559","230,991",73.4%,24.9%
IA-01,"Blum, Rod",(R),,"225,585","170,753","401,501",56.2%,42.5%,,"227,310","156,980","388,667",58.5%,40.4%
IA-02,"Loebsack, David",(D),,"219,946","168,534","394,310",55.8%,42.7%,,"219,565","159,959","384,369",57.1%,41.6%
IA-03,"Young, David",(R),,"203,622","186,645","395,798",51.4%,47.2%,,"197,112","173,967","375,933",52.4%,46.3%
IA-04,"King, Steve",(R),,"173,391","204,685","383,129",45.3%,53.4%,,"184,953","191,473","381,114",48.5%,50.2%
ID-01,"Labrador, Raul",(R),,"105,645","213,080","328,258",32.2%,64.9%,,"115,925","206,273","329,856",35.1%,62.5%
ID-02,"Simpson, Mike",(R),,"107,142","207,831","324,016",33.1%,64.1%,,"120,515","196,739","325,176",37.1%,60.5%
IL-01,"Rush, Bobby",(D),,"262,668","67,367","332,726",78.9%,20.2%,,"288,077","66,262","356,028",80.9%,18.6%
IL-02,"Kelly, Robin",(D),,"251,147","57,674","311,173",80.7%,18.5%,,"269,943","60,734","332,652",81.1%,18.3%
IL-03,"Lipinski, Dan",(D),,"143,676","109,396","256,893",55.9%,42.6%,,"159,475","110,701","273,174",58.4%,40.5%
IL-04,"Gutierrez, Luis",(D),,"137,065","28,899","169,434",80.9%,17.1%,,"144,949","32,767","180,051",80.5%,18.2%
IL-05,"Quigley, Mike",(D),,"188,324","90,747","285,239",66.0%,31.8%,,"214,869","88,466","307,613",69.9%,28.8%
IL-06,"Roskam, Peter",(R),,"151,937","179,606","336,936",45.1%,53.3%,,"179,195","165,272","349,055",51.3%,47.3%
IL-07,"Davis, Danny",(D),,"264,185","35,713","302,887",87.2%,11.8%,,"284,117","31,528","317,655",89.4%,9.9%
IL-08,"Duckworth, Tammy",(D),,"133,206","95,031","232,123",57.4%,40.9%,,"150,851","91,057","245,234",61.5%,37.1%
IL-09,"Schakowsky, Jan",(D),,"200,656","102,689","308,492",65.0%,33.3%,,"222,256","98,111","324,117",68.6%,30.3%
IL-10,"Dold, Bob",(R),,"157,397","112,555","273,616",57.5%,41.1%,,"180,786","103,178","287,009",63.0%,35.9%
IL-11,"Foster, Bill",(D),,"152,265","107,028","263,345",57.8%,40.6%,,"168,654","102,909","273,024",61.8%,37.7%
IL-12,"Bost, Mike",(R),,"154,346","149,339","310,294",49.7%,48.1%,,"179,180","142,724","327,336",54.7%,43.6%
IL-13,"Davis, Rodney",(R),,"146,442","147,377","301,088",48.6%,48.9%,,"175,215","139,650","320,653",54.6%,43.6%
IL-14,"Hultgren, Randy",(R),,"139,858","171,582","316,591",44.2%,54.2%,,"163,089","155,194","326,086",50.0%,47.6%
IL-15,"Shimkus, John",(R),,"105,065","197,243","308,463",34.1%,63.9%,,"139,536","180,694","325,930",42.8%,55.4%
IL-16,"Kinzinger, Adam",(R),,"137,165","160,606","303,685",45.2%,52.9%,,"161,286","155,210","322,096",50.1%,48.2%
IL-17,"Bustos, Cheri",(D),,"169,702","119,753","294,701",57.6%,40.6%,,"185,705","119,094","309,647",60.0%,38.5%
IL-18,"LaHood, Darin",(R),,"125,036","202,785","334,302",37.4%,60.7%,,"152,164","187,626","345,204",44.1%,54.4%
IN-01,"Visclosky, Pete",(D),,"182,021","111,217","297,470",61.2%,37.4%,,"194,518","109,940","307,118",63.3%,35.8%
IN-02,"Walorski, Jackie",(R),,"116,324","154,841","276,012",42.1%,56.1%,,"145,652","144,955","293,830",49.6%,49.3%
IN-03,"Stutzman, Marlin",(R),,"102,534","179,628","287,231",35.7%,62.5%,,"126,595","164,895","294,424",43.0%,56.0%
IN-04,"Rokita, Todd",(R),,"103,103","170,245","279,662",36.9%,60.9%,,"134,036","162,956","300,714",44.6%,54.2%
IN-05,"Brooks, Susan",(R),,"139,300","196,744","342,165",40.7%,57.5%,,"159,614","180,400","342,865",46.6%,52.6%
IN-06,"Messer, Luke",(R),,"106,371","172,456","285,361",37.3%,60.4%,,"133,163","167,842","305,271",43.6%,55.0%
IN-07,"Carson, Andre",(D),,"164,902","92,674","262,188",62.9%,35.3%,,"185,588","91,870","279,737",66.3%,32.8%
IN-08,"Bucshon, Larry",(R),,"116,465","171,648","294,054",39.6%,58.4%,,"149,097","156,720","309,712",48.1%,50.6%
IN-09,"Young, Todd",(R),,"123,436","173,433","303,390",40.7%,57.2%,,"145,776","166,069","315,274",46.2%,52.7%
KS-01,"Huelskamp, Tim",(R),,"72,699","184,288","263,027",27.6%,70.1%,,"87,634","189,890","282,699",31.0%,67.2%
KS-02,"Jenkins, Lynn",(R),,"124,370","163,082","294,487",42.2%,55.4%,,"145,750","170,059","322,079",45.3%,52.8%
KS-03,"Yoder, Kevin",(R),,"146,406","177,886","330,486",44.3%,53.8%,,"168,907","172,831","346,297",48.8%,49.9%
KS-04,"Pompeo, Mike",(R),,"96,433","164,553","267,116",36.1%,61.6%,,"112,474","166,876","284,727",39.5%,58.6%
KY-01,"Whitfield, Ed",(R),,"95,273","197,074","296,791",32.1%,66.4%,,"111,030","185,529","301,253",36.9%,61.6%
KY-02,"Guthrie, Brett",(R),,"103,432","186,207","294,280",35.1%,63.3%,,"111,139","183,813","299,109",37.2%,61.5%
KY-03,"Yarmuth, John",(D),,"183,015","140,539","328,389",55.7%,42.8%,,"193,236","147,121","343,778",56.2%,42.8%
KY-04,"Massie, Thomas",(R),,"108,328","197,131","311,035",34.8%,63.4%,,"115,487","191,855","312,017",37.0%,61.5%
KY-05,"Rogers, Hal",(R),,"60,785","196,167","261,483",23.2%,75.0%,,"82,637","174,307","261,555",31.6%,66.6%
KY-06,"Barr, Andy",(R),,"128,537","170,076","304,861",42.2%,55.8%,,"138,456","165,837","308,776",44.8%,53.7%
LA-01,"Scalise, Steve",(R),,"89,418","235,877","332,923",26.9%,70.9%,,"81,515","233,789","321,682",25.3%,72.7%
LA-02,"Richmond, Cedric",(D),,"248,982","74,893","328,306",75.8%,22.8%,,"235,554","81,703","321,114",73.4%,25.4%
LA-03,"Boustany, Charles",(R),,"107,611","220,490","333,573",32.3%,66.1%,,"111,831","210,951","328,353",34.1%,64.2%
LA-04,"Fleming, John",(R),,"128,612","191,416","324,250",39.7%,59.0%,,"126,899","187,020","317,749",39.9%,58.9%
LA-05,"Abraham, Ralph",(R),,"124,102","201,058","329,531",37.7%,61.0%,,"124,119","209,705","338,332",36.7%,62.0%
LA-06,"Graves, Garret",(R),,"110,416","228,528","345,482",32.0%,66.1%,,"103,071","225,094","333,531",30.9%,67.5%
MA-01,"Neal, Richard",(D),,"213,423","114,339","333,678",64.0%,34.3%,,"213,130","112,067","332,362",64.1%,33.7%
MA-02,"McGovern, Jim",(D),,"199,549","133,195","339,921",58.7%,39.2%,,"200,553","124,192","333,290",60.2%,37.3%
MA-03,"Tsongas, Niki",(D),,"189,461","137,869","332,925",56.9%,41.4%,,"188,491","126,175","320,411",58.8%,39.4%
MA-04,"Kennedy, Joe",(D),,"211,895","152,845","370,160",57.2%,41.3%,,"219,573","137,933","362,027",60.7%,38.1%
MA-05,"Clark, Katherine",(D),,"235,984","119,934","362,013",65.2%,33.1%,,"230,731","111,908","348,496",66.2%,32.1%
MA-06,"Moulton, Seth",(D),,"212,003","169,966","387,259",54.7%,43.9%,,"212,823","154,833","373,809",56.9%,41.4%
MA-07,"Capuano, Mike",(D),,"233,382","44,275","283,031",82.5%,15.6%,,"214,011","43,558","261,402",81.9%,16.7%
MA-08,"Lynch, Stephen",(D),,"213,364","150,825","369,239",57.8%,40.8%,,"205,644","144,128","355,472",57.9%,40.5%
MA-09,"Keating, Bill",(D),,"212,701","165,212","382,989",55.5%,43.1%,,"219,141","154,059","379,234",57.8%,40.6%
MD-01,"Harris, Andy",(R),,"134,072","214,704","355,614",37.7%,60.4%,,"134,591","208,958","350,766",38.4%,59.6%
MD-02,"Ruppersberger, Dutch",(D),,"195,114","108,261","309,437",63.1%,35.0%,,"185,327","114,710","306,022",60.6%,37.5%
MD-03,"Sarbanes, John",(D),,"203,772","124,541","335,690",60.7%,37.1%,,"196,967","124,481","327,633",60.1%,38.0%
MD-04,"Edwards, Donna",(D),,"255,707","68,196","327,230",78.1%,20.8%,,"247,508","69,754","320,353",77.3%,21.8%
MD-05,"Hoyer, Steny",(D),,"234,908","115,052","355,303",66.1%,32.4%,,"221,879","114,618","340,744",65.1%,33.6%
MD-06,"Delaney, John",(D),,"178,613","138,675","323,675",55.2%,42.8%,,"176,020","131,361","312,668",56.3%,42.0%
MD-07,"Cummings, Elijah",(D),,"256,965","75,289","337,313",76.2%,22.3%,,"251,740","74,017","330,338",76.2%,22.4%
MD-08,"Van Hollen, Chris",(D),,"218,691","127,151","352,756",62.0%,36.0%,,"215,436","121,963","343,072",62.8%,35.6%
ME-01,"Pingree, Chellie",(D),,"223,103","142,993","374,522",59.6%,38.2%,,"226,309","139,825","372,846",60.7%,37.5%
ME-02,"Poliquin, Bruce",(R),,"178,203","149,283","336,531",53.0%,44.4%,,"195,614","155,448","358,317",54.6%,43.4%
MI-01,"Benishek, Dan",(R),,"160,199","189,406","353,694",45.3%,53.6%,,"183,104","178,360","368,276",49.7%,48.4%
MI-02,"Huizenga, Bill",(R),,"142,080","184,755","329,985",43.1%,56.0%,,"168,237","176,331","350,282",48.0%,50.3%
MI-03,"Amash, Justin",(R),,"153,069","177,742","334,438",45.8%,53.1%,,"174,381","170,654","351,117",49.7%,48.6%
MI-04,"Moolenaar, John",(R),,"146,088","171,864","321,415",45.5%,53.5%,,"170,685","167,074","343,947",49.6%,48.6%
MI-05,"Kildee, Dan",(D),,"205,800","129,903","338,966",60.7%,38.3%,,"230,768","129,429","366,156",63.0%,35.3%
MI-06,"Upton, Fred",(R),,"158,950","163,309","325,500",48.8%,50.2%,,"184,125","156,672","346,680",53.1%,45.2%
MI-07,"Walberg, Tim",(R),,"159,012","169,268","331,820",47.9%,51.0%,,"177,650","165,756","349,608",50.8%,47.4%
MI-08,"Bishop, Mike",(R),,"172,131","183,512","358,795",48.0%,51.1%,,"195,947","174,675","376,482",52.0%,46.4%
MI-09,"Levin, Sander",(D),,"199,625","146,185","349,021",57.2%,41.9%,,"214,229","147,770","368,821",58.1%,40.1%
MI-10,"Miller, Candice",(R),,"148,429","187,653","339,318",43.7%,55.3%,,"170,032","177,205","354,087",48.0%,50.0%
MI-11,"Trott, Dave",(R),,"178,768","199,308","380,884",46.9%,52.3%,,"193,613","186,390","386,552",50.1%,48.2%
MI-12,"Dingell, Debbie",(D),,"217,492","107,675","328,498",66.2%,32.8%,,"234,529","110,055","350,474",66.9%,31.4%
MI-13,"Conyers, John",(D),,"249,656","41,881","293,164",85.2%,14.3%,,"281,005","46,980","331,253",84.8%,14.2%
MI-14,"Lawrence, Brenda",(D),,"273,270","62,794","337,491",81.0%,18.6%,,"294,273","61,286","357,861",82.2%,17.1%
MN-01,"Walz, Tim",(D),,"170,377","165,720","343,764",49.6%,48.2%,,"176,959","162,554","348,046",50.8%,46.7%
MN-02,"Kline, John",(R),,"184,802","184,576","376,586",49.1%,49.0%,,"185,192","174,635","367,039",50.5%,47.6%
MN-03,"Paulsen, Erik",(R),,"199,093","195,802","401,332",49.6%,48.8%,,"199,740","185,406","391,314",51.0%,47.4%
MN-04,"McCollum, Betty",(D),,"231,511","131,521","370,514",62.5%,35.5%,,"229,802","130,366","367,119",62.6%,35.5%
MN-05,"Ellison, Keith",(D),,"274,635","89,643","373,638",73.5%,24.0%,,"269,829","90,035","367,392",73.4%,24.5%
MN-06,"Emmer, Tom",(R),,"151,238","205,652","364,072",41.5%,56.5%,,"153,766","194,584","356,012",43.2%,54.7%
MN-07,"Peterson, Collin",(D),,"147,750","180,334","334,777",44.1%,53.9%,,"162,296","173,440","344,442",47.1%,50.4%
MN-08,"Nolan, Rick",(D),,"186,761","166,977","361,237",51.7%,46.2%,,"195,770","164,390","369,006",53.1%,44.5%
MO-01,"Clay, Lacy",(D),,"280,194","66,286","350,829",79.9%,18.9%,,"309,062","71,725","384,801",80.3%,18.6%
MO-02,"Wagner, Ann",(R),,"170,727","235,428","411,992",41.4%,57.1%,,"199,128","225,911","429,449",46.4%,52.6%
MO-03,"Luetkemeyer, Blaine",(R),,"127,443","219,156","353,496",36.1%,62.0%,,"158,404","206,620","370,056",42.8%,55.8%
MO-04,"Hartzler, Vicki",(R),,"119,908","201,672","329,292",36.4%,61.2%,,"146,703","197,817","350,083",41.9%,56.5%
MO-05,"Cleaver, Emanuel",(D),,"199,298","133,185","338,346",58.9%,39.4%,,"229,496","136,071","370,231",62.0%,36.8%
MO-06,"Graves, Sam",(R),,"129,610","205,283","341,953",37.9%,60.0%,,"154,736","198,560","359,371",43.1%,55.3%
MO-07,"Long, Billy",(R),,"98,916","220,216","325,978",30.3%,67.6%,,"121,064","216,172","342,504",35.3%,63.1%
MO-08,"Smith, Jason",(R),,"97,700","201,214","305,437",32.0%,65.9%,,"123,319","192,937","321,648",38.3%,60.0%
MS-01,"Kelly, Trent",(R),,"118,438","197,984","319,986",37.0%,61.9%,,"118,704","202,760","324,760",36.6%,62.4%
MS-02,"Thompson, Bennie",(D),,"219,416","109,228","330,543",66.4%,33.0%,,"215,143","118,035","335,114",64.2%,35.2%
MS-03,"Harper, Gregg",(R),,"132,968","204,180","340,146",39.1%,60.0%,,"131,202","207,867","341,622",38.4%,60.8%
MS-04,"Palazzo, Steven",(R),,"92,127","199,354","294,909",31.2%,67.6%,,"89,613","195,935","288,369",31.1%,67.9%
MT-AL,"Zinke, Ryan",(R),,"201,839","267,928","483,932",41.7%,55.4%,,"232,159","243,882","491,767",47.2%,49.6%
NC-01,"Butterfield, G.K.",(D),,"247,611","96,402","345,809",71.6%,27.9%,,"234,808","96,237","332,078",70.7%,29.0%
NC-02,"Ellmers, Renee",(R),,"134,016","183,972","321,292",41.7%,57.3%,,"131,886","169,517","303,340",43.5%,55.9%
NC-03,"Jones, Walter",(R),,"130,053","183,925","317,158",41.0%,58.0%,,"132,741","173,567","307,961",43.1%,56.4%
NC-04,"Price, David",(D),,"258,202","99,068","361,482",71.4%,27.4%,,"246,527","92,456","340,847",72.3%,27.1%
NC-05,"Foxx, Virginia",(R),,"140,633","208,869","353,629",39.8%,59.1%,,"145,811","197,347","345,798",42.2%,57.1%
NC-06,"Walker, Mark",(R),,"154,073","214,871","372,713",41.3%,57.7%,,"156,417","201,389","360,440",43.4%,55.9%
NC-07,"Rouzer, David",(R),,"136,091","202,259","341,443",39.9%,59.2%,,"135,112","187,346","324,209",41.7%,57.8%
NC-08,"Hudson, Richard",(R),,"126,223","178,731","307,829",41.0%,58.1%,,"123,473","170,247","295,575",41.8%,57.6%
NC-09,"Pittenger, Robert",(R),,"164,739","216,215","384,790",42.8%,56.2%,,"157,700","189,404","349,057",45.2%,54.3%
NC-10,"McHenry, Patrick",(R),,"139,439","197,769","340,976",40.9%,58.0%,,"140,050","190,074","332,317",42.1%,57.2%
NC-11,"Meadows, Mark",(R),,"127,563","205,553","337,550",37.8%,60.9%,,"136,841","196,872","336,486",40.7%,58.5%
NC-12,"Adams, Alma",(D),,"249,654","66,088","317,870",78.5%,20.8%,,"228,644","62,552","292,322",78.2%,21.4%
NC-13,"Holding, George",(R),,"170,093","216,674","390,759",43.5%,55.4%,,"164,056","197,399","363,718",45.1%,54.3%
ND-AL,"Cramer, Kevin",(R),,"124,827","188,163","320,767",38.9%,58.7%,,"141,403","168,887","316,615",44.7%,53.3%
NE-01,"Fortenberry, Jeff",(R),,"107,994","152,122","264,718",40.8%,57.5%,,"117,514","144,470","267,008",44.0%,54.1%
NE-02,"Ashford, Brad",(D),,"121,971","140,880","266,720",45.7%,52.8%,,"133,016","129,890","267,039",49.8%,48.6%
NE-03,"Smith, Adrian",(R),,"72,116","182,062","259,224",27.8%,70.2%,,"82,789","178,619","266,981",31.0%,66.9%
NH-01,"Guinta, Frank",(R),,"179,148","173,419","356,812",50.2%,48.6%,,"186,598","163,977","353,603",52.8%,46.4%
NH-02,"Kuster, Annie",(D),,"190,413","156,499","351,587",54.2%,44.5%,,"198,228","152,557","354,008",56.0%,43.1%
NJ-01,"Norcross, Donald",(D),,"212,236","110,377","326,134",65.1%,33.8%,,"219,874","116,242","340,075",64.7%,34.2%
NJ-02,"LoBiondo, Frank",(R),,"166,906","141,479","311,778",53.5%,45.4%,,"174,840","149,736","328,805",53.2%,45.5%
NJ-03,"MacArthur, Tom",(R),,"179,028","163,203","345,812",51.8%,47.2%,,"188,210","175,525","367,978",51.1%,47.7%
NJ-04,"Smith, Chris",(R),,"148,622","180,439","332,612",44.7%,54.2%,,"160,660","190,307","355,041",45.3%,53.6%
NJ-05,"Garrett, Scott",(R),,"162,305","172,486","338,580",47.9%,50.9%,,"176,486","183,854","363,746",48.5%,50.5%
NJ-06,"Pallone, Frank",(D),,"163,391","99,466","265,918",61.4%,37.4%,,"170,603","118,187","292,048",58.4%,40.5%
NJ-07,"Lance, Leonard",(R),,"157,635","178,521","340,175",46.3%,52.5%,,"172,330","188,352","364,851",47.2%,51.6%
NJ-08,"Sires, Albio",(D),,"162,232","43,032","207,307",78.3%,20.8%,,"159,013","56,502","217,359",73.2%,26.0%
NJ-09,"Pascrell, Bill",(D),,"173,082","77,951","253,218",68.4%,30.8%,,"170,663","93,912","266,738",64.0%,35.2%
NJ-10,"Payne, Donald",(D),,"239,483","31,379","272,407",87.9%,11.5%,,"242,306","41,562","285,386",84.9%,14.6%
NJ-11,"Frelinghuysen, Rodney",(R),,"163,493","183,775","350,909",46.6%,52.4%,,"176,436","195,675","375,701",47.0%,52.1%
NJ-12,"Watson Coleman, Bonnie",(D),,"198,197","96,642","298,083",66.5%,32.4%,,"204,001","103,354","310,510",65.7%,33.3%
NM-01,"Lujan Grisham, Michelle",(D),,"155,915","111,749","282,195",55.3%,39.6%,,"178,068","116,302","298,305",59.7%,39.0%
NM-02,"Pearce, Steve",(R),,"103,438","119,168","230,391",44.9%,51.7%,,"118,400","122,705","244,530",48.4%,50.2%
NM-03,"Lujan, Ben",(D),,"155,982","104,871","271,171",57.5%,38.7%,,"175,953","107,825","287,324",61.2%,37.5%
NV-01,"Titus, Dina",(D),,"123,205","60,813","187,686",65.6%,32.4%,,"122,041","62,527","189,190",64.5%,33.0%
NV-02,"Amodei, Mark",(R),,"131,542","155,187","293,476",44.8%,52.9%,,"141,357","137,916","285,982",49.4%,48.2%
NV-03,"Heck, Joe",(R),,"140,501","138,238","283,656",49.5%,48.7%,,"140,378","116,908","262,257",53.5%,44.6%
NV-04,"Hardy, Cresent",(R),,"136,124","109,330","250,100",54.4%,43.7%,,"129,961","95,477","230,420",56.4%,41.4%
NY-01,"Zeldin, Lee",(R),,"146,708","145,115","295,673",49.6%,49.1%,,"168,611","156,394","328,315",51.4%,47.6%
NY-02,"King, Peter",(R),,"140,817","128,791","272,663",51.6%,47.2%,,"156,151","145,890","304,670",51.3%,47.9%
NY-03,"Israel, Steve",(D),,"155,451","147,617","306,221",50.8%,48.2%,,"182,847","155,946","341,582",53.5%,45.7%
NY-04,"Rice, Kathleen",(D),,"173,508","131,750","308,119",56.3%,42.8%,,"185,400","147,199","334,969",55.3%,43.9%
NY-05,"Meeks, Gregory",(D),,"192,374","19,325","212,347",90.6%,9.1%,,"206,652","32,558","240,009",86.1%,13.6%
NY-06,"Meng, Grace",(D),,"125,496","57,455","185,058",67.8%,31.0%,,"126,794","71,419","199,891",63.4%,35.7%
NY-07,"Velazquez, Nydia",(D),,"159,552","18,671","180,591",88.3%,10.3%,,"158,908","28,083","188,388",84.4%,14.9%
NY-08,"Jeffries, Hakeem",(D),,"210,018","23,869","235,295",89.3%,10.1%,,"208,300","32,971","242,177",86.0%,13.6%
NY-09,"Clarke, Yvette",(D),,"204,281","33,156","239,547",85.3%,13.8%,,"208,748","38,289","248,224",84.1%,15.4%
NY-10,"Nadler, Jerrold",(D),,"173,650","58,992","235,821",73.6%,25.0%,,"195,974","60,682","259,039",75.7%,23.4%
NY-11,"Donovan, Dan",(R),,"110,407","101,262","213,991",51.6%,47.3%,,"112,035","118,106","231,976",48.3%,50.9%
NY-12,"Maloney, Carolyn",(D),,"205,919","57,575","267,692",76.9%,21.5%,,"243,155","57,238","303,389",80.1%,18.9%
NY-13,"Rangel, Charlie",(D),,"219,361","10,558","231,787",94.6%,4.6%,,"225,863","14,845","242,035",93.3%,6.1%
NY-14,"Crowley, Joe",(D),,"136,783","30,978","169,552",80.7%,18.3%,,"135,243","41,288","177,831",76.1%,23.2%
NY-15,"Serrano, Jose",(D),,"171,366","5,315","177,129",96.7%,3.0%,,"170,498","9,382","180,295",94.6%,5.2%
NY-16,"Engel, Eliot",(D),,"197,365","68,373","267,814",73.7%,25.5%,,"205,897","74,591","282,279",72.9%,26.4%
NY-17,"Lowey, Nita",(D),,"168,020","123,190","294,401",57.1%,41.8%,,"181,604","128,934","313,081",58.0%,41.2%
NY-18,"Maloney, Sean",(D),,"149,610","137,144","290,894",51.4%,47.1%,,"162,618","146,308","312,234",52.1%,46.9%
NY-19,"Gibson, Chris",(R),,"157,967","138,981","303,112",52.1%,45.9%,,"175,763","150,323","331,779",53.0%,45.3%
NY-20,"Tonko, Paul",(D),,"186,460","122,230","315,032",59.2%,38.8%,,"198,366","135,529","340,274",58.3%,39.8%
NY-21,"Stefanik, Elise",(R),,"138,889","122,471","265,850",52.2%,46.1%,,"150,137","135,821","290,642",51.7%,46.7%
NY-22,"Hanna, Richard",(R),,"135,172","136,500","277,217",48.8%,49.2%,,"148,425","148,580","302,473",49.1%,49.1%
NY-23,"Reed, Tom",(R),,"133,949","137,312","276,891",48.4%,49.6%,,"150,412","147,913","303,285",49.6%,48.8%
NY-24,"Katko, John",(R),,"171,502","123,534","300,621",57.0%,41.1%,,"181,776","135,928","323,571",56.2%,42.0%
NY-25,"Slaughter, Louise",(D),,"187,753","125,897","319,454",58.8%,39.4%,,"201,012","136,481","342,056",58.8%,39.9%
NY-26,"Higgins, Brian",(D),,"193,362","103,743","302,388",63.9%,34.3%,,"208,504","115,099","328,709",63.4%,35.0%
NY-27,"Collins, Chris",(R),,"140,176","180,703","326,828",42.9%,55.3%,,"153,862","186,554","345,902",44.5%,53.9%
OH-01,"Chabot, Steve",(R),,"168,195","190,504","363,593",46.3%,52.4%,,"171,529","188,091","363,285",47.2%,51.8%
OH-02,"Wenstrup, Brad",(R),,"155,027","194,409","355,117",43.7%,54.7%,,"160,301","196,040","361,562",44.3%,54.2%
OH-03,"Beatty, Joyce",(D),,"217,969","90,434","312,938",69.7%,28.9%,,"209,277","97,330","310,574",67.4%,31.3%
OH-04,"Jordan, Jim",(R),,"139,228","185,512","331,390",42.0%,56.0%,,"150,312","187,369","344,253",43.7%,54.4%
OH-05,"Latta, Bob",(R),,"159,592","195,075","362,052",44.1%,53.9%,,"171,746","194,685","373,037",46.0%,52.2%
OH-06,"Johnson, Bill",(R),,"136,522","176,593","319,939",42.7%,55.2%,,"149,059","177,089","333,655",44.7%,53.1%
OH-07,"Gibbs, Bob",(R),,"147,660","179,312","333,866",44.2%,53.7%,,"159,267","173,085","339,811",46.9%,50.9%
OH-08,,(R),,"124,478","211,436","341,543",36.4%,61.9%,,"133,182","210,494","349,366",38.1%,60.3%
OH-09,"Kaptur, Marcy",(D),,"217,146","99,223","321,454",67.6%,30.9%,,"227,380","107,587","340,297",66.8%,31.6%
OH-10,"Turner, Michael",(R),,"172,942","179,813","358,592",48.2%,50.1%,,"183,239","183,226","371,572",49.3%,49.3%
OH-11,"Fudge, Marcia",(D),,"298,788","59,753","361,124",82.7%,16.5%,,"303,165","63,609","369,582",82.0%,17.2%
OH-12,"Tiberi, Patrick",(R),,"167,441","207,387","381,462",43.9%,54.4%,,"167,870","201,574","375,123",44.8%,53.7%
OH-13,"Ryan, Tim",(D),,"212,616","119,625","337,776",62.9%,35.4%,,"222,155","127,685","356,854",62.3%,35.8%
OH-14,"Joyce, David",(R),,"179,769","192,270","377,833",47.6%,50.9%,,"189,099","190,379","385,186",49.1%,49.4%
OH-15,"Stivers, Steve",(R),,"161,227","180,443","347,923",46.3%,51.9%,,"161,592","183,103","350,655",46.1%,52.2%
OH-16,"Renacci, Jim",(R),,"169,108","199,650","374,209",45.2%,53.4%,,"180,871","196,473","383,030",47.2%,51.3%
OK-01,"Bridenstine, Jim",(R),,"98,321","188,961","287,282",34.2%,65.8%,,"113,915","204,018","317,933",35.8%,64.2%
OK-02,"Mullin, Markwayne",(R),,"81,179","170,983","252,162",32.2%,67.8%,,"93,714","179,570","273,285",34.3%,65.7%
OK-03,"Lucas, Frank",(R),,"70,346","199,390","269,736",26.1%,73.9%,,"80,196","216,033","296,229",27.1%,72.9%
OK-04,"Cole, Tom",(R),,"86,285","176,067","262,386",32.9%,67.1%,,"97,697","190,538","288,234",33.9%,66.1%
OK-05,"Russell, Steve",(R),,"107,416","155,924","263,306",40.8%,59.2%,,"116,973","170,007","286,981",40.8%,59.2%
OR-01,"Bonamici, Suzanne",(D),,"201,028","140,410","350,979",57.3%,40.0%,,"210,580","133,368","353,487",59.6%,37.7%
OR-02,"Walden, Greg",(R),,"139,940","196,568","345,883",40.5%,56.8%,,"153,867","191,430","355,690",43.3%,53.8%
OR-03,"Blumenauer, Earl",(D),,"267,966","91,827","372,036",72.0%,24.7%,,"275,349","91,804","377,498",72.9%,24.3%
OR-04,"DeFazio, Peter",(D),,"188,563","163,931","364,440",51.7%,45.0%,,"210,312","165,632","388,034",54.2%,42.7%
OR-05,"Schrader, Kurt",(D),,"172,991","161,439","342,657",50.5%,47.1%,,"187,183","156,240","353,154",53.0%,44.2%
PA-01,"Brady, Bob",(D),,"244,605","50,211","297,369",82.3%,16.9%,,"245,500","64,135","311,981",78.7%,20.6%
PA-02,"Fattah, Chaka",(D),,"338,543","33,525","374,459",90.4%,9.0%,,"347,855","33,390","382,621",90.9%,8.7%
PA-03,"Kelly, Mike",(R),,"132,484","171,121","307,771",43.0%,55.6%,,"149,873","169,166","323,368",46.3%,52.3%
PA-04,"Perry, Scott",(R),,"129,239","177,711","311,373",41.5%,57.1%,,"144,854","172,940","321,232",45.1%,53.8%
PA-05,"Thompson, Glenn",(R),,"119,958","165,210","290,085",41.4%,57.0%,,"146,536","160,134","311,074",47.1%,51.5%
PA-06,"Costello, Ryan",(R),,"165,916","174,379","344,797",48.1%,50.6%,,"186,460","161,570","351,615",53.0%,46.0%
PA-07,"Meehan, Pat",(R),,"177,252","183,955","365,247",48.5%,50.4%,,"192,275","179,384","375,376",51.2%,47.8%
PA-08,"Fitzpatrick, Michael",(R),,"177,940","178,195","360,589",49.3%,49.4%,,"198,505","170,472","373,060",53.2%,45.7%
PA-09,"Schuster, Bill",(R),,"100,907","176,724","281,321",35.9%,62.8%,,"120,433","170,305","294,304",40.9%,57.9%
PA-10,"Marino, Tom",(R),,"108,944","170,277","283,294",38.5%,60.1%,,"126,925","169,324","299,936",42.3%,56.5%
PA-11,"Barletta, Lou",(R),,"130,502","157,841","292,821",44.6%,53.9%,,"145,211","159,469","308,440",47.1%,51.7%
PA-12,"Rothfus, Keith",(R),,"141,918","200,396","346,617",40.9%,57.8%,,"161,241","195,077","360,576",44.7%,54.1%
PA-13,"Boyle, Brendan",(D),,"210,561","104,711","318,212",66.2%,32.9%,,"217,661","112,243","332,609",65.4%,33.7%
PA-14,"Doyle, Michael",(D),,"230,750","103,977","339,399",68.0%,30.6%,,"245,432","116,994","366,056",67.0%,32.0%
PA-15,"Dent, Charlie",(R),,"147,234","156,165","307,543",47.9%,50.8%,,"165,836","148,385","318,325",52.1%,46.6%
PA-16,"Pitts, Joe",(R),,"135,331","153,189","292,597",46.3%,52.4%,,"152,095","148,489","303,292",50.1%,49.0%
PA-17,"Cartwright, Matt",(D),,"156,019","121,870","281,710",55.4%,43.3%,,"174,446","128,440","306,601",56.9%,41.9%
PA-18,"Murphy, Tim",(R),,"142,178","200,985","346,855",41.0%,57.9%,,"155,226","195,970","354,760",43.8%,55.2%
RI-01,"Cicilline, David",(D),,"141,332","68,685","213,460",66.2%,32.2%,,"150,363","71,764","225,615",66.6%,31.8%
RI-02,"Langevin, Jim",(D),,"138,345","88,519","231,208",59.8%,38.3%,,"146,208","93,627","244,152",59.9%,38.3%
SC-01,"Sanford, Mark",(R),,"119,756","173,550","297,933",40.2%,58.3%,,"118,886","156,066","278,253",42.7%,56.1%
SC-02,"Wilson, Joe",(R),,"113,338","170,005","287,443",39.4%,59.1%,,"112,547","169,885","285,473",39.4%,59.5%
SC-03,"Duncan, Jeff",(R),,"89,494","170,173","263,638",33.9%,64.5%,,"93,525","169,190","266,523",35.1%,63.5%
SC-04,"Gowdy, Trey",(R),,"99,387","170,679","274,554",36.2%,62.2%,,"102,178","164,088","270,855",37.7%,60.6%
SC-05,"Mulvaney, Mick",(R),,"124,832","157,710","286,200",43.6%,55.1%,,"120,264","150,734","274,280",43.8%,55.0%
SC-06,"Clyburn, Jim",(D),,"195,131","77,299","275,266",70.9%,28.1%,,"191,945","79,266","273,907",70.1%,28.9%
SC-07,"Rice, Tom",(R),,"124,002","152,230","279,085",44.4%,54.5%,,"123,103","145,666","271,678",45.3%,53.6%
SD-AL,"Noem, Kristi",(R),,"145,039","210,610","363,809",39.9%,57.9%,,"170,924","203,054","381,975",44.7%,53.2%
TN-01,"Roe, Phil",(R),,"65,767","186,310","256,324",25.7%,72.7%,,"77,079","188,237","269,243",28.6%,69.9%
TN-02,"Duncan, John",(R),,"85,525","186,368","276,952",30.9%,67.3%,,"101,603","188,283","294,421",34.5%,64.0%
TN-03,"Fleischmann, Chuck",(R),,"95,226","171,838","271,565",35.1%,63.3%,,"106,560","175,163","285,533",37.3%,61.3%
TN-04,"DesJarlais, Scott",(R),,"86,133","169,977","260,182",33.1%,65.3%,,"97,643","170,600","272,380",35.8%,62.6%
TN-05,"Cooper, Jim",(D),,"152,939","116,229","273,794",55.9%,42.5%,,"170,190","122,232","296,073",57.5%,41.3%
TN-06,"Black, Diane",(R),,"82,297","192,662","278,928",29.5%,69.1%,,"97,072","188,258","289,881",33.5%,64.9%
TN-07,"Blackburn, Marsha",(R),,"92,042","183,757","279,796",32.9%,65.7%,,"103,884","178,286","285,870",36.3%,62.4%
TN-08,"Fincher, Steve",(R),,"100,213","201,645","305,053",32.9%,66.1%,,"110,590","203,070","316,873",34.9%,64.1%
TN-09,"Cohen, Steve",(D),,"200,568","53,544","255,982",78.4%,20.9%,,"222,816","65,047","289,475",77.0%,22.5%
TX-01,"Gohmert, Louie",(R),,"69,858","181,835","254,055",27.5%,71.6%,,"78,918","178,520","258,800",30.5%,69.0%
TX-02,"Poe, Ted",(R),,"88,751","157,094","249,569",35.6%,62.9%,,"91,087","150,665","243,439",37.4%,61.9%
TX-03,"Johnson, Sam",(R),,"93,290","175,383","272,664",34.2%,64.3%,,"100,440","165,158","267,545",37.5%,61.7%
TX-04,"Ratcliffe, John",(R),,"63,559","189,554","256,123",24.8%,74.0%,,"75,910","180,772","258,577",29.4%,69.9%
TX-05,"Hensarling, Jeb",(R),,"73,085","137,239","212,669",34.4%,64.5%,,"83,216","137,698","222,316",37.4%,61.9%
TX-06,"Barton, Joe",(R),,"103,444","146,985","253,795",40.8%,57.9%,,"109,854","148,503","259,993",42.3%,57.1%
TX-07,"Culberson, John",(R),,"92,499","143,631","239,767",38.6%,59.9%,,"96,866","140,692","239,081",40.5%,58.8%
TX-08,"Brady, Kevin",(R),,"55,273","195,742","254,167",21.7%,77.0%,,"61,357","171,408","234,270",26.2%,73.2%
TX-09,"Green, Al",(D),,"145,332","39,392","186,267",78.0%,21.1%,,"144,707","44,520","189,937",76.2%,23.4%
TX-10,"McCaul, Michael",(R),,"104,839","159,714","270,136",38.8%,59.1%,,"112,866","148,867","264,035",42.7%,56.4%
TX-11,"Conaway, Michael",(R),,"45,070","182,355","230,331",19.6%,79.2%,,"56,145","184,238","242,210",23.2%,76.1%
TX-12,"Granger, Kay",(R),,"79,147","166,992","249,826",31.7%,66.8%,,"89,718","161,030","252,637",35.5%,63.7%
TX-13,"Thornberry, Mac",(R),,"42,521","184,104","229,545",18.5%,80.2%,,"54,855","189,600","246,252",22.3%,77.0%
TX-14,"Weber, Randy",(R),,"97,958","147,213","248,073",39.5%,59.3%,,"102,902","139,304","243,755",42.2%,57.1%
TX-15,"Hinojosa, Ruben",(D),,"86,941","62,885","151,351",57.4%,41.5%,,"83,924","61,282","146,097",57.4%,41.9%
TX-16,"O'Rourke, Beto",(D),,"100,993","54,315","157,414",64.2%,34.5%,,"109,387","58,764","169,232",64.6%,34.7%
TX-17,"Flores, Bill",(R),,"84,531","135,309","224,079",37.7%,60.4%,,"95,884","135,738","233,690",41.0%,58.1%
TX-18,"Jackson-Lee, Sheila",(D),,"150,129","44,991","197,206",76.1%,22.8%,,"150,733","45,069","196,624",76.7%,22.9%
TX-19,"Neugebauer, Randy",(R),,"54,461","160,141","217,619",25.0%,73.6%,,"66,122","168,553","236,363",28.0%,71.3%
TX-20,"Castro, Joaquin",(D),,"110,663","74,540","187,835",58.9%,39.7%,,"115,579","80,667","197,670",58.5%,40.8%
TX-21,"Smith, Lamar",(R),,"119,220","188,241","314,591",37.9%,59.8%,,"133,581","178,531","314,971",42.4%,56.7%
TX-22,"Olson, Pete",(R),,"93,582","158,452","255,043",36.7%,62.1%,,"91,137","142,073","234,671",38.8%,60.5%
TX-23,"Hurd, Will",(R),,"94,420","99,666","196,410",48.1%,50.7%,,"96,871","95,679","193,782",50.0%,49.4%
TX-24,"Marchant, Kenny",(R),,"94,634","150,547","249,080",38.0%,60.4%,,"105,822","152,453","260,216",40.7%,58.6%
TX-25,"Williams, Roger",(R),,"102,433","162,279","270,807",37.8%,59.9%,,"117,402","153,998","274,061",42.8%,56.2%
TX-26,"Burgess, Michael",(R),,"80,828","177,941","263,196",30.7%,67.6%,,"90,791","166,877","259,505",35.0%,64.3%
TX-27,"Farenthold, Blake",(R),,"83,158","131,821","217,772",38.2%,60.5%,,"91,083","133,839","226,488",40.2%,59.1%
TX-28,"Cuellar, Henry",(D),,"101,843","65,372","168,874",60.3%,38.7%,,"92,557","65,066","158,418",58.4%,41.1%
TX-29,"Green, Gene",(D),,"75,720","37,909","114,901",65.9%,33.0%,,"70,286","41,843","112,823",62.3%,37.1%
TX-30,"Johnson, E.B.",(D),,"175,637","43,333","220,565",79.6%,19.6%,,"175,237","47,144","223,182",78.5%,21.1%
TX-31,"Carter, John",(R),,"92,842","144,634","242,714",38.3%,59.6%,,"103,359","135,601","241,425",42.8%,56.2%
TX-32,"Sessions, Pete",(R),,"106,563","146,420","256,873",41.5%,57.0%,,"117,231","147,226","266,302",44.0%,55.3%
TX-33,"Veasey, Mark",(D),,"86,686","32,641","120,480",72.0%,27.1%,,"90,180","40,290","131,182",68.7%,30.7%
TX-34,"Vela, Filemon",(D),,"90,885","57,303","149,511",60.8%,38.3%,,"90,178","58,707","149,742",60.2%,39.2%
TX-35,"Doggett, Lloyd",(D),,"105,545","57,989","167,467",63.0%,34.6%,,"111,790","62,764","176,150",63.5%,35.6%
TX-36,"Babin, Brian",(R),,"61,786","175,883","240,433",25.7%,73.2%,,"70,543","165,899","238,206",29.6%,69.6%
UT-01,"Bishop, Rob",(R),,"51,098","193,672","250,278",20.4%,77.4%,,"69,594","160,433","237,027",29.4%,67.7%
UT-02,"Stewart, Chris",(R),,"74,556","173,513","255,201",29.2%,68.0%,,"94,123","143,331","244,925",38.4%,58.5%
UT-03,"Chaffetz, Jason",(R),,"51,791","208,121","265,856",19.5%,78.3%,,"73,625","168,358","249,389",29.5%,67.5%
UT-04,"Love, Mia",(R),,"74,368","165,294","246,066",30.2%,67.2%,,"90,328","123,909","220,996",40.9%,56.1%
VA-01,"Wittman, Rob",(R),,"166,510","193,647","365,040",45.6%,53.0%,,"162,652","181,417","346,877",46.9%,52.3%
VA-02,"Rigell, Scott",(R),,"159,695","154,935","318,849",50.1%,48.6%,,"163,790","158,308","324,962",50.4%,48.7%
VA-03,"Scott, Bobby",(D),,"262,265","66,391","332,166",79.0%,20.0%,,"258,333","68,627","328,963",78.5%,20.9%
VA-04,"Forbes, Randy",(R),,"176,311","181,265","361,496",48.8%,50.1%,,"170,511","175,785","348,829",48.9%,50.4%
VA-05,"Hurt, Robert",(R),,"164,555","188,485","358,689",45.9%,52.5%,,"167,885","178,909","350,173",47.9%,51.1%
VA-06,"Goodlatte, Bob",(R),,"132,153","197,045","334,864",39.5%,58.8%,,"137,661","186,825","327,937",42.0%,57.0%
VA-07,"Brat, Dave",(R),,"163,331","222,915","391,482",41.7%,56.9%,,"161,442","205,672","370,105",43.6%,55.6%
VA-08,"Beyer, Don",(D),,"243,746","111,518","359,743",67.8%,31.0%,,"236,784","105,894","345,506",68.5%,30.6%
VA-09,"Griffith, Morgan",(R),,"108,641","196,354","311,291",34.9%,63.1%,,"123,424","179,007","306,770",40.2%,58.4%
VA-10,"Comstock, Barbara",(R),,"182,432","186,650","373,913",48.8%,49.9%,,"172,360","162,984","337,972",51.0%,48.2%
VA-11,"Connolly, Gerry",(D),,"212,181","123,317","339,710",62.5%,36.3%,,"204,691","121,578","328,810",62.3%,37.0%
VT-AL,"Welch, Peter",(D),,"199,239","92,698","297,247",67.0%,31.2%,,"219,262","98,974","323,582",67.8%,30.6%
WA-01,"DelBene, Suzan",(D),,"183,802","147,074","339,489",54.1%,43.3%,,"185,907","138,307","330,145",56.3%,41.9%
WA-02,"Larsen, Rick",(D),,"185,771","119,266","313,668",59.2%,38.0%,,"185,116","115,000","306,003",60.5%,37.6%
WA-03,"Herrera Beutler, Jaime",(R),,"145,442","150,409","303,483",47.9%,49.6%,,"151,296","139,890","297,159",50.9%,47.1%
WA-04,"Newhouse, Dan",(R),,"90,612","142,741","238,940",37.9%,59.7%,,"89,933","135,281","229,537",39.2%,58.9%
WA-05,"McMorris Rodgers, Cathy",(R),,"137,771","168,671","315,425",43.7%,53.5%,,"144,112","159,511","311,361",46.3%,51.2%
WA-06,"Kilmer, Derek",(D),,"184,820","135,573","329,190",56.1%,41.2%,,"186,336","133,689","326,650",57.0%,40.9%
WA-07,"McDermott, Jim",(D),,"310,828","70,973","392,419",79.2%,18.1%,,"302,597","67,921","376,324",80.4%,18.0%
WA-08,"Reichert, David",(R),,"155,982","151,069","313,967",49.7%,48.1%,,"154,691","140,555","300,545",51.5%,46.8%
WA-09,"Smith, Adam",(D),,"195,863","84,828","286,875",68.3%,29.6%,,"187,240","81,733","272,928",68.6%,29.9%
WA-10,"Heck, Denny",(D),,"164,505","120,066","292,060",56.3%,41.1%,,"163,623","117,330","286,226",57.2%,41.0%
WI-01,"Ryan, Paul",(R),,"179,872","195,835","379,184",47.4%,51.6%,,"185,716","175,988","365,858",50.8%,48.1%
WI-02,"Pocan, Mark",(D),,"284,084","126,688","415,942",68.3%,30.5%,,"274,466","112,024","391,306",70.1%,28.6%
WI-03,"Kind, Ron",(D),,"199,188","159,205","363,335",54.8%,43.8%,,"216,047","142,458","363,906",59.4%,39.1%
WI-04,"Moore, Gwen",(D),,"268,440","84,751","356,355",75.3%,23.8%,,"254,531","84,194","342,054",74.4%,24.6%
WI-05,"Sensenbrenner, Jim",(R),,"158,226","257,017","419,191",37.7%,61.3%,,"168,644","230,861","403,822",41.8%,57.2%
WI-06,"Grothman, Glenn",(R),,"174,988","202,979","382,295",45.8%,53.1%,,"185,438","184,985","375,245",49.4%,49.3%
WI-07,"Duffy, Sean",(R),,"178,841","190,364","373,876",47.8%,50.9%,,"197,706","168,540","371,936",53.2%,45.3%
WI-08,"Ribble, Reid",(R),,"177,346","191,127","372,886",47.6%,51.3%,,"194,663","163,343","362,769",53.7%,45.0%
WV-01,"McKinley, David",(R),,"81,017","141,736","227,948",35.5%,62.2%,,"102,826","140,421","247,507",41.5%,56.7%
WV-02,"Mooney, Alex",(R),,"89,079","140,783","234,596",38.0%,60.0%,,"109,369","136,259","249,130",43.9%,54.7%
WV-03,"Jenkins, Evan",(R),,"68,173","135,136","207,894",32.8%,65.0%,,"91,662","120,786","216,725",42.3%,55.7%
WY-AL,"Lummis, Cynthia",(R),,"69,286","170,962","247,026",28.0%,69.2%,,"82,868","164,958","253,137",32.7%,65.2%