,,,,2020,,,,,,2016,,,,,,2012,,,,,,2008,,,,
District,Incumbent,Party,,Biden,Trump,Total,Biden%,Trump%,,Clinton,Trump,Total,Clinton%,Trump%,,Obama,Romney,Total,Obama%,Romney%,,Obama,McCain,Total,Obama%,McCain%
AK-AL,"Young, Don",(R),,"153,778","189,951","357,569",43.0%,53.1%,,"116,454","163,387","309,407",37.6%,52.8%,,"122,640","164,676","297,625",41.2%,55.3%,,"123,594","193,841","324,467",38.1%,59.7%
AL-01,"Byrne, Bradley",(R),,"117,136","211,370","331,886",35.3%,63.7%,,"103,364","192,634","303,478",34.1%,63.5%,,"111,735","184,786","298,837",37.4%,61.8%,,"115,975","183,753","301,556",38.5%,60.9%
AL-02,"Roby, Martha",(R),,"107,776","195,953","306,714",35.1%,63.9%,,"94,299","185,505","285,664",33.0%,64.9%,,"105,572","182,287","289,864",36.4%,62.9%,,"101,076","186,164","288,807",35.0%,64.5%
AL-03,"Rogers, Mike",(R),,"109,495","212,012","324,741",33.7%,65.3%,,"93,300","188,477","288,776",32.3%,65.3%,,"103,089","174,465","280,128",36.8%,62.3%,,"103,221","176,434","281,951",36.6%,62.6%
AL-04,"Aderholt, Rob",(R),,"57,133","260,535","320,725",17.8%,81.2%,,"50,722","233,661","290,726",17.4%,80.4%,,"65,818","205,423","274,505",24.0%,74.8%,,"71,095","204,123","278,483",25.5%,73.3%
AL-05,"Brooks, Mo",(R),,"129,812","228,398","364,107",35.7%,62.7%,,"97,159","200,571","309,937",31.3%,64.7%,,"103,598","189,860","297,263",34.9%,63.9%,,"107,005","184,225","294,444",36.3%,62.6%
AL-06,"Palmer, Gary",(R),,"117,582","248,134","370,171",31.8%,67.0%,,"86,116","233,493","329,849",26.1%,70.8%,,"77,517","233,566","314,343",24.7%,74.3%,,"78,559","232,644","313,838",25.0%,74.1%
AL-07,"Sewell, Terri",(D),,"210,689","84,768","297,626",70.8%,28.5%,,"204,586","83,915","293,231",69.8%,28.6%,,"228,276","85,488","315,244",72.4%,27.1%,,"225,642","88,803","315,625",71.5%,28.1%
AR-01,"Crawford, Rick",(R),,"75,898","187,640","271,712",27.9%,69.1%,,"78,688","169,438","260,717",30.2%,65.0%,,"92,086","154,549","253,460",36.3%,61.0%,,"102,670","151,918","262,118",39.2%,58.0%
AR-02,"Hill, French",(R),,"147,552","177,053","333,347",44.3%,53.1%,,"127,883","160,782","306,974",41.7%,52.4%,,"125,527","160,140","292,515",42.9%,54.7%,,"129,888","157,732","293,250",44.3%,53.8%
AR-03,"Womack, Steve",(R),,"118,142","207,781","335,854",35.2%,61.9%,,"89,081","180,921","292,163",30.5%,61.9%,,"81,413","168,703","257,668",31.6%,65.5%,,"85,866","161,902","253,566",33.9%,63.9%
AR-04,"Westerman, Bruce",(R),,"82,340","188,173","278,156",29.6%,67.7%,,"84,842","173,731","270,781",31.3%,64.2%,,"95,383","164,352","265,825",35.9%,61.8%,,"103,886","166,465","277,684",37.4%,59.9%
AZ-01,"O'Halleran, Tom",(D),,"187,182","180,673","373,579",50.1%,48.4%,,"132,874","135,928","284,973",46.6%,47.7%,,"124,550","131,115","260,056",47.9%,50.4%,,"123,079","131,208","257,294",47.8%,51.0%
AZ-02,"Kirkpatrick, Ann",(D),,"213,408","171,803","391,436",54.5%,43.9%,,"156,676","141,196","315,839",49.6%,44.7%,,"144,966","149,651","299,691",48.4%,49.9%,,"150,877","153,747","308,531",48.9%,49.8%
AZ-03,"Grijalva, Raul",(D),,"174,882","99,539","278,497",62.8%,35.7%,,"130,466","67,952","208,934",62.4%,32.5%,,"108,902","65,482","177,248",61.4%,36.9%,,"102,818","71,980","176,761",58.2%,40.7%
AZ-04,"Gosar, Paul",(R),,"126,024","280,122","411,938",30.6%,68.0%,,"82,192","202,043","298,483",27.5%,67.7%,,"80,035","173,394","258,046",31.0%,67.2%,,"86,346","161,163","251,086",34.4%,64.2%
AZ-05,"Biggs, Andy",(R),,"195,270","262,810","465,598",41.9%,56.4%,,"121,280","191,432","332,093",36.5%,57.6%,,"101,511","187,304","293,748",34.6%,63.8%,,"104,014","179,566","286,711",36.3%,62.6%
AZ-06,"Schweikert, David",(R),,"204,365","222,166","432,328",47.3%,51.4%,,"143,571","177,332","338,331",42.4%,52.4%,,"121,661","186,537","313,417",38.8%,59.5%,,"130,426","182,747","316,599",41.2%,57.7%
AZ-07,"Gallego, Ruben",(D),,"165,129","55,436","224,168",73.7%,24.7%,,"117,958","37,232","164,399",71.8%,22.6%,,"101,028","37,353","140,907",71.7%,26.5%,,"85,991","45,289","132,868",64.7%,34.1%
AZ-08,"Lesko, Debbie",(R),,"181,691","251,443","438,952",41.4%,57.3%,,"120,992","190,163","327,325",37.0%,58.1%,,"107,335","179,555","291,126",36.9%,61.7%,,"110,610","174,516","288,189",38.4%,60.6%
AZ-09,"Stanton, Greg",(D),,"224,192","137,694","368,798",60.8%,37.3%,,"155,158","109,123","283,863",54.7%,38.4%,,"135,244","123,263","264,563",51.1%,46.6%,,"140,546","129,894","274,042",51.3%,47.4%
CA-01,"LaMalfa, Doug",(R),,"148,436","203,557","360,907",41.1%,56.4%,,"114,727","176,358","313,968",36.5%,56.2%,,"122,379","171,902","303,928",40.3%,56.6%,,,,,,
CA-02,"Huffman, Jared",(D),,"294,489","95,658","399,857",73.6%,23.9%,,"238,157","80,545","344,971",69.0%,23.3%,,"230,212","89,908","333,442",69.0%,27.0%,,,,,,
CA-03,"Garamendi, John",(D),,"179,806","139,735","327,612",54.9%,42.7%,,"138,882","105,860","262,086",53.0%,40.4%,,"131,237","104,145","241,687",54.3%,43.1%,,,,,,
CA-04,"McClintock, Tom",(R),,"197,157","240,869","448,596",43.9%,53.7%,,"138,790","190,924","353,388",39.3%,54.0%,,"133,473","195,386","337,634",39.5%,57.9%,,,,,,
CA-05,"Thompson, Mike",(D),,"264,125","92,100","364,567",72.4%,25.3%,,"210,950","74,088","305,052",69.2%,24.3%,,"199,924","78,703","286,658",69.7%,27.5%,,,,,,
CA-06,"Matsui, Doris",(D),,"225,218","87,284","320,576",70.3%,27.2%,,"168,687","59,549","243,910",69.2%,24.4%,,"156,141","63,862","225,831",69.1%,28.3%,,,,,,
CA-07,"Bera, Ami",(D),,"218,137","164,052","391,993",55.6%,41.9%,,"159,066","124,249","304,118",52.3%,40.9%,,"145,147","133,888","285,997",50.8%,46.8%,,,,,,
CA-08,"Cook, Paul",(R),,"127,769","158,451","293,165",43.6%,54.0%,,"92,234","127,464","232,835",39.6%,54.7%,,"88,579","118,278","212,633",41.7%,55.6%,,,,,,
CA-09,"McNerney, Jerry",(D),,"180,100","124,102","310,973",57.9%,39.9%,,"134,719","90,484","238,191",56.6%,38.0%,,"127,418","88,403","220,312",57.8%,40.1%,,,,,,
CA-10,"Harder, Josh",(D),,"154,990","146,084","307,948",50.3%,47.4%,,"116,335","109,145","239,680",48.5%,45.5%,,"108,923","101,160","215,113",50.6%,47.0%,,,,,,
CA-11,"DeSaulnier, Mark",(D),,"285,019","90,516","383,481",74.3%,23.6%,,"223,559","70,869","312,568",71.5%,22.7%,,"203,699","90,226","301,134",67.6%,30.0%,,,,,,
CA-12,"Pelosi, Nancy",(D),,"337,517","46,574","392,046",86.1%,11.9%,,"309,221","31,158","358,774",86.2%,8.7%,,"269,461","40,003","320,387",84.1%,12.5%,,,,,,
CA-13,"Lee, Barbara",(D),,"335,474","33,907","377,198",88.9%,9.0%,,"291,926","22,743","334,194",87.4%,6.8%,,"268,093","27,474","306,314",87.5%,9.0%,,,,,,
CA-14,"Speier, Jackie",(D),,"279,708","73,798","360,155",77.7%,20.5%,,"229,008","54,229","297,743",76.9%,18.2%,,"200,343","63,589","269,882",74.2%,23.6%,,,,,,
CA-15,"Swalwell, Eric",(D),,"255,430","94,394","357,230",71.5%,26.4%,,"198,964","68,808","284,536",69.9%,24.2%,,"177,243","77,748","260,611",68.0%,29.8%,,,,,,
CA-16,"Costa, Jim",(D),,"129,458","85,647","220,032",58.8%,38.9%,,"98,504","61,813","169,964",58.0%,36.4%,,"88,973","59,808","151,953",58.6%,39.4%,,,,,,
CA-17,"Khanna, Ro",(D),,"224,903","79,260","310,238",72.5%,25.5%,,"183,801","50,926","248,695",73.9%,20.5%,,"163,862","58,193","227,806",71.9%,25.5%,,,,,,
CA-18,"Eshoo, Anna",(D),,"294,545","82,172","385,683",76.4%,21.3%,,"246,015","67,808","335,138",73.4%,20.2%,,"218,082","92,457","319,615",68.2%,28.9%,,,,,,
CA-19,"Lofgren, Zoe",(D),,"228,232","91,063","325,914",70.0%,27.9%,,"187,828","55,371","257,624",72.9%,21.5%,,"165,530","61,643","232,442",71.2%,26.5%,,,,,,
CA-20,"Panetta, Jimmy",(D),,"226,505","77,969","311,479",72.7%,25.0%,,"180,486","59,573","256,538",70.4%,23.2%,,"168,956","62,427","238,341",70.9%,26.2%,,,,,,
CA-21,"Cox, TJ",(D),,"93,560","74,859","172,064",54.4%,43.5%,,"73,773","52,972","133,544",55.2%,39.7%,,"65,146","51,917","119,232",54.6%,43.5%,,,,,,
CA-22,"Nunes, Devin",(R),,"146,467","163,584","316,729",46.2%,51.6%,,"102,292","125,089","240,137",42.6%,52.1%,,"92,005","125,213","221,278",41.6%,56.6%,,,,,,
CA-23,"McCarthy, Kevin",(R),,"125,068","176,413","308,922",40.5%,57.1%,,"88,314","142,351","244,864",36.1%,58.1%,,"82,119","139,816","227,297",36.1%,61.5%,,,,,,
CA-24,"Carbajal, Salud",(D),,"221,831","134,810","365,325",60.7%,36.9%,,"176,979","113,887","312,160",56.7%,36.5%,,"158,119","126,049","292,406",54.1%,43.1%,,,,,,
CA-25,VACANT ,(D),,"188,421","153,161","349,249",54.0%,43.9%,,"137,491","119,249","273,218",50.3%,43.6%,,"120,701","125,258","252,249",47.8%,49.7%,,,,,,
CA-26,"Brownley, Julia",(D),,"216,840","128,914","353,297",61.4%,36.5%,,"169,083","105,259","292,232",57.9%,36.0%,,"147,753","119,677","273,647",54.0%,43.7%,,,,,,
CA-27,"Chu, Judy",(D),,"226,666","104,088","337,460",67.2%,30.8%,,"174,544","74,984","264,466",66.0%,28.4%,,"161,528","90,278","257,970",62.6%,35.0%,,,,,,
CA-28,"Schiff, Adam",(D),,"252,705","97,112","356,476",70.9%,27.2%,,"208,645","64,607","289,254",72.1%,22.3%,,"187,441","70,757","266,628",70.3%,26.5%,,,,,,
CA-29,"Cardenas, Tony",(D),,"186,796","59,671","252,103",74.1%,23.7%,,"152,517","32,963","196,196",77.7%,16.8%,,"129,323","34,454","167,889",77.0%,20.5%,,,,,,
CA-30,"Sherman, Brad",(D),,"258,910","110,935","376,861",68.7%,29.4%,,"209,149","77,701","302,805",69.1%,25.7%,,"186,301","91,680","285,226",65.3%,32.1%,,,,,,
CA-31,"Aguilar, Pete",(D),,"174,178","115,221","296,238",58.8%,38.9%,,"131,960","83,701","228,825",57.7%,36.6%,,"118,043","83,822","206,242",57.2%,40.6%,,,,,,
CA-32,"Napolitano, Grace",(D),,"184,978","93,155","283,909",65.2%,32.8%,,"146,459","60,921","220,046",66.6%,27.7%,,"133,061","66,269","204,169",65.2%,32.5%,,,,,,
CA-33,"Lieu, Ted",(D),,"285,906","120,287","414,262",69.0%,29.0%,,"239,982","93,706","353,897",67.8%,26.5%,,"210,010","127,421","346,504",60.6%,36.8%,,,,,,
CA-34,"Gomez, Jimmy",(D),,"193,874","40,552","239,944",80.8%,16.9%,,"154,259","19,784","184,601",83.6%,10.7%,,"127,510","21,739","153,699",83.0%,14.1%,,,,,,
CA-35,"Torres, Norma",(D),,"166,339","83,352","255,345",65.1%,32.6%,,"127,757","50,822","188,611",67.7%,26.9%,,"108,983","49,433","161,732",67.4%,30.6%,,,,,,
CA-36,"Ruiz, Raul",(D),,"173,573","131,304","310,310",55.9%,42.3%,,"123,795","103,051","237,370",52.2%,43.4%,,"107,914","101,156","212,939",50.7%,47.5%,,,,,,
CA-37,"Bass, Karen",(D),,"275,573","45,202","326,798",84.3%,13.8%,,"236,621","26,608","276,134",85.7%,9.6%,,"222,329","33,307","261,858",84.9%,12.7%,,,,,,
CA-38,"Sanchez, Linda",(D),,"207,000","101,867","315,673",65.6%,32.3%,,"166,224","68,033","248,224",67.0%,27.4%,,"149,141","75,780","229,875",64.9%,33.0%,,,,,,
CA-39,"Cisneros, Gil",(D),,"190,090","154,439","351,332",54.1%,44.0%,,"140,230","116,782","272,471",51.5%,42.9%,,"124,108","133,742","263,530",47.1%,50.8%,,,,,,
CA-40,"Roybal-Allard, Lucille",(D),,"156,662","41,875","203,218",77.1%,20.6%,,"135,472","21,077","164,714",82.2%,12.8%,,"115,637","23,446","141,918",81.5%,16.5%,,,,,,
CA-41,"Takano, Mark",(D),,"164,574","96,428","266,807",61.7%,36.1%,,"126,197","68,526","206,961",61.0%,33.1%,,"114,040","67,314","185,429",61.5%,36.3%,,,,,,
CA-42,"Calvert, Ken",(R),,"170,481","198,259","375,949",45.3%,52.7%,,"111,103","143,175","268,305",41.4%,53.4%,,"96,212","131,438","232,520",41.4%,56.5%,,,,,,
CA-43,"Waters, Maxine",(D),,"224,694","61,138","292,083",76.9%,20.9%,,"183,434","39,039","234,060",78.4%,16.7%,,"173,342","44,485","222,219",78.0%,20.0%,,,,,,
CA-44,"Barragan, Nanette",(D),,"188,767","46,174","240,722",78.4%,19.2%,,"164,251","24,261","197,802",83.0%,12.3%,,"155,459","24,995","183,586",84.7%,13.6%,,,,,,
CA-45,"Porter, Katie",(D),,"228,624","181,306","418,564",54.6%,43.3%,,"162,449","144,713","325,967",49.8%,44.4%,,"133,114","169,489","309,399",43.0%,54.8%,,,,,,
CA-46,"Correa, Lou",(D),,"150,186","78,247","233,507",64.3%,33.5%,,"119,762","50,403","180,750",66.3%,27.9%,,"95,479","56,252","155,493",61.4%,36.2%,,,,,,
CA-47,"Lowenthal, Alan",(D),,"203,636","115,161","326,086",62.4%,35.3%,,"161,743","80,162","258,320",62.6%,31.0%,,"147,456","92,010","245,624",60.0%,37.5%,,,,,,
CA-48,"Rouda, Harley",(D),,"199,791","193,832","401,759",49.7%,48.2%,,"152,035","146,595","317,328",47.9%,46.2%,,"133,103","169,249","309,496",43.0%,54.7%,,,,,,
CA-49,"Levin, Mike",(D),,"217,061","167,049","393,013",55.2%,42.5%,,"159,081","135,576","314,011",50.7%,43.2%,,"134,447","153,856","294,468",45.7%,52.2%,,,,,,
CA-50,"Hunter, Duncan",(R),,"166,841","195,430","370,789",45.0%,52.7%,,"115,864","159,822","292,878",39.6%,54.6%,,"102,649","165,104","273,289",37.6%,60.4%,,,,,,
CA-51,"Vargas, Juan",(D),,"166,351","76,843","248,810",66.9%,30.9%,,"147,603","46,825","205,437",71.8%,22.8%,,"115,610","48,108","166,684",69.4%,28.9%,,,,,,
CA-52,"Peters, Scott",(D),,"257,923","139,172","406,904",63.4%,34.2%,,"191,325","117,057","329,258",58.1%,35.6%,,"163,911","143,726","314,748",52.1%,45.7%,,,,,,
CA-53,"Davis, Susan",(D),,"258,866","119,398","386,642",67.0%,30.9%,,"200,237","91,822","310,373",64.5%,29.6%,,"174,616","103,513","284,333",61.4%,36.4%,,,,,,
CO-01,"DeGette, Diana",(D),,"357,849","104,539","473,503",75.6%,22.1%,,"277,790","93,486","402,453",69.0%,23.2%,,"254,400","106,334","368,798",69.0%,28.8%,,"238,267","92,818","336,293",70.9%,27.6%
CO-02,"Neguse, Joe",(D),,"338,261","178,561","530,867",63.7%,33.6%,,"264,966","164,769","471,464",56.2%,34.9%,,"255,209","174,095","440,652",57.9%,39.5%,,"255,063","154,884","416,822",61.2%,37.2%
CO-03,"Tipton, Scott",(R),,"200,886","224,996","436,221",46.1%,51.6%,,"151,057","195,966","377,176",40.0%,52.0%,,"163,886","185,459","358,045",45.8%,51.8%,,"166,259","171,205","343,167",48.4%,49.9%
CO-04,"Buck, Ken",(R),,"198,971","276,309","487,928",40.8%,56.6%,,"137,784","230,945","402,201",34.3%,57.4%,,"140,404","209,415","357,971",39.2%,58.5%,,"138,609","186,271","330,465",41.9%,56.4%
CO-05,"Lamborn, Doug",(R),,"184,301","241,369","441,370",41.8%,54.7%,,"123,537","212,558","371,829",33.2%,57.2%,,"129,903","200,491","339,143",38.3%,59.1%,,"127,252","188,389","320,557",39.7%,58.8%
CO-06,"Crow, Jason",(D),,"260,642","175,729","447,756",58.2%,39.2%,,"191,099","157,115","380,526",50.2%,41.3%,,"183,024","165,070","354,989",51.6%,46.5%,,"175,007","146,589","326,232",53.6%,44.9%
CO-07,"Perlmutter, Ed",(D),,"263,442","163,104","439,307",60.0%,37.1%,,"192,637","147,645","374,571",51.4%,39.4%,,"196,276","144,379","349,920",56.1%,41.3%,,"187,678","133,184","327,142",57.4%,40.7%
CT-01,"Larson, John",(D),,"229,220","127,803","362,392",63.3%,35.3%,,"195,305","119,395","328,774",59.4%,36.3%,,"200,960","112,982","317,496",63.3%,35.6%,,"220,181","110,296","334,807",65.8%,32.9%
CT-02,"Courtney, Joe",(D),,"205,779","164,461","377,818",54.5%,43.5%,,"165,799","155,975","340,758",48.7%,45.8%,,"177,544","135,235","317,687",55.9%,42.6%,,"199,414","136,155","340,366",58.6%,40.0%
CT-03,"DeLauro, Rosa",(D),,"212,317","137,580","354,399",59.9%,38.8%,,"179,832","129,968","321,837",55.9%,40.4%,,"191,296","110,912","305,600",62.6%,36.3%,,"203,090","117,258","324,233",62.6%,36.2%
CT-04,"Himes, Jim",(D),,"237,245","127,566","369,791",64.2%,34.5%,,"195,494","119,976","328,198",59.6%,36.6%,,"170,884","136,600","310,284",55.1%,44.0%,,"192,941","128,653","323,755",59.6%,39.7%
CT-05,"Hayes, Jahana",(D),,"196,119","157,881","359,336",54.6%,43.9%,,"161,142","147,901","322,737",49.9%,45.8%,,"164,621","139,347","307,553",53.5%,45.3%,,"182,147","137,066","323,202",56.4%,42.4%
DE-AL,"Blunt Rochester, Lisa",(D),,"296,268","200,603","504,010",58.8%,39.8%,,"235,603","185,127","441,590",53.4%,41.9%,,"242,584","165,484","413,890",58.6%,40.0%,,"255,459","152,374","412,412",61.9%,36.9%
FL-01,"Gaetz, Matt",(R),,"143,654","292,019","443,097",32.4%,65.9%,,"107,063","256,609","380,100",28.2%,67.5%,,,,,,,,,,,,
FL-02,"Dunn, Neal",(R),,"125,746","263,499","393,088",32.0%,67.0%,,"108,636","234,991","354,948",30.6%,66.2%,,,,,,,,,,,,
FL-03,"Yoho, Ted",(R),,"170,433","223,087","398,282",42.8%,56.0%,,"141,362","197,478","351,688",40.2%,56.2%,,,,,,,,,,,,
FL-04,"Rutherford, John",(R),,"198,414","305,935","510,715",38.9%,59.9%,,"143,675","261,826","421,618",34.1%,62.1%,,,,,,,,,,,,
FL-05,"Lawson, Al",(D),,"214,891","123,978","342,746",62.7%,36.2%,,"191,194","111,892","312,071",61.3%,35.9%,,,,,,,,,,,,
FL-06,"Waltz, Michael",(R),,"184,607","263,644","452,468",40.8%,58.3%,,"151,453","215,941","379,804",39.9%,56.9%,,,,,,,,,,,,
FL-07,"Murphy, Stephanie",(D),,"226,505","183,414","414,920",54.6%,44.2%,,"186,658","160,178","363,186",51.4%,44.1%,,,,,,,,,,,,
FL-08,"Posey, Bill",(R),,"189,808","272,109","467,055",40.6%,58.3%,,"151,412","234,648","401,911",37.7%,58.4%,,,,,,,,,,,,
FL-09,"Soto, Darren",(D),,"232,318","201,924","438,440",53.0%,46.1%,,"195,368","149,352","356,530",54.8%,41.9%,,,,,,,,,,,,
FL-10,"Demings, Val",(D),,"236,868","141,377","381,930",62.0%,37.0%,,"194,934","110,062","315,611",61.8%,34.9%,,,,,,,,,,,,
FL-11,"Webster, Dan",(R),,"164,285","318,054","485,989",33.8%,65.4%,,"133,448","266,256","410,998",32.5%,64.8%,,,,,,,,,,,,
FL-12,"Bilirakis, Gus",(R),,"188,631","266,291","459,697",41.0%,57.9%,,"147,759","218,487","380,357",38.8%,57.4%,,,,,,,,,,,,
FL-13,"Crist, Charlie",(D),,"211,530","194,721","410,780",51.5%,47.4%,,"178,892","167,348","360,760",49.6%,46.4%,,,,,,,,,,,,
FL-14,"Castor, Kathy",(D),,"217,176","158,027","379,538",57.2%,41.6%,,"188,870","128,797","330,433",57.2%,39.0%,,,,,,,,,,,,
FL-15,"Spano, Ross",(R),,"179,793","213,736","398,200",45.2%,53.7%,,"144,225","177,635","334,518",43.1%,53.1%,,,,,,,,,,,,
FL-16,"Buchanan, Vern",(R),,"223,366","262,840","490,589",45.5%,53.6%,,"170,442","213,271","396,807",43.0%,53.7%,,,,,,,,,,,,
FL-17,"Steube, Greg",(R),,"151,888","267,579","422,675",35.9%,63.3%,,"123,919","220,156","353,861",35.0%,62.2%,,,,,,,,,,,,
FL-18,"Mast, Brian",(R),,"206,388","244,705","454,097",45.5%,53.9%,,"168,558","203,771","382,474",44.1%,53.3%,,,,,,,,,,,,
FL-19,"Rooney, Francis",(R),,"180,723","272,764","456,659",39.6%,59.7%,,"143,001","227,097","381,158",37.5%,59.6%,,,,,,,,,,,,
FL-20,"Hastings, Alcee",(D),,"254,644","72,814","329,313",77.3%,22.1%,,"231,596","52,251","288,811",80.2%,18.1%,,,,,,,,,,,,
FL-21,"Frankel, Lois",(D),,"239,322","169,556","411,406",58.2%,41.2%,,"206,239","137,490","351,661",58.6%,39.1%,,,,,,,,,,,,
FL-22,"Deutch, Ted",(D),,"236,393","174,889","413,647",57.1%,42.3%,,"202,355","146,228","356,482",56.8%,41.0%,,,,,,,,,,,,
FL-23,"Wasserman Schultz, Debbie",(D),,"227,941","161,030","391,205",58.3%,41.2%,,"209,079","120,967","337,782",61.9%,35.8%,,,,,,,,,,,,
FL-24,"Wilson, Frederica",(D),,"225,289","71,621","298,628",75.4%,24.0%,,"219,783","40,817","265,174",82.9%,15.4%,,,,,,,,,,,,
FL-25,"Diaz-Balart, Mario",(R),,"123,435","197,678","322,843",38.2%,61.2%,,"126,668","131,319","264,353",47.9%,49.7%,,,,,,,,,,,,
FL-26,"Mucarsel-Powell, Debbie",(D),,"164,356","184,019","350,423",46.9%,52.5%,,"164,252","117,205","289,225",56.8%,40.5%,,,,,,,,,,,,
FL-27,"Shalala, Donna ",(D),,"178,643","167,420","347,972",51.3%,48.1%,,"174,132","115,814","297,564",58.5%,38.9%,,,,,,,,,,,,
GA-01,"Carter, Buddy",(R),,"143,567","184,846","332,905",43.1%,55.5%,,"110,190","151,996","269,568",40.9%,56.4%,,"111,949","145,460","260,148",43.0%,55.9%,,"116,029","143,603","261,140",44.4%,55.0%
GA-02,"Bishop, Sanford",(D),,"154,980","120,719","278,056",55.7%,43.4%,,"136,455","107,361","248,103",55.0%,43.3%,,"153,998","107,242","262,837",58.6%,40.8%,,"155,809","112,005","269,039",57.9%,41.6%
GA-03,"Ferguson, Drew",(R),,"140,226","235,998","380,895",36.8%,62.0%,,"102,155","200,624","311,865",32.8%,64.3%,,"97,746","195,071","296,218",33.0%,65.9%,,"100,498","193,264","296,017",34.0%,65.3%
GA-04,"Johnson, Hank",(D),,"281,735","72,392","357,719",78.8%,20.2%,,"224,907","66,433","298,663",75.3%,22.2%,,"218,499","75,951","296,933",73.6%,25.6%,,"225,977","81,136","308,702",73.2%,26.3%
GA-05,"Lewis, John",(D),,"313,058","45,921","363,156",86.2%,12.6%,,"259,805","36,385","305,754",85.0%,11.9%,,"241,217","45,887","290,359",83.1%,15.8%,,"262,388","46,724","311,008",84.4%,15.0%
GA-06,"McBath, Lucy",(D),,"219,611","175,110","400,936",54.8%,43.7%,,"155,077","160,022","331,246",46.8%,48.3%,,"115,017","186,807","307,096",37.5%,60.8%,,"120,560","177,477","300,950",40.1%,59.0%
GA-07,"Woodall, Rob",(R),,"199,144","175,210","379,758",52.4%,46.1%,,"132,012","150,845","294,972",44.8%,51.1%,,"101,065","158,854","263,742",38.3%,60.2%,,"99,165","152,310","253,576",39.1%,60.1%
GA-08,"Scott, Austin",(R),,"116,914","195,867","316,121",37.0%,62.0%,,"91,360","168,193","265,514",34.4%,63.3%,,"99,677","163,908","265,963",37.5%,61.6%,,"100,004","162,850","264,482",37.8%,61.6%
GA-09,"Collins, Doug",(R),,"85,481","291,992","382,279",22.4%,76.4%,,"57,468","231,194","297,215",19.3%,77.8%,,"54,388","207,498","265,551",20.5%,78.1%,,"64,381","198,004","265,060",24.3%,74.7%
GA-10,"Hice, Jody",(R),,"151,656","230,789","387,273",39.2%,59.6%,,"112,691","193,030","315,073",35.8%,61.3%,,"107,039","184,160","294,851",36.3%,62.5%,,"113,346","176,532","292,252",38.8%,60.4%
GA-11,"Loudermilk, Barry",(R),,"171,653","234,930","413,230",41.5%,56.9%,,"116,457","198,813","329,615",35.3%,60.3%,,"94,447","201,014","300,276",31.5%,66.9%,,"102,718","190,544","296,160",34.7%,64.3%
GA-12,"Allen, Rick",(R),,"136,638","177,142","317,584",43.0%,55.8%,,"108,937","152,204","267,674",40.7%,56.9%,,"117,085","148,688","268,283",43.6%,55.4%,,"116,658","147,742","265,819",43.9%,55.6%
GA-13,"Scott, David",(D),,"277,999","85,930","367,810",75.6%,23.4%,,"213,936","80,157","301,238",71.0%,26.6%,,"202,794","87,785","292,880",69.2%,30.0%,,"199,839","96,244","297,602",67.1%,32.3%
GA-14,"Graves, Tom",(R),,"80,973","235,008","319,995",25.3%,73.4%,,"56,513","191,849","255,872",22.1%,75.0%,,"58,906","170,364","232,702",25.3%,73.2%,,"66,752","170,324","239,806",27.8%,71.0%
HI-01,"Case, Ed",(D),,"179,337","96,924","280,956",63.8%,34.5%,,"132,009","63,916","209,300",63.1%,30.5%,,"151,023","62,875","216,671",69.7%,29.0%,,"156,408","63,007","222,577",70.3%,28.3%
HI-02,"Gabbard, Tulsi",(D),,"186,793","99,940","293,513",63.6%,34.0%,,"134,882","64,931","219,637",61.4%,29.6%,,"155,635","58,140","218,026",71.4%,26.7%,,"169,463","57,559","230,991",73.4%,24.9%
IA-01,"Finkenauer, Abby",(D),,"199,259","213,601","420,577",47.4%,50.8%,,"176,535","190,410","390,934",45.2%,48.7%,,"225,585","170,753","401,501",56.2%,42.5%,,"227,310","156,980","388,667",58.5%,40.4%
IA-02,"Loebsack, David",(D),,"193,437","209,858","410,665",47.1%,51.1%,,"170,796","186,384","379,959",45.0%,49.1%,,"219,946","168,534","394,310",55.8%,42.7%,,"219,565","159,959","384,369",57.1%,41.6%
IA-03,"Axne, Cindy",(D),,"224,159","224,726","457,240",49.0%,49.1%,,"181,524","195,740","403,191",45.0%,48.5%,,"203,622","186,645","395,798",51.4%,47.2%,,"197,112","173,967","375,933",52.4%,46.3%
IA-04,"King, Steve",(R),,"142,206","249,487","398,052",35.7%,62.7%,,"127,401","231,229","379,900",33.5%,60.9%,,"173,391","204,685","383,129",45.3%,53.4%,,"184,953","191,473","381,114",48.5%,50.2%
ID-01,"Fulcher, Russ",(R),,"140,452","313,559","467,141",30.1%,67.1%,,"91,284","229,034","359,661",25.4%,63.7%,,"105,645","213,080","328,258",32.2%,64.9%,,"115,925","206,273","329,856",35.1%,62.5%
ID-02,"Simpson, Mike",(R),,"146,569","240,560","400,220",36.6%,60.1%,,"98,481","180,021","330,594",29.8%,54.5%,,"107,142","207,831","324,016",33.1%,64.1%,,"120,515","196,739","325,176",37.1%,60.5%
IL-01,"Rush, Bobby",(D),,"246,996","82,547","334,163",73.9%,24.7%,,"245,908","69,956","326,175",75.4%,21.4%,,"262,668","67,367","332,726",78.9%,20.2%,,"288,077","66,262","356,028",80.9%,18.6%
IL-02,"Kelly, Robin",(D),,"236,646","64,866","305,536",77.5%,21.2%,,"236,726","58,024","303,622",78.0%,19.1%,,"251,147","57,674","311,173",80.7%,18.5%,,"269,943","60,734","332,652",81.1%,18.3%
IL-03,"Lipinski, Dan",(D),,"175,910","135,879","316,987",55.5%,42.9%,,"157,383","113,779","284,970",55.2%,39.9%,,"143,676","109,396","256,893",55.9%,42.6%,,"159,475","110,701","273,174",58.4%,40.5%
IL-04,"Garcia, Chuy",(D),,"184,635","39,582","228,702",80.7%,17.3%,,"172,374","27,807","209,931",82.1%,13.2%,,"137,065","28,899","169,434",80.9%,17.1%,,"144,949","32,767","180,051",80.5%,18.2%
IL-05,"Quigley, Mike",(D),,"267,640","96,630","371,134",72.1%,26.0%,,"229,937","78,069","326,036",70.5%,23.9%,,"188,324","90,747","285,239",66.0%,31.8%,,"214,869","88,466","307,613",69.9%,28.8%
IL-06,"Casten, Sean",(D),,"226,804","174,833","410,398",55.3%,42.6%,,"177,578","152,909","353,766",50.2%,43.2%,,"151,937","179,606","336,936",45.1%,53.3%,,"179,195","165,272","349,055",51.3%,47.3%
IL-07,"Davis, Danny",(D),,"274,302","38,441","317,704",86.3%,12.1%,,"271,100","28,580","310,159",87.4%,9.2%,,"264,185","35,713","302,887",87.2%,11.8%,,"284,117","31,528","317,655",89.4%,9.9%
IL-08,"Krishnamoorthi, Raja",(D),,"171,850","113,157","290,456",59.2%,39.0%,,"148,233","92,926","255,064",58.1%,36.4%,,"133,206","95,031","232,123",57.4%,40.9%,,"150,851","91,057","245,234",61.5%,37.1%
IL-09,"Schakowsky, Jan",(D),,"269,573","104,091","379,942",71.0%,27.4%,,"238,096","84,456","339,587",70.1%,24.9%,,"200,656","102,689","308,492",65.0%,33.3%,,"222,256","98,111","324,117",68.6%,30.3%
IL-10,"Schneider, Brad",(D),,"207,380","109,734","322,791",64.2%,34.0%,,"178,857","94,108","288,303",62.0%,32.6%,,"157,397","112,555","273,616",57.5%,41.1%,,"180,786","103,178","287,009",63.0%,35.9%
IL-11,"Foster, Bill",(D),,"195,556","114,240","316,000",61.9%,36.2%,,"164,632","99,104","279,620",58.9%,35.4%,,"152,265","107,028","263,345",57.8%,40.6%,,"168,654","102,909","273,024",61.8%,37.7%
IL-12,"Bost, Mike",(R),,"137,911","184,811","329,203",41.9%,56.1%,,"126,817","173,693","315,846",40.2%,55.0%,,"154,346","149,339","310,294",49.7%,48.1%,,"179,180","142,724","327,336",54.7%,43.6%
IL-13,"Davis, Rodney",(R),,"158,853","170,549","337,716",47.0%,50.5%,,"141,541","159,013","319,979",44.2%,49.7%,,"146,442","147,377","301,088",48.6%,48.9%,,"175,215","139,650","320,653",54.6%,43.6%
IL-14,"Underwood, Lauren",(D),,"203,738","193,886","406,028",50.2%,47.8%,,"153,989","167,348","343,417",44.8%,48.7%,,"139,858","171,582","316,591",44.2%,54.2%,,"163,089","155,194","326,086",50.0%,47.6%
IL-15,"Shimkus, John",(R),,"88,678","246,921","341,922",25.9%,72.2%,,"78,574","226,605","320,442",24.5%,70.7%,,"105,065","197,243","308,463",34.1%,63.9%,,"139,536","180,694","325,930",42.8%,55.4%
IL-16,"Kinzinger, Adam",(R),,"140,938","196,244","344,643",40.9%,56.9%,,"119,542","173,093","311,988",38.3%,55.5%,,"137,165","160,606","303,685",45.2%,52.9%,,"161,286","155,210","322,096",50.1%,48.2%
IL-17,"Bustos, Cheri",(D),,"145,977","150,775","303,222",48.1%,49.7%,,"133,999","136,017","287,103",46.7%,47.4%,,"169,702","119,753","294,701",57.6%,40.6%,,"185,705","119,094","309,647",60.0%,38.5%
IL-18,"LaHood, Darin",(R),,"138,526","229,704","376,890",36.8%,60.9%,,"115,442","210,529","347,134",33.3%,60.6%,,"125,036","202,785","334,302",37.4%,60.7%,,"152,164","187,626","345,204",44.1%,54.4%
IN-01,"Visclosky, Pete",(D),,"177,630","148,554","331,492",53.6%,44.8%,,"162,358","124,638","300,283",54.1%,41.5%,,"182,021","111,217","297,470",61.2%,37.4%,,"194,518","109,940","307,118",63.3%,35.8%
IN-02,"Walorski, Jackie",(R),,"116,794","178,385","300,581",38.9%,59.3%,,"99,496","163,539","275,940",36.1%,59.3%,,"116,324","154,841","276,012",42.1%,56.1%,,"145,652","144,955","293,830",49.6%,49.3%
IN-03,"Banks, Jim",(R),,"112,346","211,169","330,719",34.0%,63.9%,,"87,699","189,587","291,189",30.1%,65.1%,,"102,534","179,628","287,231",35.7%,62.5%,,"126,595","164,895","294,424",43.0%,56.0%
IN-04,"Baird, Jim",(R),,"117,232","220,013","345,009",34.0%,63.8%,,"91,269","194,408","302,381",30.2%,64.3%,,"103,103","170,245","279,662",36.9%,60.9%,,"134,036","162,956","300,714",44.6%,54.2%
IN-05,"Brooks, Susan",(R),,"200,376","209,669","418,387",47.9%,50.1%,,"150,095","193,022","363,624",41.3%,53.1%,,"139,300","196,744","342,165",40.7%,57.5%,,"159,614","180,400","342,865",46.6%,52.6%
IN-06,"Pence, Greg",(R),,"96,502","228,217","331,541",29.1%,68.8%,,"82,498","204,129","301,524",27.4%,67.7%,,"106,371","172,456","285,361",37.3%,60.4%,,"133,163","167,842","305,271",43.6%,55.0%
IN-07,"Carson, Andre",(D),,"177,925","99,811","283,006",62.9%,35.3%,,"156,039","95,662","264,389",59.0%,36.2%,,"164,902","92,674","262,188",62.9%,35.3%,,"185,588","91,870","279,737",66.3%,32.8%
IN-08,"Bucshon, Larry",(R),,"108,025","212,185","326,153",33.1%,65.1%,,"92,891","194,319","300,787",30.9%,64.6%,,"116,465","171,648","294,054",39.6%,58.4%,,"149,097","156,720","309,712",48.1%,50.6%
IN-09,"Hollingsworth, Trey",(R),,"135,586","221,516","364,279",37.2%,60.8%,,"110,858","198,117","324,509",34.2%,61.1%,,"123,436","173,433","303,390",40.7%,57.2%,,"145,776","166,069","315,274",46.2%,52.7%
KS-01,"Marshall, Roger",(R),,"83,890","207,727","298,130",28.1%,69.7%,,"64,389","183,448","264,764",24.3%,69.3%,,"72,699","184,288","263,027",27.6%,70.1%,,"87,634","189,890","282,699",31.0%,67.2%
KS-02,"Watkins, Steve",(R),,"140,303","191,030","339,357",41.3%,56.3%,,"110,596","165,000","295,657",37.4%,55.8%,,"124,370","163,082","294,487",42.2%,55.4%,,"145,750","170,059","322,079",45.3%,52.8%
KS-03,"Davids, Sharice",(D),,"223,114","179,583","411,239",54.3%,43.7%,,"161,479","157,304","341,967",47.2%,46.0%,,"146,406","177,886","330,486",44.3%,53.8%,,"168,907","172,831","346,297",48.8%,49.9%
KS-04,"Estes, Ron",(R),,"123,016","193,066","323,577",38.0%,59.7%,,"90,541","165,266","274,547",33.0%,60.2%,,"96,433","164,553","267,116",36.1%,61.6%,,"112,474","166,876","284,727",39.5%,58.6%
KY-01,"Comer, James",(R),,"85,228","244,122","334,095",25.5%,73.1%,,"74,179","224,657","310,299",23.9%,72.4%,,"95,273","197,074","296,791",32.1%,66.4%,,"111,030","185,529","301,253",36.9%,61.6%
KY-02,"Guthrie, Brett",(R),,"111,859","246,865","365,139",30.6%,67.6%,,"89,563","219,152","324,512",27.6%,67.5%,,"103,432","186,207","294,280",35.1%,63.3%,,"111,139","183,813","299,109",37.2%,61.5%
KY-03,"Yarmuth, John",(D),,"221,843","141,027","369,797",60.0%,38.1%,,"186,549","135,714","340,043",54.9%,39.9%,,"183,015","140,539","328,389",55.7%,42.8%,,"193,236","147,121","343,778",56.2%,42.8%
KY-04,"Massie, Thomas",(R),,"129,335","250,481","386,856",33.4%,64.7%,,"98,664","219,749","337,149",29.3%,65.2%,,"108,328","197,131","311,035",34.8%,63.4%,,"115,487","191,855","312,017",37.0%,61.5%
KY-05,"Rogers, Hal",(R),,"56,153","241,712","301,591",18.6%,80.1%,,"48,628","221,558","278,383",17.5%,79.6%,,"60,785","196,167","261,483",23.2%,75.0%,,"82,637","174,307","261,555",31.6%,66.6%
KY-06,"Barr, Andy",(R),,"168,056","202,439","377,958",44.5%,53.6%,,"131,271","182,141","333,012",39.4%,54.7%,,"128,537","170,076","304,861",42.2%,55.8%,,"138,456","165,837","308,776",44.8%,53.7%
LA-01,"Scalise, Steve",(R),,"118,270","266,928","392,488",30.1%,68.0%,,"95,169","244,907","356,482",26.7%,68.7%,,"89,418","235,877","332,923",26.9%,70.9%,,"81,515","233,789","321,682",25.3%,72.7%
LA-02,"Richmond, Cedric",(D),,"260,587","79,570","345,901",75.3%,23.0%,,"247,490","73,779","331,702",74.6%,22.2%,,"248,982","74,893","328,306",75.8%,22.8%,,"235,554","81,703","321,114",73.4%,25.4%
LA-03,"Higgins, Clay",(R),,"107,448","242,738","356,316",30.2%,68.1%,,"100,241","231,017","343,025",29.2%,67.3%,,"107,611","220,490","333,573",32.3%,66.1%,,"111,831","210,951","328,353",34.1%,64.2%
LA-04,"Johnson, Mike",(R),,"121,500","201,823","328,304",37.0%,61.5%,,"116,599","192,977","318,462",36.6%,60.6%,,"128,612","191,416","324,250",39.7%,59.0%,,"126,899","187,020","317,749",39.9%,58.9%
LA-05,"Abraham, Ralph",(R),,"113,682","215,064","333,589",34.1%,64.5%,,"110,259","205,258","323,409",34.1%,63.5%,,"124,102","201,058","329,531",37.7%,61.0%,,"124,119","209,705","338,332",36.7%,62.0%
LA-06,"Graves, Garret",(R),,"134,547","249,652","391,463",34.4%,63.8%,,"110,395","230,700","355,951",31.0%,64.8%,,"110,416","228,528","345,482",32.0%,66.1%,,"103,071","225,094","333,531",30.9%,67.5%
MA-01,"Neal, Richard",(D),,"224,939","135,655","367,953",61.1%,36.9%,,"194,036","123,953","339,326",57.2%,36.5%,,"213,423","114,339","333,678",64.0%,34.3%,,"213,130","112,067","332,362",64.1%,33.7%
MA-02,"McGovern, Jim",(D),,"240,547","140,377","389,490",61.8%,36.0%,,"197,492","129,437","351,423",56.2%,36.8%,,"199,549","133,195","339,921",58.7%,39.2%,,"200,553","124,192","333,290",60.2%,37.3%
MA-03,"Trahan, Lori",(D),,"243,303","132,757","383,965",63.4%,34.6%,,"202,952","123,347","348,563",58.2%,35.4%,,"189,461","137,869","332,925",56.9%,41.4%,,"188,491","126,175","320,411",58.8%,39.4%
MA-04,"Kennedy, Joe",(D),,"276,820","144,654","429,320",64.5%,33.7%,,"225,976","133,705","381,767",59.2%,35.0%,,"211,895","152,845","370,160",57.2%,41.3%,,"219,573","137,933","362,027",60.7%,38.1%
MA-05,"Clark, Katherine",(D),,"304,072","97,562","408,381",74.5%,23.9%,,"258,908","95,922","373,498",69.3%,25.7%,,"235,984","119,934","362,013",65.2%,33.1%,,"230,731","111,908","348,496",66.2%,32.1%
MA-06,"Moulton, Seth",(D),,"279,782","159,252","446,903",62.6%,35.6%,,"224,858","153,244","401,046",56.1%,38.2%,,"212,003","169,966","387,259",54.7%,43.9%,,"212,823","154,833","373,809",56.9%,41.4%
MA-07,"Pressley, Ayanna",(D),,"276,091","43,074","323,587",85.3%,13.3%,,"254,037","36,018","301,939",84.1%,11.9%,,"233,382","44,275","283,031",82.5%,15.6%,,"214,011","43,558","261,402",81.9%,16.7%
MA-08,"Lynch, Stephen",(D),,"283,426","137,738","428,337",66.2%,32.2%,,"231,356","131,624","382,917",60.4%,34.4%,,"213,364","150,825","369,239",57.8%,40.8%,,"205,644","144,128","355,472",57.9%,40.5%
MA-09,"Keating, Bill",(D),,"253,222","176,133","437,139",57.9%,40.3%,,"205,581","163,643","391,289",52.5%,41.8%,,"212,701","165,212","382,989",55.5%,43.1%,,"219,141","154,059","379,234",57.8%,40.6%
MD-01,"Harris, Andy",(R),,"157,430","236,906","402,745",39.1%,58.8%,,"122,338","226,963","366,231",33.4%,62.0%,,"134,072","214,704","355,614",37.7%,60.4%,,"134,591","208,958","350,766",38.4%,59.6%
MD-02,"Ruppersberger, Dutch",(D),,"225,433","110,901","342,575",65.8%,32.4%,,"189,471","112,551","315,467",60.1%,35.7%,,"195,114","108,261","309,437",63.1%,35.0%,,"185,327","114,710","306,022",60.6%,37.5%
MD-03,"Sarbanes, John",(D),,"263,027","112,328","382,649",68.7%,29.4%,,"215,542","110,772","343,410",62.8%,32.3%,,"203,772","124,541","335,690",60.7%,37.1%,,"196,967","124,481","327,633",60.1%,38.0%
MD-04,"Brown, Anthony",(D),,"286,724","69,533","362,454",79.1%,19.2%,,"250,929","64,074","325,081",77.2%,19.7%,,"255,707","68,196","327,230",78.1%,20.8%,,"247,508","69,754","320,353",77.3%,21.8%
MD-05,"Hoyer, Steny",(D),,"276,896","119,771","403,689",68.6%,29.7%,,"233,109","116,816","363,617",64.1%,32.1%,,"234,908","115,052","355,303",66.1%,32.4%,,"221,879","114,618","340,744",65.1%,33.6%
MD-06,"Trone, David",(D),,"227,214","140,735","375,037",60.6%,37.5%,,"186,289","135,683","337,138",55.3%,40.2%,,"178,613","138,675","323,675",55.2%,42.8%,,"176,020","131,361","312,668",56.3%,42.0%
MD-07,VACANT ,(D),,"261,237","66,703","333,295",78.4%,20.0%,,"243,433","64,926","321,292",75.8%,20.2%,,"256,965","75,289","337,313",76.2%,22.3%,,"251,740","74,017","330,338",76.2%,22.4%
MD-08,"Raskin, Jamie",(D),,"287,062","119,537","414,164",69.3%,28.9%,,"236,817","111,385","364,411",65.0%,30.6%,,"218,691","127,151","352,756",62.0%,36.0%,,"215,436","121,963","343,072",62.8%,35.6%
ME-01,"Pingree, Chellie",(D),,"266,376","164,045","443,067",60.1%,37.0%,,"212,773","154,425","393,343",54.1%,39.3%,,"223,103","142,993","374,522",59.6%,38.2%,,"226,309","139,825","372,846",60.7%,37.5%
ME-02,"Golden, Jared",(D),,"168,696","196,692","376,307",44.8%,52.3%,,"144,962","181,168","352,341",41.1%,51.4%,,"178,203","149,283","336,531",53.0%,44.4%,,"195,614","155,448","358,317",54.6%,43.4%
MI-01,"Bergman, Jack",(R),,"171,402","244,455","422,411",40.6%,57.9%,,"133,237","210,822","364,131",36.6%,57.9%,,"160,199","189,406","353,694",45.3%,53.6%,,"183,104","178,360","368,276",49.7%,48.4%
MI-02,"Huizenga, Bill",(R),,"177,044","225,408","409,870",43.2%,55.0%,,"132,462","193,198","346,505",38.2%,55.8%,,"142,080","184,755","329,985",43.1%,56.0%,,"168,237","176,331","350,282",48.0%,50.3%
MI-03,"Amash, Justin",(I),,"194,575","207,762","410,219",47.4%,50.6%,,"147,330","180,344","349,490",42.2%,51.6%,,"153,069","177,742","334,438",45.8%,53.1%,,"174,381","170,654","351,117",49.7%,48.6%
MI-04,"Moolenaar, John",(R),,"141,708","234,124","382,259",37.1%,61.2%,,"113,817","195,302","328,240",34.7%,59.5%,,"146,088","171,864","321,415",45.5%,53.5%,,"170,685","167,074","343,947",49.6%,48.6%
MI-05,"Kildee, Dan",(D),,"189,227","173,212","367,855",51.4%,47.1%,,"162,962","148,972","327,573",49.7%,45.5%,,"205,800","129,903","338,966",60.7%,38.3%,,"230,768","129,429","366,156",63.0%,35.3%
MI-06,"Upton, Fred",(R),,"180,142","197,508","384,755",46.8%,51.3%,,"142,305","170,314","331,986",42.9%,51.3%,,"158,950","163,309","325,500",48.8%,50.2%,,"184,125","156,672","346,680",53.1%,45.2%
MI-07,"Walberg, Tim",(R),,"163,293","224,274","394,301",41.4%,56.9%,,"131,566","189,655","340,358",38.7%,55.7%,,"159,012","169,268","331,820",47.9%,51.0%,,"177,650","165,756","349,608",50.8%,47.4%
MI-08,"Slotkin, Elissa",(D),,"212,085","215,649","434,738",48.8%,49.6%,,"164,436","189,891","374,968",43.9%,50.6%,,"172,131","183,512","358,795",48.0%,51.1%,,"195,947","174,675","376,482",52.0%,46.4%
MI-09,"Levin, Andy",(D),,"229,258","175,081","410,103",55.9%,42.7%,,"183,085","155,597","355,751",51.5%,43.7%,,"199,625","146,185","349,021",57.2%,41.9%,,"214,229","147,770","368,821",58.1%,40.1%
MI-10,"Mitchell, Paul",(R),,"146,887","273,877","426,468",34.4%,64.2%,,"113,065","228,171","357,785",31.6%,63.8%,,"148,429","187,653","339,318",43.7%,55.3%,,"170,032","177,205","354,087",48.0%,50.0%
MI-11,"Stevens, Haley",(D),,"237,696","216,799","460,743",51.6%,47.1%,,"177,143","194,245","390,926",45.3%,49.7%,,"178,768","199,308","380,884",46.9%,52.3%,,"193,613","186,390","386,552",50.1%,48.2%
MI-12,"Dingell, Debbie",(D),,"251,770","134,892","392,079",64.2%,34.4%,,"205,939","116,741","338,523",60.8%,34.5%,,"217,492","107,675","328,498",66.2%,32.8%,,"234,529","110,055","350,474",66.9%,31.4%
MI-13,"Tlaib, Rashida",(D),,"229,535","58,162","291,132",78.8%,20.0%,,"209,105","48,111","265,343",78.8%,18.1%,,"249,656","41,881","293,164",85.2%,14.3%,,"281,005","46,980","331,253",84.8%,14.2%
MI-14,"Lawrence, Brenda",(D),,"276,847","68,031","348,045",79.5%,19.5%,,"252,387","58,179","318,751",79.2%,18.3%,,"273,270","62,794","337,491",81.0%,18.6%,,"294,273","61,286","357,861",82.2%,17.1%
MN-01,"Hagedorn, Jim",(R),,"164,139","202,121","374,203",43.9%,54.0%,,"130,831","181,647","340,831",38.4%,53.3%,,"170,377","165,720","343,764",49.6%,48.2%,,"176,959","162,554","348,046",50.8%,46.7%
MN-02,"Craig, Angie",(D),,"226,589","197,005","432,792",52.4%,45.5%,,"171,287","175,807","377,887",45.3%,46.5%,,"184,802","184,576","376,586",49.1%,49.0%,,"185,192","174,635","367,039",50.5%,47.6%
MN-03,"Philips, Dean",(D),,"265,552","178,221","452,512",58.7%,39.4%,,"201,833","164,259","397,008",50.8%,41.4%,,"199,093","195,802","401,332",49.6%,48.8%,,"199,740","185,406","391,314",51.0%,47.4%
MN-04,"McCollum, Betty",(D),,"273,197","123,295","404,458",67.5%,30.5%,,"223,803","111,163","363,650",61.5%,30.6%,,"231,511","131,521","370,514",62.5%,35.5%,,"229,802","130,366","367,119",62.6%,35.5%
MN-05,"Omar, Ilhan",(D),,"328,766","72,323","409,330",80.3%,17.7%,,"273,402","68,535","370,869",73.7%,18.5%,,"274,635","89,643","373,638",73.5%,24.0%,,"269,829","90,035","367,392",73.4%,24.5%
MN-06,"Emmer, Tom",(R),,"165,370","251,056","425,737",38.8%,59.0%,,"123,329","218,546","370,947",33.2%,58.9%,,"151,238","205,652","364,072",41.5%,56.5%,,"153,766","194,584","356,012",43.2%,54.7%
MN-07,"Peterson, Collin",(D),,"126,528","234,753","368,161",34.4%,63.8%,,"104,566","208,215","337,005",31.0%,61.8%,,"147,750","180,334","334,777",44.1%,53.9%,,"162,296","173,440","344,442",47.1%,50.4%
MN-08,"Stauber, Pete",(R),,"166,936","225,291","400,013",41.7%,56.3%,,"138,665","194,779","359,353",38.6%,54.2%,,"186,761","166,977","361,237",51.7%,46.2%,,"195,770","164,390","369,006",53.1%,44.5%
MO-01,"Clay, Lacy",(D),,"257,909","58,280","321,328",80.3%,18.1%,,"246,107","60,136","319,606",77.0%,18.8%,,"280,194","66,286","350,829",79.9%,18.9%,,"309,062","71,725","384,801",80.3%,18.6%
MO-02,"Wagner, Ann",(R),,"222,349","222,464","452,325",49.2%,49.2%,,"177,647","220,842","420,072",42.3%,52.6%,,"170,727","235,428","411,992",41.4%,57.1%,,"199,128","225,911","429,449",46.4%,52.6%
MO-03,"Luetkemeyer, Blaine",(R),,"130,857","279,373","417,914",31.3%,66.8%,,"106,365","254,183","378,846",28.1%,67.1%,,"127,443","219,156","353,496",36.1%,62.0%,,"158,404","206,620","370,056",42.8%,55.8%
MO-04,"Hartzler, Vicki",(R),,"117,975","243,844","369,447",31.9%,66.0%,,"99,844","222,162","340,290",29.3%,65.3%,,"119,908","201,672","329,292",36.4%,61.2%,,"146,703","197,817","350,083",41.9%,56.5%
MO-05,"Cleaver, Emanuel",(D),,"208,696","141,661","357,416",58.4%,39.6%,,"177,772","133,458","328,803",54.1%,40.6%,,"199,298","133,185","338,346",58.9%,39.4%,,"229,496","136,071","370,231",62.0%,36.8%
MO-06,"Graves, Sam",(R),,"137,268","248,374","392,499",35.0%,63.3%,,"112,056","223,375","354,014",31.7%,63.1%,,"129,610","205,283","341,953",37.9%,60.0%,,"154,736","198,560","359,371",43.1%,55.3%
MO-07,"Long, Billy",(R),,"105,855","263,623","376,465",28.1%,70.0%,,"84,419","240,690","342,069",24.7%,70.4%,,"98,916","220,216","325,978",30.3%,67.6%,,"121,064","216,172","342,504",35.3%,63.1%
MO-08,"Smith, Jason",(R),,"72,104","261,118","337,764",21.3%,77.3%,,"66,858","239,666","317,749",21.0%,75.4%,,"97,700","201,214","305,437",32.0%,65.9%,,"123,319","192,937","321,648",38.3%,60.0%
MS-01,"Kelly, Trent",(R),,"115,883","222,359","343,231",33.8%,64.8%,,"100,770","203,144","310,622",32.4%,65.4%,,"118,438","197,984","319,986",37.0%,61.9%,,"118,704","202,760","324,760",36.6%,62.4%
MS-02,"Thompson, Bennie",(D),,"191,329","105,700","300,527",63.7%,35.2%,,"185,208","102,392","291,427",63.6%,35.1%,,"219,416","109,228","330,543",66.4%,33.0%,,"215,143","118,035","335,114",64.2%,35.2%
MS-03,"Guest, Michael ",(R),,"135,455","210,649","350,527",38.6%,60.1%,,"119,108","198,527","323,853",36.8%,61.3%,,"132,968","204,180","340,146",39.1%,60.0%,,"131,202","207,867","341,622",38.4%,60.8%
MS-04,"Palazzo, Steven",(R),,"96,731","218,056","319,474",30.3%,68.3%,,"80,045","196,652","283,455",28.2%,69.4%,,"92,127","199,354","294,909",31.2%,67.6%,,"89,613","195,935","288,369",31.1%,67.9%
MT-AL,"Gianforte, Greg",(R),,"244,786","343,602","603,640",40.6%,56.9%,,"177,709","279,240","494,526",35.9%,56.5%,,"201,839","267,928","483,932",41.7%,55.4%,,"232,159","243,882","491,767",47.2%,49.6%
NC-01,"Butterfield, G.K.",(D),,"262,000","122,261","388,325",67.5%,31.5%,,"239,585","108,100","354,704",67.5%,30.5%,,"244,167","111,993","358,529",68.1%,31.2%,,"231,077","110,445","342,771",67.4%,32.2%
NC-02,"Holding, George",(R),,"237,832","256,687","501,878",47.4%,51.1%,,"173,131","211,450","397,167",43.6%,53.2%,,"158,037","205,651","367,350",43.0%,56.0%,,"152,326","184,727","339,148",44.9%,54.5%
NC-03,"Murphy, Greg",(R),,"146,126","230,331","381,975",38.3%,60.3%,,"121,094","198,864","328,451",36.9%,60.5%,,"129,535","186,723","319,093",40.6%,58.5%,,"131,905","176,453","309,920",42.6%,56.9%
NC-04,"Price, David",(D),,"338,278","128,650","474,096",71.4%,27.1%,,"281,517","116,383","412,533",68.2%,28.2%,,"253,331","134,265","392,923",64.5%,34.2%,,"239,012","120,780","362,150",66.0%,33.4%
NC-05,"Foxx, Virginia",(R),,"169,544","234,158","408,625",41.5%,57.3%,,"142,367","205,348","358,023",39.8%,57.4%,,"146,282","195,415","345,768",42.3%,56.5%,,"151,995","184,844","339,462",44.8%,54.5%
NC-06,"Walker, Mark",(R),,"180,634","235,935","421,278",42.9%,56.0%,,"148,725","201,387","358,853",41.4%,56.1%,,"149,442","193,609","346,117",43.2%,55.9%,,"149,396","177,614","329,330",45.4%,53.9%
NC-07,"Rouzer, David",(R),,"176,537","246,292","427,753",41.3%,57.6%,,"142,809","206,150","357,908",39.9%,57.6%,,"145,865","188,514","337,348",43.2%,55.9%,,"144,777","177,102","323,557",44.7%,54.7%
NC-08,"Hudson, Richard",(R),,"173,114","217,954","396,493",43.7%,55.0%,,"136,233","185,873","331,234",41.1%,56.1%,,"141,264","174,101","318,307",44.4%,54.7%,,"141,129","167,955","310,845",45.4%,54.0%
NC-09,"Bishop, Dan",(R),,"182,632","220,903","408,122",44.7%,54.1%,,"147,072","186,974","343,888",42.8%,54.4%,,"146,474","185,251","334,522",43.8%,55.4%,,"142,113","169,781","313,481",45.3%,54.2%
NC-10,"McHenry, Patrick",(R),,"160,601","255,169","420,736",38.2%,60.6%,,"129,233","216,790","355,111",36.4%,61.0%,,"137,613","199,068","340,408",40.4%,58.5%,,"138,138","190,381","330,688",41.8%,57.6%
NC-11,"Meadows, Mark",(R),,"158,847","266,766","431,377",36.8%,61.8%,,"123,806","230,001","364,055",34.0%,63.2%,,"132,399","202,151","339,041",39.1%,59.6%,,"140,918","193,562","337,287",41.8%,57.4%
NC-12,"Adams, Alma",(D),,"309,281","119,798","435,307",71.0%,27.5%,,"243,736","101,161","356,321",68.4%,28.4%,,"231,080","106,731","340,787",67.8%,31.3%,,"206,698","94,989","303,082",68.2%,31.3%
NC-13,"Budd, Ted",(R),,"189,012","223,940","418,241",45.2%,53.5%,,"160,004","194,170","363,851",44.0%,53.4%,,"162,903","186,922","353,107",46.1%,52.9%,,"164,582","175,774","342,427",48.1%,51.3%
ND-AL,"Armstrong, Kelly",(R),,"114,902","235,595","359,890",31.9%,65.5%,,"93,758","216,794","337,963",27.7%,64.1%,,"124,827","188,163","320,767",38.9%,58.7%,,"141,403","168,887","316,615",44.7%,53.3%
NE-01,"Fortenberry, Jeff",(R),,"132,261","180,290","320,046",41.3%,56.3%,,"100,030","158,629","276,046",36.2%,57.5%,,"107,994","152,122","264,718",40.8%,57.5%,,"117,514","144,470","267,008",44.0%,54.1%
NE-02,"Bacon, Don",(R),,"176,468","154,377","337,754",52.2%,45.7%,,"131,102","137,506","285,211",46.0%,48.2%,,"121,971","140,880","266,720",45.7%,52.8%,,"133,016","129,890","267,039",49.8%,48.6%
NE-03,"Smith, Adrian",(R),,"65,854","222,179","293,912",22.4%,75.6%,,"53,362","199,826","266,918",20.0%,74.9%,,"72,116","182,062","259,224",27.8%,70.2%,,"82,789","178,619","266,981",31.0%,66.9%
NH-01,"Pappas, Chris",(D),,"213,662","188,999","409,239",52.2%,46.2%,,"173,344","179,259","371,973",46.6%,48.2%,,"179,148","173,419","356,812",50.2%,48.6%,,"186,598","163,977","353,603",52.8%,46.4%
NH-02,"Kuster, Annie",(D),,"211,275","176,661","394,594",53.5%,44.8%,,"175,182","166,531","360,294",48.6%,46.2%,,"190,413","156,499","351,587",54.2%,44.5%,,"198,228","152,557","354,008",56.0%,43.1%
NJ-01,"Norcross, Donald",(D),,"242,214","142,822","390,213",62.1%,36.6%,,"199,386","118,880","329,188",60.6%,36.1%,,"212,236","110,377","326,134",65.1%,33.8%,,"219,874","116,242","340,075",64.7%,34.2%
NJ-02,"Van Drew, Jeff",(D),,"183,250","194,366","382,685",47.9%,50.8%,,"147,656","162,486","321,004",46.0%,50.6%,,"166,906","141,479","311,778",53.5%,45.4%,,"174,840","149,736","328,805",53.2%,45.5%
NJ-03,"Kim, Andy",(D),,"217,222","218,016","441,362",49.2%,49.4%,,"165,090","187,703","365,240",45.2%,51.4%,,"179,028","163,203","345,812",51.8%,47.2%,,"188,210","175,525","367,978",51.1%,47.7%
NJ-04,"Smith, Chris",(R),,"191,273","236,896","433,563",44.1%,54.6%,,"146,191","198,859","356,583",41.0%,55.8%,,"148,622","180,439","332,612",44.7%,54.2%,,"160,660","190,307","355,041",45.3%,53.6%
NJ-05,"Gottheimer, Josh",(D),,"224,937","202,419","433,296",51.9%,46.7%,,"173,963","178,058","364,545",47.7%,48.8%,,"162,305","172,486","338,580",47.9%,50.9%,,"176,486","183,854","363,746",48.5%,50.5%
NJ-06,"Pallone, Frank",(D),,"191,464","138,919","334,578",57.2%,41.5%,,"162,857","117,679","289,648",56.2%,40.6%,,"163,391","99,466","265,918",61.4%,37.4%,,"170,603","118,187","292,048",58.4%,40.5%
NJ-07,"Malinowski, Tom",(D),,"239,105","195,248","441,160",54.2%,44.3%,,"180,530","176,386","371,592",48.6%,47.5%,,"157,635","178,521","340,175",46.3%,52.5%,,"172,330","188,352","364,851",47.2%,51.6%
NJ-08,"Sires, Albio",(D),,"182,963","69,207","254,802",71.8%,27.2%,,"173,834","49,336","229,736",75.7%,21.5%,,"162,232","43,032","207,307",78.3%,20.8%,,"159,013","56,502","217,359",73.2%,26.0%
NJ-09,"Pascrell, Bill",(D),,"200,019","118,376","321,623",62.2%,36.8%,,"177,954","91,696","276,738",64.3%,33.1%,,"173,082","77,951","253,218",68.4%,30.8%,,"170,663","93,912","266,738",64.0%,35.2%
NJ-10,"Payne, Donald",(D),,"254,725","45,311","302,548",84.2%,15.0%,,"233,822","35,111","274,410",85.2%,12.8%,,"239,483","31,379","272,407",87.9%,11.5%,,"242,306","41,562","285,386",84.9%,14.6%
NJ-11,"Sherrill, Mikie",(D),,"237,986","208,017","451,995",52.7%,46.0%,,"182,334","185,696","380,595",47.9%,48.8%,,"163,493","183,775","350,909",46.6%,52.4%,,"176,436","195,675","375,701",47.0%,52.1%
NJ-12,"Watson Coleman, Bonnie",(D),,"243,177","113,677","361,527",67.3%,31.4%,,"204,661","100,043","314,766",65.0%,31.8%,,"198,197","96,642","298,083",66.5%,32.4%,,"204,001","103,354","310,510",65.7%,33.3%
NM-01,"Haaland, Deb",(D),,"197,294","122,685","327,717",60.2%,37.4%,,"147,250","100,132","285,170",51.6%,35.1%,,"155,915","111,749","282,195",55.3%,39.6%,,"178,068","116,302","298,305",59.7%,39.0%
NM-02,"Torres Smalls, Xochitl",(D),,"116,535","148,608","270,577",43.1%,54.9%,,"93,363","117,212","234,096",39.9%,50.1%,,"103,438","119,168","230,391",44.9%,51.7%,,"118,400","122,705","244,530",48.4%,50.2%
NM-03,"Lujan, Ben",(D),,"187,785","130,600","325,671",57.7%,40.1%,,"144,621","102,323","279,053",51.8%,36.7%,,"155,982","104,871","271,171",57.5%,38.7%,,"175,953","107,825","287,324",61.2%,37.5%
NV-01,"Titus, Dina",(D),,"143,424","84,976","233,349",61.5%,36.4%,,"121,321","64,233","196,840",61.6%,32.6%,,"123,205","60,813","187,686",65.6%,32.4%,,"122,041","62,527","189,190",64.5%,33.0%
NV-02,"Amodei, Mark",(R),,"171,024","210,255","392,617",43.6%,53.6%,,"129,318","169,631","326,011",39.7%,52.0%,,"131,542","155,187","293,476",44.8%,52.9%,,"141,357","137,916","285,982",49.4%,48.2%
NV-03,"Lee, Susie ",(D),,"214,181","213,302","435,797",49.1%,48.9%,,"151,552","154,815","325,602",46.5%,47.5%,,"140,501","138,238","283,656",49.5%,48.7%,,"140,378","116,908","262,257",53.5%,44.6%
NV-04,"Horsford, Stephen ",(D),,"174,857","161,358","343,613",50.9%,47.0%,,"137,070","123,380","276,932",49.5%,44.6%,,"136,124","109,330","250,100",54.4%,43.7%,,"129,961","95,477","230,420",56.4%,41.4%
NY-01,"Zeldin, Lee",(R),,"182,793","198,826","386,329",47.3%,51.5%,,"141,900","183,233","336,437",42.2%,54.5%,,"146,708","145,115","295,673",49.6%,49.1%,,"168,611","156,394","328,315",51.4%,47.6%
NY-02,"King, Peter",(R),,"168,779","183,204","356,124",47.4%,51.4%,,"137,680","165,908","313,286",43.9%,53.0%,,"140,817","128,791","272,663",51.6%,47.2%,,"156,151","145,890","304,670",51.3%,47.9%
NY-03,"Suozzi, Tom",(D),,"216,247","175,089","395,436",54.7%,44.3%,,"178,288","156,942","345,275",51.6%,45.5%,,"155,451","147,617","306,221",50.8%,48.2%,,"182,847","155,946","341,582",53.5%,45.7%
NY-04,"Rice, Kathleen",(D),,"211,700","165,073","380,697",55.6%,43.4%,,"179,845","147,469","336,811",53.4%,43.8%,,"173,508","131,750","308,119",56.3%,42.8%,,"185,400","147,199","334,969",55.3%,43.9%
NY-05,"Meeks, Gregory",(D),,"229,459","44,495","275,508",83.3%,16.2%,,"211,667","31,322","246,961",85.7%,12.7%,,"192,374","19,325","212,347",90.6%,9.1%,,"206,652","32,558","240,009",86.1%,13.6%
NY-06,"Meng, Grace",(D),,"152,725","92,371","247,255",61.8%,37.4%,,"134,970","66,487","207,285",65.1%,32.1%,,"125,496","57,455","185,058",67.8%,31.0%,,"126,794","71,419","199,891",63.4%,35.7%
NY-07,"Velazquez, Nydia",(D),,"190,811","40,366","233,221",81.8%,17.3%,,"177,664","21,198","204,473",86.9%,10.4%,,"159,552","18,671","180,591",88.3%,10.3%,,"158,908","28,083","188,388",84.4%,14.9%
NY-08,"Jeffries, Hakeem",(D),,"234,960","46,711","283,554",82.9%,16.5%,,"215,689","34,356","254,930",84.6%,13.5%,,"210,018","23,869","235,295",89.3%,10.1%,,"208,300","32,971","242,177",86.0%,13.6%
NY-09,"Clarke, Yvette",(D),,"232,347","50,873","285,350",81.4%,17.8%,,"211,812","36,600","253,789",83.5%,14.4%,,"204,281","33,156","239,547",85.3%,13.8%,,"208,748","38,289","248,224",84.1%,15.4%
NY-10,"Nadler, Jerrold",(D),,"218,141","65,611","286,527",76.1%,22.9%,,"205,114","49,179","261,945",78.3%,18.8%,,"173,650","58,992","235,821",73.6%,25.0%,,"195,974","60,682","259,039",75.7%,23.4%
NY-11,"Rose, Max",(D),,"132,366","163,857","298,863",44.3%,54.8%,,"108,807","133,232","248,457",43.8%,53.6%,,"110,407","101,262","213,991",51.6%,47.3%,,"112,035","118,106","231,976",48.3%,50.9%
NY-12,"Maloney, Carolyn",(D),,"280,012","49,337","332,820",84.1%,14.8%,,"255,601","41,384","306,910",83.3%,13.5%,,"205,919","57,575","267,692",76.9%,21.5%,,"243,155","57,238","303,389",80.1%,18.9%
NY-13,"Espaillat, Adriano",(D),,"233,234","29,526","264,872",88.1%,11.1%,,"232,925","13,727","252,393",92.3%,5.4%,,"219,361","10,558","231,787",94.6%,4.6%,,"225,863","14,845","242,035",93.3%,6.1%
NY-14,"Ocasio-Cortez, Alexandria",(D),,"161,973","57,174","220,982",73.3%,25.9%,,"151,407","38,560","194,923",77.7%,19.8%,,"136,783","30,978","169,552",80.7%,18.3%,,"135,243","41,288","177,831",76.1%,23.2%
NY-15,"Serrano, Jose",(D),,"171,328","25,855","198,198",86.4%,13.0%,,"179,454","9,371","191,383",93.8%,4.9%,,"171,366","5,315","177,129",96.7%,3.0%,,"170,498","9,382","180,295",94.6%,5.2%
NY-16,"Engel, Eliot",(D),,"232,782","73,665","309,170",75.3%,23.8%,,"212,644","63,590","283,114",75.1%,22.5%,,"197,365","68,373","267,814",73.7%,25.5%,,"205,897","74,591","282,279",72.9%,26.4%
NY-17,"Lowey, Nita",(D),,"212,254","140,322","356,203",59.6%,39.4%,,"186,437","122,339","318,220",58.6%,38.4%,,"168,020","123,190","294,401",57.1%,41.8%,,"181,604","128,934","313,081",58.0%,41.2%
NY-18,"Maloney, Sean",(D),,"184,181","166,448","355,716",51.8%,46.8%,,"146,187","152,143","310,474",47.1%,49.0%,,"149,610","137,144","290,894",51.4%,47.1%,,"162,618","146,308","312,234",52.1%,46.9%
NY-19,"Delgado, Antonio",(D),,"182,965","177,569","367,482",49.8%,48.3%,,"140,518","162,265","319,452",44.0%,50.8%,,"157,967","138,981","303,112",52.1%,45.9%,,"175,763","150,323","331,779",53.0%,45.3%
NY-20,"Tonko, Paul",(D),,"217,340","141,619","366,382",59.3%,38.7%,,"175,384","131,557","325,081",54.0%,40.5%,,"186,460","122,230","315,032",59.2%,38.8%,,"198,366","135,529","340,274",58.3%,39.8%
NY-21,"Stefanik, Elise",(R),,"141,679","175,345","323,276",43.8%,54.2%,,"111,760","150,481","279,438",40.0%,53.9%,,"138,889","122,471","265,850",52.2%,46.1%,,"150,137","135,821","290,642",51.7%,46.7%
NY-22,"Brindisi, Anthony",(D),,"139,998","177,147","323,896",43.2%,54.7%,,"114,016","158,913","289,954",39.3%,54.8%,,"135,172","136,500","277,217",48.8%,49.2%,,"148,425","148,580","302,473",49.1%,49.1%
NY-23,"Reed, Tom",(R),,"139,037","175,243","321,276",43.3%,54.5%,,"115,013","158,156","290,017",39.7%,54.5%,,"133,949","137,312","276,891",48.4%,49.6%,,"150,412","147,913","303,285",49.6%,48.8%
NY-24,"Katko, John",(R),,"186,983","155,222","349,961",53.4%,44.4%,,"151,021","139,763","308,574",48.9%,45.3%,,"171,502","123,534","300,621",57.0%,41.1%,,"181,776","135,928","323,571",56.2%,42.0%
NY-25,"Morelle, Joe",(D),,"218,504","137,342","363,605",60.1%,37.8%,,"182,896","128,955","329,443",55.5%,39.1%,,"187,753","125,897","319,454",58.8%,39.4%,,"201,012","136,481","342,056",58.8%,39.9%
NY-26,"Higgins, Brian",(D),,"209,957","119,410","335,256",62.6%,35.6%,,"175,336","115,558","304,440",57.6%,38.0%,,"193,362","103,743","302,388",63.9%,34.3%,,"208,504","115,099","328,709",63.4%,35.0%
NY-27,VACANT ,(R),,"162,337","224,305","394,811",41.1%,56.8%,,"122,107","206,869","346,771",35.2%,59.7%,,"140,176","180,703","326,828",42.9%,55.3%,,"153,862","186,554","345,902",44.5%,53.9%
OH-01,"Chabot, Steve",(R),,"185,947","198,433","390,226",47.7%,50.9%,,"160,988","185,025","361,297",44.6%,51.2%,,"168,195","190,504","363,593",46.3%,52.4%,,"171,529","188,091","363,285",47.2%,51.8%
OH-02,"Wenstrup, Brad",(R),,"165,593","214,600","385,916",42.9%,55.6%,,"140,773","197,877","354,868",39.7%,55.8%,,"155,027","194,409","355,117",43.7%,54.7%,,"160,301","196,040","361,562",44.3%,54.2%
OH-03,"Beatty, Joyce",(D),,"231,278","93,890","330,494",70.0%,28.4%,,"210,445","89,824","314,155",67.0%,28.6%,,"217,969","90,434","312,938",69.7%,28.9%,,"209,277","97,330","310,574",67.4%,31.3%
OH-04,"Jordan, Jim",(R),,"110,336","237,144","353,273",31.2%,67.1%,,"99,641","208,715","324,648",30.7%,64.3%,,"139,228","185,512","331,390",42.0%,56.0%,,"150,312","187,369","344,253",43.7%,54.4%
OH-05,"Latta, Bob",(R),,"141,528","237,762","385,874",36.7%,61.6%,,"124,410","214,653","359,624",34.6%,59.7%,,"159,592","195,075","362,052",44.1%,53.9%,,"171,746","194,685","373,037",46.0%,52.2%
OH-06,"Johnson, Bill",(R),,"91,296","248,554","344,239",26.5%,72.2%,,"85,512","221,852","320,064",26.7%,69.3%,,"136,522","176,593","319,939",42.7%,55.2%,,"149,059","177,089","333,655",44.7%,53.1%
OH-07,"Gibbs, Bob",(R),,"120,706","237,313","363,357",33.2%,65.3%,,"108,004","205,565","328,938",32.8%,62.5%,,"147,660","179,312","333,866",44.2%,53.7%,,"159,267","173,085","339,811",46.9%,50.9%
OH-08,"Davidson, Warren",(R),,"119,846","243,068","368,357",32.5%,66.0%,,"104,927","223,221","342,785",30.6%,65.1%,,"124,478","211,436","341,543",36.4%,61.9%,,"133,182","210,494","349,366",38.1%,60.3%
OH-09,"Kaptur, Marcy",(D),,"184,337","124,569","313,540",58.8%,39.7%,,"177,118","110,204","301,655",58.7%,36.5%,,"217,146","99,223","321,454",67.6%,30.9%,,"227,380","107,587","340,297",66.8%,31.6%
OH-10,"Turner, Michael",(R),,"172,471","188,673","367,302",47.0%,51.4%,,"153,323","178,703","348,181",44.0%,51.3%,,"172,942","179,813","358,592",48.2%,50.1%,,"183,239","183,226","371,572",49.3%,49.3%
OH-11,"Fudge, Marcia",(D),,"252,725","60,902","316,805",79.8%,19.2%,,"260,298","55,018","323,301",80.5%,17.0%,,"298,788","59,753","361,124",82.7%,16.5%,,"303,165","63,609","369,582",82.0%,17.2%
OH-12,"Balderson, Troy",(R),,"206,386","232,901","446,172",46.3%,52.2%,,"162,245","205,883","387,279",41.9%,53.2%,,"167,441","207,387","381,462",43.9%,54.4%,,"167,870","201,574","375,123",44.8%,53.7%
OH-13,"Ryan, Tim",(D),,"171,245","159,938","335,896",51.0%,47.6%,,"163,553","142,800","319,877",51.1%,44.6%,,"212,616","119,625","337,776",62.9%,35.4%,,"222,155","127,685","356,854",62.3%,35.8%
OH-14,"Joyce, David",(R),,"185,689","222,983","413,841",44.9%,53.9%,,"155,602","197,884","369,274",42.1%,53.6%,,"179,769","192,270","377,833",47.6%,50.9%,,"189,099","190,379","385,186",49.1%,49.4%
OH-15,"Stivers, Steve",(R),,"166,098","221,898","393,949",42.2%,56.3%,,"141,654","196,679","355,390",39.9%,55.3%,,"161,227","180,443","347,923",46.3%,51.9%,,"161,592","183,103","350,655",46.1%,52.2%
OH-16,"Gonzalez, Anthony",(R),,"173,685","232,207","411,139",42.2%,56.5%,,"145,672","207,101","368,837",39.5%,56.1%,,"169,108","199,650","374,209",45.2%,53.4%,,"180,871","196,473","383,030",47.2%,51.3%
OK-01,"Hern, Kevin",(R),,"125,905","202,879","337,495",37.3%,60.1%,,"101,757","191,343","311,506",32.7%,61.4%,,"98,321","188,961","287,282",34.2%,65.8%,,"113,915","204,018","317,933",35.8%,64.2%
OK-02,"Mullin, Markwayne",(R),,"64,353","221,123","290,575",22.1%,76.1%,,"62,022","198,155","271,844",22.8%,72.9%,,"81,179","170,983","252,162",32.2%,67.8%,,"93,714","179,570","273,285",34.3%,65.7%
OK-03,"Lucas, Frank",(R),,"72,141","232,416","311,625",23.1%,74.6%,,"61,179","216,078","293,417",20.9%,73.6%,,"70,346","199,390","269,736",26.1%,73.9%,,"80,196","216,033","296,229",27.1%,72.9%
OK-04,"Cole, Tom",(R),,"101,120","207,214","315,917",32.0%,65.6%,,"83,648","194,160","295,464",28.3%,65.7%,,"86,285","176,067","262,386",32.9%,67.1%,,"97,697","190,538","288,234",33.9%,66.1%
OK-05,"Horn, Kendra",(D),,"140,371","156,648","305,087",46.0%,51.3%,,"111,769","149,400","280,761",39.8%,53.2%,,"107,416","155,924","263,306",40.8%,59.2%,,"116,973","170,007","286,981",40.8%,59.2%
OR-01,"Bonamici, Suzanne",(D),,"298,753","160,808","472,277",63.3%,34.0%,,"219,412","132,160","382,673",57.3%,34.5%,,"201,028","140,410","350,979",57.3%,40.0%,,"210,580","133,368","353,487",59.6%,37.7%
OR-02,"Walden, Greg",(R),,"197,922","261,602","470,391",42.1%,55.6%,,"139,059","215,711","381,561",36.4%,56.5%,,"139,940","196,568","345,883",40.5%,56.8%,,"153,867","191,430","355,690",43.3%,53.8%
OR-03,"Blumenauer, Earl",(D),,"356,659","112,556","479,782",74.3%,23.5%,,"282,346","89,678","399,204",70.7%,22.5%,,"267,966","91,827","372,036",72.0%,24.7%,,"275,349","91,804","377,498",72.9%,24.3%
OR-04,"DeFazio, Peter",(D),,"238,619","219,851","470,962",50.7%,46.7%,,"180,872","180,318","392,006",46.1%,46.0%,,"188,563","163,931","364,440",51.7%,45.0%,,"210,312","165,632","388,034",54.2%,42.7%
OR-05,"Schrader, Kurt",(D),,"248,430","203,631","463,820",53.6%,43.9%,,"180,417","164,536","373,298",48.3%,44.1%,,"172,991","161,439","342,657",50.5%,47.1%,,"187,183","156,240","353,154",53.0%,44.2%
PA-01,"Fitzpatrick, Brian",(R),,"233,446","207,433","445,566",52.4%,46.6%,,"189,392","181,772","385,727",49.1%,47.1%,,"180,458","174,575","359,421",50.2%,48.6%,,,,,,
PA-02,"Boyle, Brendan",(D),,"207,491","86,128","295,805",70.1%,29.1%,,"207,087","70,641","283,972",72.9%,24.9%,,"210,110","59,284","271,538",77.4%,21.8%,,,,,,
PA-03,"Evans, Dwight",(D),,"357,956","31,769","392,103",91.3%,8.1%,,"339,631","26,238","373,594",90.9%,7.0%,,"340,118","28,111","370,854",91.7%,7.6%,,,,,,
PA-04,"Dean, Madeleine",(D),,"276,491","168,191","449,359",61.5%,37.4%,,"221,238","147,165","382,477",57.8%,38.5%,,"203,536","155,314","362,827",56.1%,42.8%,,,,,,
PA-05,"Gay Scanlon, Mary ",(D),,"263,644","137,678","404,738",65.1%,34.0%,,"230,067","126,362","367,453",62.6%,34.4%,,"223,552","125,727","352,632",63.4%,35.7%,,,,,,
PA-06,"Houlahan, Chrissy",(D),,"232,017","170,600","407,525",56.9%,41.9%,,"185,851","153,016","353,374",52.6%,43.3%,,"169,019","158,459","331,423",51.0%,47.8%,,,,,,
PA-07,"Wild, Susan",(D),,"199,283","180,774","384,606",51.8%,47.0%,,"160,356","156,777","329,510",48.7%,47.6%,,"158,652","137,646","300,110",52.9%,45.9%,,,,,,
PA-08,"Cartwright, Matt",(D),,"168,613","184,363","356,564",47.3%,51.7%,,"135,605","165,198","310,154",43.7%,53.3%,,"158,893","124,466","287,086",55.3%,43.4%,,,,,,
PA-09,"Meuser, Dan",(R),,"122,523","232,115","359,619",34.1%,64.5%,,"97,813","205,181","315,463",31.0%,65.0%,,"118,960","164,933","288,583",41.2%,57.2%,,,,,,
PA-10,"Perry, Scott",(R),,"189,803","201,367","396,974",47.8%,50.7%,,"150,112","181,044","346,108",43.4%,52.3%,,"148,361","169,759","322,536",46.0%,52.6%,,,,,,
PA-11,"Smucker, Lloyd",(R),,"148,521","233,074","387,414",38.3%,60.2%,,"115,372","201,557","332,899",34.7%,60.5%,,"116,033","184,712","305,314",38.0%,60.5%,,,,,,
PA-12,"Keller, Fred",(R),,"107,798","232,392","345,181",31.2%,67.3%,,"91,145","202,955","306,841",29.7%,66.1%,,"103,160","172,279","280,151",36.8%,61.5%,,,,,,
PA-13,"Joyce, John",(R),,"100,543","264,266","369,191",27.2%,71.6%,,"81,394","227,441","319,516",25.5%,71.2%,,"94,035","195,367","293,398",32.1%,66.6%,,,,,,
PA-14,"Reschenthaler, Guy",(R),,"135,824","240,206","380,075",35.7%,63.2%,,"112,884","209,542","333,028",33.9%,62.9%,,"125,404","180,087","309,063",40.6%,58.3%,,,,,,
PA-15,"Thompson, Glenn",(R),,"96,863","250,545","351,941",27.5%,71.2%,,"82,000","215,661","308,943",26.5%,69.8%,,"102,940","180,414","288,080",35.7%,62.6%,,,,,,
PA-16,"Kelly, Mike",(R),,"145,265","213,031","363,010",40.0%,58.7%,,"122,577","187,144","323,079",37.9%,57.9%,,"144,196","159,031","307,365",46.9%,51.7%,,,,,,
PA-17,"Lamb, Conor",(D),,"221,505","209,637","436,600",50.7%,48.0%,,"178,351","188,065","380,743",46.8%,49.4%,,"170,762","187,015","361,853",47.2%,51.7%,,,,,,
PA-18,"Doyle, Mike",(D),,"252,860","134,833","392,002",64.5%,34.4%,,"224,898","125,091","361,913",62.1%,34.6%,,"222,094","123,263","349,821",63.5%,35.2%,,,,,,
RI-01,"Cicilline, David",(D),,"154,430","83,607","241,561",63.9%,34.6%,,"130,682","75,510","216,116",60.5%,34.9%,,"141,332","68,685","213,460",66.2%,32.2%,,"150,363","71,764","225,615",66.6%,31.8%
RI-02,"Langevin, Jim",(D),,"153,056","116,315","273,437",56.0%,42.5%,,"121,843","105,033","238,589",51.1%,44.0%,,"138,345","88,519","231,208",59.8%,38.3%,,"146,208","93,627","244,152",59.9%,38.3%
SC-01,"Cunningham, Joe",(D),,"197,288","222,708","427,594",46.1%,52.1%,,"134,685","178,052","333,021",40.4%,53.5%,,"119,756","173,550","297,933",40.2%,58.3%,,"118,886","156,066","278,253",42.7%,56.1%
SC-02,"Wilson, Joe",(R),,"158,948","200,210","364,935",43.6%,54.9%,,"120,591","175,985","312,625",38.6%,56.3%,,"113,338","170,005","287,443",39.4%,59.1%,,"112,547","169,885","285,473",39.4%,59.5%
SC-03,"Duncan, Jeff",(R),,"102,331","228,058","335,118",30.5%,68.1%,,"82,527","190,540","284,348",29.0%,67.0%,,"89,494","170,173","263,638",33.9%,64.5%,,"93,525","169,190","266,523",35.1%,63.5%
SC-04,"Timmons, William",(R),,"140,939","215,237","362,743",38.9%,59.3%,,"103,975","181,634","301,747",34.5%,60.2%,,"99,387","170,679","274,554",36.2%,62.2%,,"102,178","164,088","270,855",37.7%,60.6%
SC-05,"Norman, Ralph",(R),,"150,853","211,989","367,759",41.0%,57.6%,,"118,791","175,391","306,200",38.8%,57.3%,,"124,832","157,710","286,200",43.6%,55.1%,,"120,264","150,734","274,280",43.8%,55.0%
SC-06,"Clyburn, Jim",(D),,"194,414","92,192","290,095",67.0%,31.8%,,"178,159","80,741","266,848",66.8%,30.3%,,"195,131","77,299","275,266",70.9%,28.1%,,"191,945","79,266","273,907",70.1%,28.9%
SC-07,"Rice, Tom",(R),,"146,768","214,709","365,085",40.2%,58.8%,,"116,645","173,046","298,237",39.1%,58.0%,,"124,002","152,230","279,085",44.4%,54.5%,,"123,103","145,666","271,678",45.3%,53.6%
SD-AL,"Johnson, Dusty",(R),,"150,471","261,043","422,609",35.6%,61.8%,,"117,466","227,731","370,111",31.7%,61.5%,,"145,039","210,610","363,809",39.9%,57.9%,,"170,924","203,054","381,975",44.7%,53.2%
TN-01,"Roe, Phil",(R),,"70,463","242,686","318,556",22.1%,76.2%,,"52,240","203,668","265,493",19.7%,76.7%,,"65,767","186,310","256,324",25.7%,72.7%,,"77,079","188,237","269,243",28.6%,69.9%
TN-02,"Burchett, Tim",(R),,"124,229","228,990","360,121",34.5%,63.6%,,"86,214","188,956","290,193",29.7%,65.1%,,"85,525","186,368","276,952",30.9%,67.3%,,"101,603","188,283","294,421",34.5%,64.0%
TN-03,"Fleischmann, Chuck",(R),,"110,460","219,247","335,599",32.9%,65.3%,,"83,524","180,932","276,457",30.2%,65.4%,,"95,226","171,838","271,565",35.1%,63.3%,,"106,560","175,163","285,533",37.3%,61.3%
TN-04,"DesJarlais, Scott",(R),,"108,734","239,401","354,562",30.7%,67.5%,,"75,831","189,613","276,582",27.4%,68.6%,,"86,133","169,977","260,182",33.1%,65.3%,,"97,643","170,600","272,380",35.8%,62.6%
TN-05,"Cooper, Jim",(D),,"210,086","127,953","348,420",60.3%,36.7%,,"156,608","105,776","276,959",56.5%,38.2%,,"152,939","116,229","273,794",55.9%,42.5%,,"170,190","122,232","296,073",57.5%,41.3%
TN-06,"Rose, John",(R),,"96,446","273,924","376,800",25.6%,72.7%,,"70,549","216,461","297,967",23.7%,72.6%,,"82,297","192,662","278,928",29.5%,69.1%,,"97,072","188,258","289,881",33.5%,64.9%
TN-07,"Green, Mark",(R),,"115,166","245,882","367,606",31.3%,66.9%,,"82,313","196,848","291,561",28.2%,67.5%,,"92,042","183,757","279,796",32.9%,65.7%,,"103,884","178,286","285,870",36.3%,62.4%
TN-08,"Kustoff, David",(R),,"114,528","225,471","344,842",33.2%,65.4%,,"91,025","196,702","296,672",30.7%,66.3%,,"100,213","201,645","305,053",32.9%,66.1%,,"110,590","203,070","316,873",34.9%,64.1%
TN-09,"Cohen, Steve",(D),,"193,598","48,921","246,484",78.5%,19.8%,,"172,391","43,970","222,353",77.5%,19.8%,,"200,568","53,544","255,982",78.4%,20.9%,,"222,816","65,047","289,475",77.0%,22.5%
TX-01,"Gohmert, Louie",(R),,"83,229","218,700","305,555",27.2%,71.6%,,"66,389","189,604","262,492",25.3%,72.2%,,"69,858","181,835","254,055",27.5%,71.6%,,"78,918","178,520","258,800",30.5%,69.0%
TX-02,"Crenshaw, Dan",(R),,"170,430","174,980","350,446",48.6%,49.9%,,"119,659","145,530","277,873",43.1%,52.4%,,"88,751","157,094","249,569",35.6%,62.9%,,"91,087","150,665","243,439",37.4%,61.9%
TX-03,"Taylor, Van",(R),,"209,859","214,359","430,583",48.7%,49.8%,,"129,384","174,561","318,536",40.6%,54.8%,,"93,290","175,383","272,664",34.2%,64.3%,,"100,440","165,158","267,545",37.5%,61.7%
TX-04,"Ratcliffe, John",(R),,"84,680","258,470","347,229",24.4%,74.4%,,"60,841","210,587","279,188",21.8%,75.4%,,"63,559","189,554","256,123",24.8%,74.0%,,"75,910","180,772","258,577",29.4%,69.9%
TX-05,"Gooden, Lance",(R),,"107,494","172,395","283,292",37.9%,60.9%,,"79,759","145,841","232,735",34.3%,62.7%,,"73,085","137,239","212,669",34.4%,64.5%,,"83,216","137,698","222,316",37.4%,61.9%
TX-06,"Wright, Ron",(R),,"164,746","175,101","344,549",47.8%,50.8%,,"115,272","148,945","274,848",41.9%,54.2%,,"103,444","146,985","253,795",40.8%,57.9%,,"109,854","148,503","259,993",42.3%,57.1%
TX-07,"Fletcher, Lizzie",(D),,"170,060","143,176","317,555",53.6%,45.1%,,"124,722","121,204","257,308",48.5%,47.1%,,"92,499","143,631","239,767",38.6%,59.9%,,"96,866","140,692","239,081",40.5%,58.8%
TX-08,"Brady, Kevin",(R),,"109,291","274,224","388,622",28.1%,70.6%,,"70,532","214,605","295,099",23.9%,72.7%,,"55,273","195,742","254,167",21.7%,77.0%,,"61,357","171,408","234,270",26.2%,73.2%
TX-09,"Green, Al",(D),,"178,908","54,944","236,216",75.7%,23.3%,,"151,559","34,447","191,042",79.3%,18.0%,,"145,332","39,392","186,267",78.0%,21.1%,,"144,707","44,520","189,937",76.2%,23.4%
TX-10,"McCaul, Michael",(R),,"203,975","210,770","421,154",48.4%,50.0%,,"135,984","164,912","315,133",43.2%,52.3%,,"104,839","159,714","270,136",38.8%,59.1%,,"112,866","148,867","264,035",42.7%,56.4%
TX-11,"Conaway, Michael",(R),,"58,592","235,697","297,883",19.7%,79.1%,,"47,468","193,620","248,860",19.1%,77.8%,,"45,070","182,355","230,331",19.6%,79.2%,,"56,145","184,238","242,210",23.2%,76.1%
TX-12,"Granger, Kay",(R),,"140,683","224,490","371,220",37.9%,60.5%,,"92,549","177,939","282,691",32.7%,62.9%,,"79,147","166,992","249,826",31.7%,66.8%,,"89,718","161,030","252,637",35.5%,63.7%
TX-13,"Thornberry, Mac",(R),,"54,002","219,888","277,737",19.4%,79.2%,,"40,253","190,838","238,846",16.9%,79.9%,,"42,521","184,104","229,545",18.5%,80.2%,,"54,855","189,600","246,252",22.3%,77.0%
TX-14,"Weber, Randy",(R),,"124,630","185,961","314,976",39.6%,59.0%,,"101,228","153,191","263,381",38.4%,58.2%,,"97,958","147,213","248,073",39.5%,59.3%,,"102,902","139,304","243,755",42.2%,57.1%
TX-15,"Gonzalez, Vicente",(D),,"119,784","115,315","237,674",50.4%,48.5%,,"104,454","73,689","184,358",56.7%,40.0%,,"86,941","62,885","151,351",57.4%,41.5%,,"83,924","61,282","146,097",57.4%,41.9%
TX-16,"Escobar, Veronica",(D),,"160,809","77,473","242,067",66.4%,32.0%,,"130,784","52,334","192,692",67.9%,27.2%,,"100,993","54,315","157,414",64.2%,34.5%,,"109,387","58,764","169,232",64.6%,34.7%
TX-17,"Flores, Bill",(R),,"137,632","172,342","315,612",43.6%,54.6%,,"96,156","139,415","247,625",38.8%,56.3%,,"84,531","135,309","224,079",37.7%,60.4%,,"95,884","135,738","233,690",41.0%,58.1%
TX-18,"Jackson Lee, Sheila",(D),,"189,823","57,669","250,836",75.7%,23.0%,,"157,117","41,011","205,514",76.5%,20.0%,,"150,129","44,991","197,206",76.1%,22.8%,,"150,733","45,069","196,624",76.7%,22.9%
TX-19,"Arrington, Jodey",(R),,"71,237","195,515","270,656",26.3%,72.2%,,"53,519","165,384","228,008",23.5%,72.5%,,"54,461","160,141","217,619",25.0%,73.6%,,"66,122","168,553","236,363",28.0%,71.3%
TX-20,"Castro, Joaquin",(D),,"177,058","96,537","277,918",63.7%,34.7%,,"132,363","74,386","216,952",61.0%,34.3%,,"110,663","74,540","187,835",58.9%,39.7%,,"115,579","80,667","197,670",58.5%,40.8%
TX-21,"Roy, Chip",(R),,"220,567","232,945","460,677",47.9%,50.6%,,"152,528","188,335","358,985",42.5%,52.5%,,"119,220","188,241","314,591",37.9%,59.8%,,"133,581","178,531","314,971",42.4%,56.7%
TX-22,"Olson, Pete",(R),,"206,114","210,011","421,488",48.9%,49.8%,,"135,525","159,717","306,777",44.2%,52.1%,,"93,582","158,452","255,043",36.7%,62.1%,,"91,137","142,073","234,671",38.8%,60.5%
TX-23,"Hurd, Will",(R),,"146,559","151,964","302,412",48.5%,50.3%,,"115,154","107,276","231,365",49.8%,46.4%,,"94,420","99,666","196,410",48.1%,50.7%,,"96,871","95,679","193,782",50.0%,49.4%
TX-24,"Marchant, Kenny",(R),,"180,609","161,671","347,697",51.9%,46.5%,,"122,872","140,128","276,137",44.5%,50.7%,,"94,634","150,547","249,080",38.0%,60.4%,,"105,822","152,453","260,216",40.7%,58.6%
TX-25,"Williams, Roger",(R),,"177,852","216,265","400,230",44.4%,54.0%,,"125,949","172,476","313,111",40.2%,55.1%,,"102,433","162,279","270,807",37.8%,59.9%,,"117,402","153,998","274,061",42.8%,56.2%
TX-26,"Burgess, Michael",(R),,"185,956","248,196","441,183",42.1%,56.3%,,"109,536","194,033","318,854",34.4%,60.9%,,"80,828","177,941","263,196",30.7%,67.6%,,"90,791","166,877","259,505",35.0%,64.3%
TX-27,"Cloud, Michael",(R),,"104,511","170,800","278,915",37.5%,61.2%,,"85,589","140,787","234,367",36.5%,60.1%,,"83,158","131,821","217,772",38.2%,60.5%,,"91,083","133,839","226,488",40.2%,59.1%
TX-28,"Cuellar, Henry",(D),,"125,755","115,160","243,744",51.6%,47.2%,,"110,023","72,518","188,600",58.3%,38.5%,,"101,843","65,372","168,874",60.3%,38.7%,,"92,557","65,066","158,418",58.4%,41.1%
TX-29,"Garcia, Sylvia",(D),,"106,229","52,937","161,080",65.9%,32.9%,,"95,027","34,011","133,642",71.1%,25.4%,,"75,720","37,909","114,901",65.9%,33.0%,,"70,286","41,843","112,823",62.3%,37.1%
TX-30,"Johnson, E.B.",(D),,"212,373","50,270","266,014",79.8%,18.9%,,"174,528","40,333","220,711",79.1%,18.3%,,"175,637","43,333","220,565",79.6%,19.6%,,"175,237","47,144","223,182",78.5%,21.1%
TX-31,"Carter, John",(R),,"192,599","204,096","404,642",47.6%,50.4%,,"117,181","153,823","287,510",40.8%,53.5%,,"92,842","144,634","242,714",38.3%,59.6%,,"103,359","135,601","241,425",42.8%,56.2%
TX-32,"Allred, Collin",(D),,"187,919","151,944","345,210",54.4%,44.0%,,"134,895","129,701","278,080",48.5%,46.6%,,"106,563","146,420","256,873",41.5%,57.0%,,"117,231","147,226","266,302",44.0%,55.3%
TX-33,"Veasey, Marc",(D),,"117,340","41,209","160,757",73.0%,25.6%,,"94,513","30,787","129,653",72.9%,23.7%,,"86,686","32,641","120,480",72.0%,27.1%,,"90,180","40,290","131,182",68.7%,30.7%
TX-34,"Vela, Filemon",(D),,"106,771","98,462","207,201",51.5%,47.5%,,"101,796","64,767","171,969",59.2%,37.7%,,"90,885","57,303","149,511",60.8%,38.3%,,"90,178","58,707","149,742",60.2%,39.2%
TX-35,"Doggett, Lloyd",(D),,"188,169","84,811","277,929",67.7%,30.5%,,"128,535","61,136","200,576",64.1%,30.5%,,"105,545","57,989","167,467",63.0%,34.6%,,"111,790","62,764","176,150",63.5%,35.6%
TX-36,"Babin, Brian",(R),,"82,881","221,600","308,153",26.9%,71.9%,,"64,225","183,176","254,447",25.2%,72.0%,,"61,786","175,883","240,433",25.7%,73.2%,,"70,543","165,899","238,206",29.6%,69.6%
UT-01,"Bishop, Rob",(R),,"113,343","230,314","358,818",31.6%,64.2%,,"62,733","139,503","280,442",22.4%,49.7%,,"51,098","193,672","250,278",20.4%,77.4%,,"69,594","160,433","237,027",29.4%,67.7%
UT-02,"Stewart, Chris",(R),,"148,890","207,667","370,162",40.2%,56.1%,,"90,686","130,525","283,699",32.0%,46.0%,,"74,556","173,513","255,201",29.2%,68.0%,,"94,123","143,331","244,925",38.4%,58.5%
UT-03,"Curtis, John",(R),,"131,845","225,830","374,671",35.2%,60.3%,,"67,461","136,782","289,923",23.3%,47.2%,,"51,791","208,121","265,856",19.5%,78.3%,,"73,625","168,358","249,389",29.5%,67.5%
UT-04,"McAdams, Ben",(D),,"166,204","201,329","384,026",43.3%,52.4%,,"89,796","108,421","277,311",32.4%,39.1%,,"74,368","165,294","246,066",30.2%,67.2%,,"90,328","123,909","220,996",40.9%,56.1%
VA-01,"Wittman, Rob",(R),,"213,535","233,398","453,853",47.0%,51.4%,,"162,931","211,991","395,289",41.2%,53.6%,,"162,611","207,062","374,545",43.4%,55.3%,,,,,,
VA-02,"Luria, Elaine",(D),,"186,427","169,365","362,346",51.4%,46.7%,,"145,762","156,694","321,068",45.4%,48.8%,,"154,698","161,995","320,975",48.2%,50.5%,,,,,,
VA-03,"Scott, Bobby",(D),,"233,646","108,728","347,932",67.2%,31.2%,,"205,746","103,064","323,422",63.6%,31.9%,,"227,734","105,561","336,890",67.6%,31.3%,,,,,,
VA-04,"McEachin, Donald",(D),,"246,583","146,900","398,796",61.8%,36.8%,,"212,677","134,676","362,532",58.7%,37.1%,,"216,598","138,322","358,936",60.3%,38.5%,,,,,,
VA-05,"Riggleman, Denver ",(R),,"183,175","217,535","405,973",45.1%,53.6%,,"154,665","195,190","365,403",42.3%,53.4%,,"164,555","188,485","358,689",45.9%,52.5%,,,,,,
VA-06,"Cline, Ben ",(R),,"149,254","231,248","386,961",38.6%,59.8%,,"120,596","206,303","345,500",34.9%,59.7%,,"132,153","197,045","334,864",39.5%,58.8%,,,,,,
VA-07,"Spanberger, Abigail",(D),,"228,335","223,268","458,367",49.8%,48.7%,,"172,544","198,032","392,168",44.0%,50.5%,,"166,472","206,213","377,687",44.1%,54.6%,,,,,,
VA-08,"Beyer, Don",(D),,"311,470","84,711","401,441",77.6%,21.1%,,"270,415","76,854","367,885",73.5%,20.9%,,"243,746","111,518","359,743",67.8%,31.0%,,,,,,
VA-09,"Griffith, Morgan",(R),,"98,653","244,996","347,822",28.4%,70.4%,,"86,463","217,837","316,740",27.3%,68.8%,,"108,641","196,354","311,291",34.9%,63.1%,,,,,,
VA-10,"Wexton, Jennifer",(D),,"281,817","189,376","478,159",58.9%,39.6%,,"210,692","170,580","403,821",52.2%,42.2%,,"182,432","186,650","373,913",48.8%,49.9%,,,,,,
VA-11,"Connolly, Gerry",(D),,"280,673","112,905","399,109",70.3%,28.3%,,"238,982","98,222","357,054",66.9%,27.5%,,"212,181","123,317","339,710",62.5%,36.3%,,,,,,
VT-AL,"Welch, Peter",(D),,"242,820","112,704","365,486",66.4%,30.8%,,"178,573","95,362","315,067",56.7%,30.3%,,"199,239","92,698","297,247",67.0%,31.2%,,"219,262","98,974","323,582",67.8%,30.6%
WA-01,"DelBene, Suzan",(D),,"257,631","166,460","435,779",59.1%,38.2%,,"188,952","132,109","349,064",54.1%,37.8%,,"183,802","147,074","339,489",54.1%,43.3%,,"185,907","138,307","330,145",56.3%,41.9%
WA-02,"Larsen, Rick",(D),,"257,291","145,138","414,020",62.1%,35.1%,,"185,821","113,670","326,462",56.9%,34.8%,,"185,771","119,266","313,668",59.2%,38.0%,,"185,116","115,000","306,003",60.5%,37.6%
WA-03,"Herrera Beutler, Jaime",(R),,"198,429","214,391","423,462",46.9%,50.6%,,"134,009","157,359","315,150",42.5%,49.9%,,"145,442","150,409","303,483",47.9%,49.6%,,"151,296","139,890","297,159",50.9%,47.1%
WA-04,"Newhouse, Dan",(R),,"122,691","179,022","309,502",39.6%,57.8%,,"85,083","140,560","242,668",35.1%,57.9%,,"90,612","142,741","238,940",37.9%,59.7%,,"89,933","135,281","229,537",39.2%,58.9%
WA-05,"McMorris Rodgers, Cathy",(R),,"178,895","215,706","406,614",44.0%,53.0%,,"125,112","166,765","319,635",39.1%,52.2%,,"137,771","168,671","315,425",43.7%,53.5%,,"144,112","159,511","311,361",46.3%,51.2%
WA-06,"Kilmer, Derek",(D),,"244,141","168,250","425,315",57.4%,39.6%,,"172,596","131,449","332,992",51.8%,39.5%,,"184,820","135,573","329,190",56.1%,41.2%,,"186,336","133,689","326,650",57.0%,40.9%
WA-07,"Jayapal, Pramila",(D),,"410,067","58,832","478,306",85.7%,12.3%,,"341,412","50,615","415,693",82.1%,12.2%,,"310,828","70,973","392,419",79.2%,18.1%,,"302,597","67,921","376,324",80.4%,18.0%
WA-08,"Schrier, Kim",(D),,"218,274","190,801","419,669",52.0%,45.5%,,"153,167","143,403","321,002",47.7%,44.7%,,"155,982","151,069","313,967",49.7%,48.1%,,"154,691","140,555","300,545",51.5%,46.8%
WA-09,"Smith, Adam",(D),,"265,393","88,993","361,921",73.3%,24.6%,,"205,193","67,956","291,192",70.5%,23.3%,,"195,863","84,828","286,875",68.3%,29.6%,,"187,240","81,733","272,928",68.6%,29.9%
WA-10,"Heck, Denny",(D),,"216,800","157,058","385,791",56.2%,40.7%,,"151,373","117,861","295,356",51.3%,39.9%,,"164,505","120,066","292,060",56.3%,41.1%,,"163,623","117,330","286,226",57.2%,41.0%
WI-01,"Steil, Bryan",(R),,"182,942","220,668","409,363",44.7%,53.9%,,"150,436","187,372","355,961",42.3%,52.6%,,"179,872","195,835","379,184",47.4%,51.6%,,"185,716","175,988","365,858",50.8%,48.1%
WI-02,"Pocan, Mark",(D),,"323,807","136,439","466,777",69.4%,29.2%,,"271,507","119,608","412,803",65.8%,29.0%,,"284,084","126,688","415,942",68.3%,30.5%,,"274,466","112,024","391,306",70.1%,28.6%
WI-03,"Kind, Ron",(D),,"184,306","202,659","393,809",46.8%,51.5%,,"160,999","177,172","359,555",44.8%,49.3%,,"199,188","159,205","363,335",54.8%,43.8%,,"216,047","142,458","363,906",59.4%,39.1%
WI-04,"Moore, Gwen",(D),,"242,263","71,833","317,863",76.2%,22.6%,,"228,226","67,287","308,575",74.0%,21.8%,,"268,440","84,751","356,355",75.3%,23.8%,,"254,531","84,194","342,054",74.4%,24.6%
WI-05,"Sensenbrenner, Jim",(R),,"187,851","255,803","450,097",41.7%,56.8%,,"148,900","229,325","399,261",37.3%,57.4%,,"158,226","257,017","419,191",37.7%,61.3%,,"168,644","230,861","403,822",41.8%,57.2%
WI-06,"Grothman, Glenn",(R),,"170,457","232,820","409,886",41.6%,56.8%,,"141,917","203,433","365,442",38.8%,55.7%,,"174,988","202,979","382,295",45.8%,53.1%,,"185,438","184,985","375,245",49.4%,49.3%
WI-07,VACANT ,(R),,"165,104","248,822","420,340",39.3%,59.2%,,"137,874","213,467","369,841",37.3%,57.7%,,"178,841","190,364","373,876",47.8%,50.9%,,"197,706","168,540","371,936",53.2%,45.3%
WI-08,"Gallagher, Mike",(R),,"174,136","241,140","421,811",41.3%,57.2%,,"142,677","207,620","369,562",38.6%,56.2%,,"177,346","191,127","372,886",47.6%,51.3%,,"194,663","163,343","362,769",53.7%,45.0%
WV-01,"McKinley, David",(R),,"81,849","183,904","270,510",30.3%,68.0%,,"64,384","165,934","243,894",26.4%,68.0%,,"81,017","141,736","227,948",35.5%,62.2%,,"102,826","140,421","247,507",41.5%,56.7%
WV-02,"Mooney, Alex",(R),,"92,623","184,784","282,556",32.8%,65.4%,,"73,487","164,674","250,267",29.4%,65.8%,,"89,079","140,783","234,596",38.0%,60.0%,,"109,369","136,259","249,130",43.9%,54.7%
WV-03,"Miller, Carol ",(R),,"61,512","176,694","241,586",25.5%,73.1%,,"50,923","158,763","218,890",23.3%,72.5%,,"68,173","135,136","207,894",32.8%,65.0%,,"91,662","120,786","216,725",42.3%,55.7%
WY-AL,"Cheney, Liz",(R),,"73,491","193,559","275,026",26.7%,70.4%,,"55,973","174,419","248,945",22.5%,70.1%,,"69,286","170,962","247,026",28.0%,69.2%,,"82,868","164,958","253,137",32.7%,65.2%