,poll_id,pollster_id,pollster,sponsor_ids,sponsors,display_name,pollster_rating_id,pollster_rating_name,numeric_grade,pollscore,methodology,transparency_score,state,start_date,end_date,sponsor_candidate_id,sponsor_candidate,sponsor_candidate_party,question_id,sample_size,population,subpopulation,population_full,tracking,created_at,notes,url,url_article,url_topline,url_crosstab,source,internal,partisan,cycle,office_type,seat_name,seat_number,election_date,stage,party,pct,answer,candidate_name,candidate_id,race_id,nationwide_match,ranked_choice_reallocated,hypothetical
0,984d2838-96aa-429d-a8c2-4c68f08c4041,92c013f6-4061-47d8-a6c6-b19fa6d1f875,"Keating Research, Inc.",,,"Keating Research, Inc.",161.0,Keating Research,,,Live Phone/Text-to-Web,,CO,7/21/26,7/23/26,,Dwayne Romero,DEM,3a890572-a4ec-4c86-8e1b-69d940acb668,500.0,lv,,lv,,7/30/26 13:10,,https://x.com/RomeroForCO/status/2082843915510817044,,,,,,DEM,2026,U.S. House,Third Congressional District,3.0,2026-11-03,general,NONE,9.0,Don't know,Don't know,d8390906-54c4-4050-9005-4934a65fa7b1,6a947c92-e683-47ef-ba80-71e56a333bcb,,,
1,984d2838-96aa-429d-a8c2-4c68f08c4041,92c013f6-4061-47d8-a6c6-b19fa6d1f875,"Keating Research, Inc.",,,"Keating Research, Inc.",161.0,Keating Research,,,Live Phone/Text-to-Web,,CO,7/21/26,7/23/26,,Dwayne Romero,DEM,3a890572-a4ec-4c86-8e1b-69d940acb668,500.0,lv,,lv,,7/30/26 13:10,,https://x.com/RomeroForCO/status/2082843915510817044,,,,,,DEM,2026,U.S. House,Third Congressional District,3.0,2026-11-03,general,NONE,1.0,Someone else,Someone else,d23503df-ca4b-41e0-807f-67f2629609ac,6a947c92-e683-47ef-ba80-71e56a333bcb,,,
2,984d2838-96aa-429d-a8c2-4c68f08c4041,92c013f6-4061-47d8-a6c6-b19fa6d1f875,"Keating Research, Inc.",,,"Keating Research, Inc.",161.0,Keating Research,,,Live Phone/Text-to-Web,,CO,7/21/26,7/23/26,,Dwayne Romero,DEM,3a890572-a4ec-4c86-8e1b-69d940acb668,500.0,lv,,lv,,7/30/26 13:10,,https://x.com/RomeroForCO/status/2082843915510817044,,,,,,DEM,2026,U.S. House,Third Congressional District,3.0,2026-11-03,general,REP,46.0,Hurd (Jeff),Jeff Hurd,c58658f2-c242-46d3-8310-3135de04bd5d,6a947c92-e683-47ef-ba80-71e56a333bcb,,,
3,984d2838-96aa-429d-a8c2-4c68f08c4041,92c013f6-4061-47d8-a6c6-b19fa6d1f875,"Keating Research, Inc.",,,"Keating Research, Inc.",161.0,Keating Research,,,Live Phone/Text-to-Web,,CO,7/21/26,7/23/26,,Dwayne Romero,DEM,3a890572-a4ec-4c86-8e1b-69d940acb668,500.0,lv,,lv,,7/30/26 13:10,,https://x.com/RomeroForCO/status/2082843915510817044,,,,,,DEM,2026,U.S. House,Third Congressional District,3.0,2026-11-03,general,DEM,45.0,Romero (Dwayne),Dwayne Romero,45b3d645-5617-4322-a01e-dbab370e7a04,6a947c92-e683-47ef-ba80-71e56a333bcb,,,
20,2a67eaeb-fb8c-4087-ad7a-761f4165e2d3,515110ac-affe-4b0c-a37c-3fb9aad38004,Global Strategy Group,,,Global Strategy Group,118.0,Global Strategy Group,,,,,CO,7/16/26,7/21/26,,Jessica Killin,DEM,1e755821-f67c-4c14-8321-6396c4599e94,450.0,lv,,lv,,7/28/26 13:26,,https://coloradosun.com/2026/07/28/jessica-killin-jeff-crank-polling/,,,,,,DEM,2026,U.S. House,Fifth Congressional District,5.0,2026-11-03,general,NONE,11.0,Don't know,Don't know,d8390906-54c4-4050-9005-4934a65fa7b1,7465714e-dca1-4566-b075-3196f87d733b,,,
21,2a67eaeb-fb8c-4087-ad7a-761f4165e2d3,515110ac-affe-4b0c-a37c-3fb9aad38004,Global Strategy Group,,,Global Strategy Group,118.0,Global Strategy Group,,,,,CO,7/16/26,7/21/26,,Jessica Killin,DEM,1e755821-f67c-4c14-8321-6396c4599e94,450.0,lv,,lv,,7/28/26 13:26,,https://coloradosun.com/2026/07/28/jessica-killin-jeff-crank-polling/,,,,,,DEM,2026,U.S. House,Fifth Congressional District,5.0,2026-11-03,general,REP,45.0,Crank,Jeff Crank,d5380421-881b-4d89-9da3-d4d97f552974,7465714e-dca1-4566-b075-3196f87d733b,,,
22,2a67eaeb-fb8c-4087-ad7a-761f4165e2d3,515110ac-affe-4b0c-a37c-3fb9aad38004,Global Strategy Group,,,Global Strategy Group,118.0,Global Strategy Group,,,,,CO,7/16/26,7/21/26,,Jessica Killin,DEM,1e755821-f67c-4c14-8321-6396c4599e94,450.0,lv,,lv,,7/28/26 13:26,,https://coloradosun.com/2026/07/28/jessica-killin-jeff-crank-polling/,,,,,,DEM,2026,U.S. House,Fifth Congressional District,5.0,2026-11-03,general,DEM,44.0,Killin,Jessica Killin,1ac3c3db-482a-46da-aa73-d22cc33cc144,7465714e-dca1-4566-b075-3196f87d733b,,,
39,b474b585-19e7-4a33-88eb-bebcfc175bcb,530091d3-1f98-43b8-8b9f-4a2bff415234,The Bullfinch Group,"74a1ac91-ee09-403c-9d07-a10f6437ae7f,3c2a24f1-4f38-4ea6-a98f-cc996c316290",Independent Center | Independent Leadership Council,The Bullfinch Group,692.0,The Bullfinch Group,,,Live Phone/Text,,CA,7/13/26,7/16/26,,,,ee93d66e-e0de-4483-99a0-36553db97c2c,741.0,lv,,lv,,7/28/26 11:19,,https://independentcentervoice.com/insights/july-2026-district-survey-california-s-6th-congressional-district,,,,,,,2026,U.S. House,Sixth Congressional District,6.0,2026-11-03,general,NONE,26.0,Don't know,Don't know,d8390906-54c4-4050-9005-4934a65fa7b1,bdc1dc09-1f82-4df1-bbc2-c037c43c64e2,,,
40,b474b585-19e7-4a33-88eb-bebcfc175bcb,530091d3-1f98-43b8-8b9f-4a2bff415234,The Bullfinch Group,"74a1ac91-ee09-403c-9d07-a10f6437ae7f,3c2a24f1-4f38-4ea6-a98f-cc996c316290",Independent Center | Independent Leadership Council,The Bullfinch Group,692.0,The Bullfinch Group,,,Live Phone/Text,,CA,7/13/26,7/16/26,,,,ee93d66e-e0de-4483-99a0-36553db97c2c,741.0,lv,,lv,,7/28/26 11:19,,https://independentcentervoice.com/insights/july-2026-district-survey-california-s-6th-congressional-district,,,,,,,2026,U.S. House,Sixth Congressional District,6.0,2026-11-03,general,NONE,1.0,Would not vote,Would not vote,2161fbf6-e73e-4930-ab2e-e531b2df05e4,bdc1dc09-1f82-4df1-bbc2-c037c43c64e2,,,
41,b474b585-19e7-4a33-88eb-bebcfc175bcb,530091d3-1f98-43b8-8b9f-4a2bff415234,The Bullfinch Group,"74a1ac91-ee09-403c-9d07-a10f6437ae7f,3c2a24f1-4f38-4ea6-a98f-cc996c316290",Independent Center | Independent Leadership Council,The Bullfinch Group,692.0,The Bullfinch Group,,,Live Phone/Text,,CA,7/13/26,7/16/26,,,,ee93d66e-e0de-4483-99a0-36553db97c2c,741.0,lv,,lv,,7/28/26 11:19,,https://independentcentervoice.com/insights/july-2026-district-survey-california-s-6th-congressional-district,,,,,,,2026,U.S. House,Sixth Congressional District,6.0,2026-11-03,general,DEM,39.0,Pan,Richard Pan,98bbb2d1-6e10-4621-b7a5-d239519b19c4,bdc1dc09-1f82-4df1-bbc2-c037c43c64e2,,,
42,b474b585-19e7-4a33-88eb-bebcfc175bcb,530091d3-1f98-43b8-8b9f-4a2bff415234,The Bullfinch Group,"74a1ac91-ee09-403c-9d07-a10f6437ae7f,3c2a24f1-4f38-4ea6-a98f-cc996c316290",Independent Center | Independent Leadership Council,The Bullfinch Group,692.0,The Bullfinch Group,,,Live Phone/Text,,CA,7/13/26,7/16/26,,,,ee93d66e-e0de-4483-99a0-36553db97c2c,741.0,lv,,lv,,7/28/26 11:19,,https://independentcentervoice.com/insights/july-2026-district-survey-california-s-6th-congressional-district,,,,,,,2026,U.S. House,Sixth Congressional District,6.0,2026-11-03,general,IND,35.0,Kiley,Kevin Kiley,916e0925-0d4e-4045-b369-9824dbb4f60e,bdc1dc09-1f82-4df1-bbc2-c037c43c64e2,,,
60,b1c00160-afa2-419a-8359-16254711e9e5,bd236cc6-142b-4003-897f-7feb32f74126,Lake Research Partners,,,Lake Research Partners,165.0,Lake Research Partners,,,Live Phone/Text-to-Web,,CA,7/9/26,7/14/26,,Marni von Wilpert,DEM,39ddfbea-12f5-497e-acb8-221e0bd091e5,500.0,lv,,lv,,7/27/26 10:04,,https://hub.nationaljournal.com/the-dncs-99-problems,,,,,,DEM,2026,U.S. House,Forty-eighth Congressional District,48.0,2026-11-03,general,NONE,6.0,Don't know,Don't know,d8390906-54c4-4050-9005-4934a65fa7b1,3cbd0c4c-f073-481c-9380-66603077c5dd,,,
61,b1c00160-afa2-419a-8359-16254711e9e5,bd236cc6-142b-4003-897f-7feb32f74126,Lake Research Partners,,,Lake Research Partners,165.0,Lake Research Partners,,,Live Phone/Text-to-Web,,CA,7/9/26,7/14/26,,Marni von Wilpert,DEM,39ddfbea-12f5-497e-acb8-221e0bd091e5,500.0,lv,,lv,,7/27/26 10:04,,https://hub.nationaljournal.com/the-dncs-99-problems,,,,,,DEM,2026,U.S. House,Forty-eighth Congressional District,48.0,2026-11-03,general,REP,46.0,Desmond,Jim Desmond,80d42951-9a04-4da4-9e6f-c85c90617756,3cbd0c4c-f073-481c-9380-66603077c5dd,,,
62,b1c00160-afa2-419a-8359-16254711e9e5,bd236cc6-142b-4003-897f-7feb32f74126,Lake Research Partners,,,Lake Research Partners,165.0,Lake Research Partners,,,Live Phone/Text-to-Web,,CA,7/9/26,7/14/26,,Marni von Wilpert,DEM,39ddfbea-12f5-497e-acb8-221e0bd091e5,500.0,lv,,lv,,7/27/26 10:04,,https://hub.nationaljournal.com/the-dncs-99-problems,,,,,,DEM,2026,U.S. House,Forty-eighth Congressional District,48.0,2026-11-03,general,DEM,48.0,Wilpert,Marni von Wilpert,4a9ab90e-29e4-450d-8886-834090015dd1,3cbd0c4c-f073-481c-9380-66603077c5dd,,,
72,cab0e648-fb61-4072-9032-a321c5c13cb7,ba90f015-c45b-4884-8111-14ec9e67161e,co/efficient,,,co/efficient,514.0,co/efficient,,,,,NY,7/20/26,7/22/26,,,,4b8bb0db-ae01-4fac-98c2-1a205d5faadd,1292.0,lv,,lv,,7/23/26 16:46,,https://coefficient.org/b96b92b3.pdf,,,,,,,2026,U.S. House,Seventeenth Congressional District,17.0,2026-11-03,general,NONE,5.0,Don't know,Don't know,d8390906-54c4-4050-9005-4934a65fa7b1,f78af32c-a079-4969-9b04-00752b7e0de2,,,
73,cab0e648-fb61-4072-9032-a321c5c13cb7,ba90f015-c45b-4884-8111-14ec9e67161e,co/efficient,,,co/efficient,514.0,co/efficient,,,,,NY,7/20/26,7/22/26,,,,4b8bb0db-ae01-4fac-98c2-1a205d5faadd,1292.0,lv,,lv,,7/23/26 16:46,,https://coefficient.org/b96b92b3.pdf,,,,,,,2026,U.S. House,Seventeenth Congressional District,17.0,2026-11-03,general,DEM,45.0,Conley (Cait),Cait Conley,ff4d22bd-f8bc-4d63-b5d8-3ca29bb3125c,f78af32c-a079-4969-9b04-00752b7e0de2,,,
74,cab0e648-fb61-4072-9032-a321c5c13cb7,ba90f015-c45b-4884-8111-14ec9e67161e,co/efficient,,,co/efficient,514.0,co/efficient,,,,,NY,7/20/26,7/22/26,,,,4b8bb0db-ae01-4fac-98c2-1a205d5faadd,1292.0,lv,,lv,,7/23/26 16:46,,https://coefficient.org/b96b92b3.pdf,,,,,,,2026,U.S. House,Seventeenth Congressional District,17.0,2026-11-03,general,REP,50.0,Lawler (Mike),Mike Lawler,09adbb7e-62a0-4f73-bf03-151729e3a680,f78af32c-a079-4969-9b04-00752b7e0de2,,,
100,864c4938-85b1-4556-bc43-bccb3e4e21e5,b6cc8956-c66e-4b7c-b566-622d0666dda1,FM3 Research,20c85a44-ad67-4d54-82bd-b78cdcaf9ad8,House Majority PAC,FM3 Research,91.0,FM3 Research,,,,,OH,7/6/26,7/12/26,,,,88fb58cc-e4d9-446f-9594-9fdae60b3f44,,lv,,lv,,7/22/26 11:41,,https://drive.google.com/file/d/1_pK0ssxHljLwr1ZUPFkyb9B70kte7IkI/view,,,,,,DEM,2026,U.S. House,Tenth Congressional District,10.0,2026-11-03,general,REP,48.0,Turner,Mike Turner,0c9ff4cf-d7ae-4096-a0ea-e6b513c56080,8a9842b4-3062-4d0b-a90d-185620067134,,,
101,864c4938-85b1-4556-bc43-bccb3e4e21e5,b6cc8956-c66e-4b7c-b566-622d0666dda1,FM3 Research,20c85a44-ad67-4d54-82bd-b78cdcaf9ad8,House Majority PAC,FM3 Research,91.0,FM3 Research,,,,,OH,7/6/26,7/12/26,,,,88fb58cc-e4d9-446f-9594-9fdae60b3f44,,lv,,lv,,7/22/26 11:41,,https://drive.google.com/file/d/1_pK0ssxHljLwr1ZUPFkyb9B70kte7IkI/view,,,,,,DEM,2026,U.S. House,Tenth Congressional District,10.0,2026-11-03,general,DEM,41.0,Knickerbocker,Kristina Knickerbocker,58abd6ec-87d9-43f6-a65e-a2a1676f269a,8a9842b4-3062-4d0b-a90d-185620067134,,,
134,373346ea-30c4-4943-b4f9-eabdced655fc,433ef9e7-7784-4272-92fc-ad8ae9efb109,Tulchin Research,20c85a44-ad67-4d54-82bd-b78cdcaf9ad8,House Majority PAC,Tulchin Research,340.0,Tulchin Research,,,,,CA,6/15/26,6/21/26,,,,3f77dc84-38b7-4935-bcb0-831f49250bc2,800.0,lv,,lv,,7/21/26 08:12,,https://www.politico.com/newsletters/playbook/2026/07/21/trump-to-hill-im-not-that-into-you-01005915,,,,,,DEM,2026,U.S. House,Twenty-second Congressional District,22.0,2026-11-03,general,REP,44.0,Valadao,David G. Valadao,1812646d-613e-4a4e-ad34-43f7eeee17a5,9ca8cff2-8c65-40af-8d46-e33ae5563a58,,,
135,373346ea-30c4-4943-b4f9-eabdced655fc,433ef9e7-7784-4272-92fc-ad8ae9efb109,Tulchin Research,20c85a44-ad67-4d54-82bd-b78cdcaf9ad8,House Majority PAC,Tulchin Research,340.0,Tulchin Research,,,,,CA,6/15/26,6/21/26,,,,3f77dc84-38b7-4935-bcb0-831f49250bc2,800.0,lv,,lv,,7/21/26 08:12,,https://www.politico.com/newsletters/playbook/2026/07/21/trump-to-hill-im-not-that-into-you-01005915,,,,,,DEM,2026,U.S. House,Twenty-second Congressional District,22.0,2026-11-03,general,DEM,48.0,Villegas,Randy Villegas,7a2a7e8d-da5a-4e36-877d-4f3e6750c79e,9ca8cff2-8c65-40af-8d46-e33ae5563a58,,,
146,323bf26d-5b35-4615-bfab-ae10a8f170a1,433ef9e7-7784-4272-92fc-ad8ae9efb109,Tulchin Research,,,Tulchin Research,340.0,Tulchin Research,,,,,ME,7/11/26,7/16/26,,Matt Dunlap,DEM,410f904a-5cee-4936-aafc-79817177057f,600.0,lv,,lv,,7/20/26 08:29,,https://x.com/PatrickSvitek/status/2079151831998230855,,,,,,DEM,2026,U.S. House,Second Congressional District,2.0,2026-11-03,general,NONE,3.0,Don't know,Don't know,d8390906-54c4-4050-9005-4934a65fa7b1,c587aa21-f06f-47d6-ae64-ebbd9d0a43d7,,,
147,323bf26d-5b35-4615-bfab-ae10a8f170a1,433ef9e7-7784-4272-92fc-ad8ae9efb109,Tulchin Research,,,Tulchin Research,340.0,Tulchin Research,,,,,ME,7/11/26,7/16/26,,Matt Dunlap,DEM,410f904a-5cee-4936-aafc-79817177057f,600.0,lv,,lv,,7/20/26 08:29,,https://x.com/PatrickSvitek/status/2079151831998230855,,,,,,DEM,2026,U.S. House,Second Congressional District,2.0,2026-11-03,general,REP,48.0,LePage,Paul R. LePage,94436f81-105d-46a1-a241-ed6f9c76a03b,c587aa21-f06f-47d6-ae64-ebbd9d0a43d7,,,
148,323bf26d-5b35-4615-bfab-ae10a8f170a1,433ef9e7-7784-4272-92fc-ad8ae9efb109,Tulchin Research,,,Tulchin Research,340.0,Tulchin Research,,,,,ME,7/11/26,7/16/26,,Matt Dunlap,DEM,410f904a-5cee-4936-aafc-79817177057f,600.0,lv,,lv,,7/20/26 08:29,,https://x.com/PatrickSvitek/status/2079151831998230855,,,,,,DEM,2026,U.S. House,Second Congressional District,2.0,2026-11-03,general,DEM,49.0,Dunlap,Matt Dunlap,cd0278bb-3af0-435a-9abd-8ec4471c32df,c587aa21-f06f-47d6-ae64-ebbd9d0a43d7,,,
243,ce844147-e0fc-47cb-bb72-f56747f82bce,a64a876e-bc33-45b8-b3d1-86ae963bfa7d,GQR,,,GQR,126.0,GQR,,,,,KY,6/24/26,6/28/26,,Zach Dembo,DEM,29cb27fc-0738-4b10-8cf6-d178b5f35298,,lv,,lv,,7/13/26 08:28,,https://insideelections.com/kentucky-6-new-poll-fuels-democratic-optimism/,,,,,,DEM,2026,U.S. House,Sixth Congressional District,6.0,2026-11-03,general,NONE,19.0,Don't know,Don't know,d8390906-54c4-4050-9005-4934a65fa7b1,fb3da71c-9247-4285-b5ae-462b5e4f19ed,,,
244,ce844147-e0fc-47cb-bb72-f56747f82bce,a64a876e-bc33-45b8-b3d1-86ae963bfa7d,GQR,,,GQR,126.0,GQR,,,,,KY,6/24/26,6/28/26,,Zach Dembo,DEM,29cb27fc-0738-4b10-8cf6-d178b5f35298,,lv,,lv,,7/13/26 08:28,,https://insideelections.com/kentucky-6-new-poll-fuels-democratic-optimism/,,,,,,DEM,2026,U.S. House,Sixth Congressional District,6.0,2026-11-03,general,REP,42.0,Alvarado,Ralph Alvarado,b418f56c-eda1-43b6-97ed-3b283a336fb9,fb3da71c-9247-4285-b5ae-462b5e4f19ed,,,
245,ce844147-e0fc-47cb-bb72-f56747f82bce,a64a876e-bc33-45b8-b3d1-86ae963bfa7d,GQR,,,GQR,126.0,GQR,,,,,KY,6/24/26,6/28/26,,Zach Dembo,DEM,29cb27fc-0738-4b10-8cf6-d178b5f35298,,lv,,lv,,7/13/26 08:28,,https://insideelections.com/kentucky-6-new-poll-fuels-democratic-optimism/,,,,,,DEM,2026,U.S. House,Sixth Congressional District,6.0,2026-11-03,general,DEM,39.0,Dembo,Zach Dembo,07c87660-fc4d-44da-a77e-037e4f23d80a,fb3da71c-9247-4285-b5ae-462b5e4f19ed,,,
271,71d6acce-6fa2-449e-b896-2211ce9a6e22,5a7ec4cc-59c7-44e0-b7c0-e78c05f19438,GBAO,20c85a44-ad67-4d54-82bd-b78cdcaf9ad8,House Majority PAC,GBAO,109.0,,,,,,PA,6/29/26,7/2/26,,,,8a3c49c2-7102-432d-8d57-e193236945ea,,lv,,lv,,7/9/26 09:05,,https://www.notus.org/newsletters/the-maine-vacancy,,,,,,DEM,2026,U.S. House,Seventh Congressional District,7.0,2026-11-03,general,REP,43.0,Mackenzie,Ryan E. Mackenzie,8a339a98-09bb-4c1b-bbc0-2c4b0626a4ce,bfab286e-07a7-490d-b463-a655e61481ab,,,
272,71d6acce-6fa2-449e-b896-2211ce9a6e22,5a7ec4cc-59c7-44e0-b7c0-e78c05f19438,GBAO,20c85a44-ad67-4d54-82bd-b78cdcaf9ad8,House Majority PAC,GBAO,109.0,,,,,,PA,6/29/26,7/2/26,,,,8a3c49c2-7102-432d-8d57-e193236945ea,,lv,,lv,,7/9/26 09:05,,https://www.notus.org/newsletters/the-maine-vacancy,,,,,,DEM,2026,U.S. House,Seventh Congressional District,7.0,2026-11-03,general,DEM,47.0,Brooks (Bob),Bob Brooks,256d84d0-10eb-494e-b8a6-8443aaeb48b7,bfab286e-07a7-490d-b463-a655e61481ab,,,
279,e8f5db76-80c8-4a5b-bf5b-9ee27abb069f,b6cc8956-c66e-4b7c-b566-622d0666dda1,FM3 Research,20c85a44-ad67-4d54-82bd-b78cdcaf9ad8,House Majority PAC,FM3 Research,91.0,FM3 Research,,,,,NY,6/27/26,7/1/26,,,,bae2a512-0106-45e7-b47b-021b07385297,509.0,lv,,lv,,7/8/26 09:19,,https://www.politico.com/newsletters/playbook/2026/07/08/inside-the-battle-for-maine-00989731,,,,,,DEM,2026,U.S. House,Seventeenth Congressional District,17.0,2026-11-03,general,REP,45.0,Lawler (Mike),Mike Lawler,09adbb7e-62a0-4f73-bf03-151729e3a680,f78af32c-a079-4969-9b04-00752b7e0de2,,,
280,e8f5db76-80c8-4a5b-bf5b-9ee27abb069f,b6cc8956-c66e-4b7c-b566-622d0666dda1,FM3 Research,20c85a44-ad67-4d54-82bd-b78cdcaf9ad8,House Majority PAC,FM3 Research,91.0,FM3 Research,,,,,NY,6/27/26,7/1/26,,,,bae2a512-0106-45e7-b47b-021b07385297,509.0,lv,,lv,,7/8/26 09:19,,https://www.politico.com/newsletters/playbook/2026/07/08/inside-the-battle-for-maine-00989731,,,,,,DEM,2026,U.S. House,Seventeenth Congressional District,17.0,2026-11-03,general,DEM,51.0,Conley (Cait),Cait Conley,ff4d22bd-f8bc-4d63-b5d8-3ca29bb3125c,f78af32c-a079-4969-9b04-00752b7e0de2,,,
302,d17e1b79-4fa9-455b-8be5-4fe6cfa9124e,b6cc8956-c66e-4b7c-b566-622d0666dda1,FM3 Research,20c85a44-ad67-4d54-82bd-b78cdcaf9ad8,House Majority PAC,FM3 Research,91.0,FM3 Research,,,,,WI,6/20/26,6/25/26,,,,5977243b-8915-4372-b00c-6314a643c69a,535.0,lv,,lv,,7/6/26 16:02,,https://www.thehousemajoritypac.com/news/hmp-poll-rebecca-cooke-leads-derrick-van-orden-in-wi-03,,,,,,DEM,2026,U.S. House,Third Congressional District,3.0,2026-11-03,general,DEM,50.0,Cooke,Rebecca Cooke,3926b9aa-7293-4a01-a403-e8f90ec44694,fea86d69-2d2f-4b6e-a47d-c38aa86abe6b,,,
303,d17e1b79-4fa9-455b-8be5-4fe6cfa9124e,b6cc8956-c66e-4b7c-b566-622d0666dda1,FM3 Research,20c85a44-ad67-4d54-82bd-b78cdcaf9ad8,House Majority PAC,FM3 Research,91.0,FM3 Research,,,,,WI,6/20/26,6/25/26,,,,5977243b-8915-4372-b00c-6314a643c69a,535.0,lv,,lv,,7/6/26 16:02,,https://www.thehousemajoritypac.com/news/hmp-poll-rebecca-cooke-leads-derrick-van-orden-in-wi-03,,,,,,DEM,2026,U.S. House,Third Congressional District,3.0,2026-11-03,general,REP,46.0,Van Orden,Derrick Van Orden,17eb871a-68f4-4186-872e-afeda655ac75,fea86d69-2d2f-4b6e-a47d-c38aa86abe6b,,,
307,f31fd054-0b5b-45af-8a80-fe99659f44e8,a684c691-af93-4589-aec9-d1545b17c245,Applecart,b4269d5d-bb66-49cc-91dc-2fa768787aa6,The Welcome PAC,Applecart,718.0,Applecart,,,,,TX,5/18/26,5/25/26,,,,0d72924b-31a5-43d7-a153-8451ce2c0675,802.0,lv,,lv,,7/6/26 13:46,,https://welcome.team/press-releases/Blog%20Post%20Title%20One-3zaa9-zlxng-67tfc-2sf8d,,,,,,DEM,2026,U.S. House,Fifteenth Congressional District,15.0,2026-11-03,general,NONE,6.0,Don't know,Don't know,d8390906-54c4-4050-9005-4934a65fa7b1,c3aca1fa-8928-4ee0-ae7a-7fcb6774d8ce,,,
308,f31fd054-0b5b-45af-8a80-fe99659f44e8,a684c691-af93-4589-aec9-d1545b17c245,Applecart,b4269d5d-bb66-49cc-91dc-2fa768787aa6,The Welcome PAC,Applecart,718.0,Applecart,,,,,TX,5/18/26,5/25/26,,,,0d72924b-31a5-43d7-a153-8451ce2c0675,802.0,lv,,lv,,7/6/26 13:46,,https://welcome.team/press-releases/Blog%20Post%20Title%20One-3zaa9-zlxng-67tfc-2sf8d,,,,,,DEM,2026,U.S. House,Fifteenth Congressional District,15.0,2026-11-03,general,REP,46.0,De La Cruz,Monica De La Cruz,dd791a8d-4bce-40d4-a7d8-b19722efe75d,c3aca1fa-8928-4ee0-ae7a-7fcb6774d8ce,,,
309,f31fd054-0b5b-45af-8a80-fe99659f44e8,a684c691-af93-4589-aec9-d1545b17c245,Applecart,b4269d5d-bb66-49cc-91dc-2fa768787aa6,The Welcome PAC,Applecart,718.0,Applecart,,,,,TX,5/18/26,5/25/26,,,,0d72924b-31a5-43d7-a153-8451ce2c0675,802.0,lv,,lv,,7/6/26 13:46,,https://welcome.team/press-releases/Blog%20Post%20Title%20One-3zaa9-zlxng-67tfc-2sf8d,,,,,,DEM,2026,U.S. House,Fifteenth Congressional District,15.0,2026-11-03,general,DEM,48.0,Pulido,Bobby Pulido,8fc02301-1cbd-4fcb-9e6b-8f84edee9da5,c3aca1fa-8928-4ee0-ae7a-7fcb6774d8ce,,,
333,016369fb-4a26-42ad-a583-39067289cab2,b6cc8956-c66e-4b7c-b566-622d0666dda1,FM3 Research,20c85a44-ad67-4d54-82bd-b78cdcaf9ad8,House Majority PAC,FM3 Research,91.0,FM3 Research,,,,,WI,6/20/26,6/25/26,,,,65c0d75b-5121-4107-b61a-95b2534fab6e,535.0,lv,,lv,,7/6/26 08:43,,https://x.com/cjwarnke/status/2074099699020128352,,,,,,DEM,2026,U.S. House,Third Congressional District,3.0,2026-11-03,general,REP,46.0,Van Orden,Derrick Van Orden,17eb871a-68f4-4186-872e-afeda655ac75,fea86d69-2d2f-4b6e-a47d-c38aa86abe6b,,,
334,016369fb-4a26-42ad-a583-39067289cab2,b6cc8956-c66e-4b7c-b566-622d0666dda1,FM3 Research,20c85a44-ad67-4d54-82bd-b78cdcaf9ad8,House Majority PAC,FM3 Research,91.0,FM3 Research,,,,,WI,6/20/26,6/25/26,,,,65c0d75b-5121-4107-b61a-95b2534fab6e,535.0,lv,,lv,,7/6/26 08:43,,https://x.com/cjwarnke/status/2074099699020128352,,,,,,DEM,2026,U.S. House,Third Congressional District,3.0,2026-11-03,general,DEM,50.0,Cooke,Rebecca Cooke,3926b9aa-7293-4a01-a403-e8f90ec44694,fea86d69-2d2f-4b6e-a47d-c38aa86abe6b,,,
348,d5b554f2-6096-4817-af0f-a547187b0a4f,59812bd0-883a-4b06-8426-73eead0329b0,Ragnar Research Partners,,,Ragnar Research Partners,517.0,Ragnar Research Partners,,,,,TX,6/14/26,6/16/26,,Eric Flores,REP,c6a9c423-57c5-4cd6-ac4a-7e67f2482ae5,400.0,lv,,lv,,7/5/26 09:13,,https://x.com/EricDFloress/status/2073053353924305365/photo/1,,,,,,REP,2026,U.S. House,Thirty-fourth Congressional District,34.0,2026-11-03,general,DEM,41.0,Gonzalez,Vicente Gonzalez,f8293175-82e7-4280-bb96-7fd45a32783e,e2ff1d6e-f2ef-432c-ba6b-b3eb17a123f4,,,
349,d5b554f2-6096-4817-af0f-a547187b0a4f,59812bd0-883a-4b06-8426-73eead0329b0,Ragnar Research Partners,,,Ragnar Research Partners,517.0,Ragnar Research Partners,,,,,TX,6/14/26,6/16/26,,Eric Flores,REP,c6a9c423-57c5-4cd6-ac4a-7e67f2482ae5,400.0,lv,,lv,,7/5/26 09:13,,https://x.com/EricDFloress/status/2073053353924305365/photo/1,,,,,,REP,2026,U.S. House,Thirty-fourth Congressional District,34.0,2026-11-03,general,REP,44.0,Flores (Eric),Eric Flores,da735fb2-0152-41f2-995c-b22e7892f4ca,e2ff1d6e-f2ef-432c-ba6b-b3eb17a123f4,,,
364,3c5c743c-3463-46e1-9458-155142adf214,a64a876e-bc33-45b8-b3d1-86ae963bfa7d,GQR,,,GQR,126.0,GQR,,,Live Phone,,NC,6/22/26,6/28/26,,Don Davis,DEM,34c68db7-73e5-44e1-b40a-1a01a75d6d21,500.0,lv,,lv,,7/1/26 16:30,,https://x.com/nicholaswu12/status/2072383841000440013?s=20,,,,,,DEM,2026,U.S. House,First Congressional District,1.0,2026-11-03,general,NONE,8.0,Don't know,Don't know,d8390906-54c4-4050-9005-4934a65fa7b1,814ce247-ec2e-47c3-8d53-de7470be442e,,,
365,3c5c743c-3463-46e1-9458-155142adf214,a64a876e-bc33-45b8-b3d1-86ae963bfa7d,GQR,,,GQR,126.0,GQR,,,Live Phone,,NC,6/22/26,6/28/26,,Don Davis,DEM,34c68db7-73e5-44e1-b40a-1a01a75d6d21,500.0,lv,,lv,,7/1/26 16:30,,https://x.com/nicholaswu12/status/2072383841000440013?s=20,,,,,,DEM,2026,U.S. House,First Congressional District,1.0,2026-11-03,general,REP,41.0,Buckhout,Laurie Buckhout,8ac75369-3dc0-44b9-80ce-66f451e27d78,814ce247-ec2e-47c3-8d53-de7470be442e,,,
366,3c5c743c-3463-46e1-9458-155142adf214,a64a876e-bc33-45b8-b3d1-86ae963bfa7d,GQR,,,GQR,126.0,GQR,,,Live Phone,,NC,6/22/26,6/28/26,,Don Davis,DEM,34c68db7-73e5-44e1-b40a-1a01a75d6d21,500.0,lv,,lv,,7/1/26 16:30,,https://x.com/nicholaswu12/status/2072383841000440013?s=20,,,,,,DEM,2026,U.S. House,First Congressional District,1.0,2026-11-03,general,DEM,45.0,Davis,Don Davis,5096a761-bd50-46fc-a0ca-624ace2b8faf,814ce247-ec2e-47c3-8d53-de7470be442e,,,
371,85260468-cf88-4a08-926d-b0e7174754f9,4441d98f-cf28-4bb7-957a-5ff6dd310ef8,Pulse Decision Science,,,Pulse Decision Science,,,,,,,TX,6/21/26,6/23/26,,Tano Tijerina,REP,567a10c7-3052-4da2-a952-8b706226f0cf,400.0,lv,,lv,,7/1/26 13:29,,https://x.com/birenbomb/status/2072354489642942795,,,,,,REP,2026,U.S. House,Twenty-eighth Congressional District,28.0,2026-11-03,general,NONE,16.0,Don't know,Don't know,d8390906-54c4-4050-9005-4934a65fa7b1,4cc4cc40-257f-4221-869e-57150dfd388d,,,
372,85260468-cf88-4a08-926d-b0e7174754f9,4441d98f-cf28-4bb7-957a-5ff6dd310ef8,Pulse Decision Science,,,Pulse Decision Science,,,,,,,TX,6/21/26,6/23/26,,Tano Tijerina,REP,567a10c7-3052-4da2-a952-8b706226f0cf,400.0,lv,,lv,,7/1/26 13:29,,https://x.com/birenbomb/status/2072354489642942795,,,,,,REP,2026,U.S. House,Twenty-eighth Congressional District,28.0,2026-11-03,general,DEM,38.0,Cuellar,Henry Cuellar,9dfbdad3-9263-4827-b340-861f8d11dd77,4cc4cc40-257f-4221-869e-57150dfd388d,,,
373,85260468-cf88-4a08-926d-b0e7174754f9,4441d98f-cf28-4bb7-957a-5ff6dd310ef8,Pulse Decision Science,,,Pulse Decision Science,,,,,,,TX,6/21/26,6/23/26,,Tano Tijerina,REP,567a10c7-3052-4da2-a952-8b706226f0cf,400.0,lv,,lv,,7/1/26 13:29,,https://x.com/birenbomb/status/2072354489642942795,,,,,,REP,2026,U.S. House,Twenty-eighth Congressional District,28.0,2026-11-03,general,REP,46.0,Tijerina,Tano Tijerina,869a2cad-ae77-4652-bea2-84bebd047f53,4cc4cc40-257f-4221-869e-57150dfd388d,,,
378,323ff676-e8d3-44aa-a932-d8cb8fbc0695,8ae50356-cd55-458f-bd0c-297e307c84eb,St. Anselm,,,St. Anselm,494.0,Saint Anselm College Survey Center,,,,,NH,6/24/26,6/25/26,,,,f78d53af-dcff-4a02-bf23-b868ed7c8c10,802.0,rv,,rv,,7/1/26 08:30,,https://www.anselm.edu/about/anselmian-hub/news/saint-anselm-college-survey-center-june-poll-finds-democrats-expand-generic-ballot-lead,,,,,,,2026,U.S. House,Second Congressional District,2.0,2026-11-03,general,NONE,19.0,Don't know,Don't know,d8390906-54c4-4050-9005-4934a65fa7b1,10137906-94cd-42be-933a-74f28309d24f,,,
379,323ff676-e8d3-44aa-a932-d8cb8fbc0695,8ae50356-cd55-458f-bd0c-297e307c84eb,St. Anselm,,,St. Anselm,494.0,Saint Anselm College Survey Center,,,,,NH,6/24/26,6/25/26,,,,f78d53af-dcff-4a02-bf23-b868ed7c8c10,802.0,rv,,rv,,7/1/26 08:30,,https://www.anselm.edu/about/anselmian-hub/news/saint-anselm-college-survey-center-june-poll-finds-democrats-expand-generic-ballot-lead,,,,,,,2026,U.S. House,Second Congressional District,2.0,2026-11-03,general,REP,31.0,Williams (Lily Tang),Lily Tang Williams,5ed0f675-a148-4165-ba2f-079c83384e24,10137906-94cd-42be-933a-74f28309d24f,,,
380,323ff676-e8d3-44aa-a932-d8cb8fbc0695,8ae50356-cd55-458f-bd0c-297e307c84eb,St. Anselm,,,St. Anselm,494.0,Saint Anselm College Survey Center,,,,,NH,6/24/26,6/25/26,,,,f78d53af-dcff-4a02-bf23-b868ed7c8c10,802.0,rv,,rv,,7/1/26 08:30,,https://www.anselm.edu/about/anselmian-hub/news/saint-anselm-college-survey-center-june-poll-finds-democrats-expand-generic-ballot-lead,,,,,,,2026,U.S. House,Second Congressional District,2.0,2026-11-03,general,DEM,50.0,Goodlander,Maggie Goodlander,72bb0ec2-2038-4dd0-8f85-be1591b34dd4,10137906-94cd-42be-933a-74f28309d24f,,,
444,af754860-bd3b-457b-a877-1be608dc44ac,bd236cc6-142b-4003-897f-7feb32f74126,Lake Research Partners,20c85a44-ad67-4d54-82bd-b78cdcaf9ad8,House Majority PAC,Lake Research Partners,165.0,Lake Research Partners,,,,,PA,6/18/26,6/23/26,,,,eff75196-c7ad-4e02-9ac4-989880677690,400.0,lv,,lv,,6/29/26 14:28,,https://www.politico.com/newsletters/playbook/2026/06/26/wes-moores-vision-for-america-00977774,,,,,,DEM,2026,U.S. House,Eighth Congressional District,8.0,2026-11-03,general,REP,45.0,Bresnahan,Rob Bresnahan Jr.,70829706-80eb-4d94-98f7-92eb61c23138,4868e333-5fd2-4237-9f71-b119177aa9df,,,
445,af754860-bd3b-457b-a877-1be608dc44ac,bd236cc6-142b-4003-897f-7feb32f74126,Lake Research Partners,20c85a44-ad67-4d54-82bd-b78cdcaf9ad8,House Majority PAC,Lake Research Partners,165.0,Lake Research Partners,,,,,PA,6/18/26,6/23/26,,,,eff75196-c7ad-4e02-9ac4-989880677690,400.0,lv,,lv,,6/29/26 14:28,,https://www.politico.com/newsletters/playbook/2026/06/26/wes-moores-vision-for-america-00977774,,,,,,DEM,2026,U.S. House,Eighth Congressional District,8.0,2026-11-03,general,DEM,47.0,Cognetti,Paige Cognetti,46dada51-90dc-4e03-8ffa-77b34b259320,4868e333-5fd2-4237-9f71-b119177aa9df,,,
446,17e30dbf-7008-483a-84fd-e02591081557,508ef336-8100-45cc-aec5-d506b2a053b8,Impact Research,,,Impact Research,14.0,Impact Research,,,,,NY,5/26/26,5/31/26,,Blake Gendebien,DEM,93986212-baa5-43ff-9003-36cb2797fd6e,500.0,lv,,lv,,6/26/26 08:27,,https://www.politico.com/news/2026/06/25/a-district-that-went-20-for-trump-now-in-play-for-democrats-00976934,,,,,,DEM,2026,U.S. House,Twenty-first Congressional Election,21.0,2026-11-03,general,REP,45.0,Constantino,Anthony Constantino,10519b95-9095-4d2b-98bc-12fd6313657e,3344edbf-b5c1-4f1c-a0d9-fe706d6c307a,,,
447,17e30dbf-7008-483a-84fd-e02591081557,508ef336-8100-45cc-aec5-d506b2a053b8,Impact Research,,,Impact Research,14.0,Impact Research,,,,,NY,5/26/26,5/31/26,,Blake Gendebien,DEM,93986212-baa5-43ff-9003-36cb2797fd6e,500.0,lv,,lv,,6/26/26 08:27,,https://www.politico.com/news/2026/06/25/a-district-that-went-20-for-trump-now-in-play-for-democrats-00976934,,,,,,DEM,2026,U.S. House,Twenty-first Congressional Election,21.0,2026-11-03,general,NONE,11.0,Don't know,Don't know,d8390906-54c4-4050-9005-4934a65fa7b1,3344edbf-b5c1-4f1c-a0d9-fe706d6c307a,,,
448,17e30dbf-7008-483a-84fd-e02591081557,508ef336-8100-45cc-aec5-d506b2a053b8,Impact Research,,,Impact Research,14.0,Impact Research,,,,,NY,5/26/26,5/31/26,,Blake Gendebien,DEM,93986212-baa5-43ff-9003-36cb2797fd6e,500.0,lv,,lv,,6/26/26 08:27,,https://www.politico.com/news/2026/06/25/a-district-that-went-20-for-trump-now-in-play-for-democrats-00976934,,,,,,DEM,2026,U.S. House,Twenty-first Congressional Election,21.0,2026-11-03,general,DEM,44.0,Gendebien,Blake Gendebien,9dc1e849-bc2d-46f1-a4b7-4d8acce45a31,3344edbf-b5c1-4f1c-a0d9-fe706d6c307a,,,
465,2532e8f9-f9bf-4cfa-8b5e-b03c097b3d93,508ef336-8100-45cc-aec5-d506b2a053b8,Impact Research,,,Impact Research,14.0,Impact Research,,,,,PA,6/8/26,6/11/26,,Paige Cognetti,DEM,17ba9f9d-d730-48ec-8d0d-a9283b394eca,500.0,lv,,lv,,6/24/26 15:24,,https://paigeforpa.com/new-poll-shows-paige-cognetti-leading-stock-trading-congressman-rob-bresnahan-in-toss-up-pa-08-race/,,,,,,DEM,2026,U.S. House,Eighth Congressional District,8.0,2026-11-03,general,NONE,9.0,Don't know,Don't know,d8390906-54c4-4050-9005-4934a65fa7b1,4868e333-5fd2-4237-9f71-b119177aa9df,,,
466,2532e8f9-f9bf-4cfa-8b5e-b03c097b3d93,508ef336-8100-45cc-aec5-d506b2a053b8,Impact Research,,,Impact Research,14.0,Impact Research,,,,,PA,6/8/26,6/11/26,,Paige Cognetti,DEM,17ba9f9d-d730-48ec-8d0d-a9283b394eca,500.0,lv,,lv,,6/24/26 15:24,,https://paigeforpa.com/new-poll-shows-paige-cognetti-leading-stock-trading-congressman-rob-bresnahan-in-toss-up-pa-08-race/,,,,,,DEM,2026,U.S. House,Eighth Congressional District,8.0,2026-11-03,general,REP,45.0,Bresnahan,Rob Bresnahan Jr.,70829706-80eb-4d94-98f7-92eb61c23138,4868e333-5fd2-4237-9f71-b119177aa9df,,,
467,2532e8f9-f9bf-4cfa-8b5e-b03c097b3d93,508ef336-8100-45cc-aec5-d506b2a053b8,Impact Research,,,Impact Research,14.0,Impact Research,,,,,PA,6/8/26,6/11/26,,Paige Cognetti,DEM,17ba9f9d-d730-48ec-8d0d-a9283b394eca,500.0,lv,,lv,,6/24/26 15:24,,https://paigeforpa.com/new-poll-shows-paige-cognetti-leading-stock-trading-congressman-rob-bresnahan-in-toss-up-pa-08-race/,,,,,,DEM,2026,U.S. House,Eighth Congressional District,8.0,2026-11-03,general,DEM,46.0,Cognetti,Paige Cognetti,46dada51-90dc-4e03-8ffa-77b34b259320,4868e333-5fd2-4237-9f71-b119177aa9df,,,
514,1e7dc593-8095-4a9e-9cd7-fcdd03fa26b8,5a7ec4cc-59c7-44e0-b7c0-e78c05f19438,GBAO,,,GBAO,109.0,,,,Live Phone/Text-to-Web,,OH,6/16/26,6/20/26,,Brian Poindexter,DEM,9d44fd05-b42b-45d3-b1ab-73ff3c89da9b,500.0,lv,,lv,,6/23/26 10:14,,https://www.politico.com/newsletters/playbook/2026/06/23/ny-tests-schumer-ai-and-mamdanis-power-00971436,,,,,,DEM,2026,U.S. House,Seventh Congressional District,7.0,2026-11-03,general,NONE,13.0,Don't know,Don't know,d8390906-54c4-4050-9005-4934a65fa7b1,8a06c3de-60bc-439c-bcb0-e564e6b7de7f,,,
515,1e7dc593-8095-4a9e-9cd7-fcdd03fa26b8,5a7ec4cc-59c7-44e0-b7c0-e78c05f19438,GBAO,,,GBAO,109.0,,,,Live Phone/Text-to-Web,,OH,6/16/26,6/20/26,,Brian Poindexter,DEM,9d44fd05-b42b-45d3-b1ab-73ff3c89da9b,500.0,lv,,lv,,6/23/26 10:14,,https://www.politico.com/newsletters/playbook/2026/06/23/ny-tests-schumer-ai-and-mamdanis-power-00971436,,,,,,DEM,2026,U.S. House,Seventh Congressional District,7.0,2026-11-03,general,REP,44.0,Miller (Max),Max Miller,2b3d343d-851c-4e53-b430-fc9d4af60b92,8a06c3de-60bc-439c-bcb0-e564e6b7de7f,,,
516,1e7dc593-8095-4a9e-9cd7-fcdd03fa26b8,5a7ec4cc-59c7-44e0-b7c0-e78c05f19438,GBAO,,,GBAO,109.0,,,,Live Phone/Text-to-Web,,OH,6/16/26,6/20/26,,Brian Poindexter,DEM,9d44fd05-b42b-45d3-b1ab-73ff3c89da9b,500.0,lv,,lv,,6/23/26 10:14,,https://www.politico.com/newsletters/playbook/2026/06/23/ny-tests-schumer-ai-and-mamdanis-power-00971436,,,,,,DEM,2026,U.S. House,Seventh Congressional District,7.0,2026-11-03,general,DEM,43.0,Poindexter,Brian Poindexter,4c10cc0e-7ce6-4172-af10-d18a4cc3320d,8a06c3de-60bc-439c-bcb0-e564e6b7de7f,,,
530,826d7413-1536-4249-8d2a-1ee10804babd,6fa6167a-c09c-423b-af3d-3a47f49e055b,"Normington, Petts & Associates",20c85a44-ad67-4d54-82bd-b78cdcaf9ad8,House Majority PAC,"Normington, Petts & Associates",,,,,,,AZ,6/8/26,6/11/26,,,,3d80e3a8-a0aa-487b-8900-e6e27cccce86,500.0,lv,,lv,,6/22/26 09:18,,https://x.com/cjwarnke/status/2069028347359674463/photo/1,,,,,,DEM,2026,U.S. House,Sixth Congressional District,6.0,2026-11-03,general,REP,45.0,Ciscomani,Juan Ciscomani,13475449-5785-4ebf-b4c2-d4210aae3062,90e3f158-3164-4cac-92c9-02f999843e75,,,
531,826d7413-1536-4249-8d2a-1ee10804babd,6fa6167a-c09c-423b-af3d-3a47f49e055b,"Normington, Petts & Associates",20c85a44-ad67-4d54-82bd-b78cdcaf9ad8,House Majority PAC,"Normington, Petts & Associates",,,,,,,AZ,6/8/26,6/11/26,,,,3d80e3a8-a0aa-487b-8900-e6e27cccce86,500.0,lv,,lv,,6/22/26 09:18,,https://x.com/cjwarnke/status/2069028347359674463/photo/1,,,,,,DEM,2026,U.S. House,Sixth Congressional District,6.0,2026-11-03,general,DEM,47.0,Mendoza (JoAnna),JoAnna Mendoza,2d32516c-60c4-4673-9675-6558e1b4a45f,90e3f158-3164-4cac-92c9-02f999843e75,,,
775,647eb819-a3a9-4319-8bfd-2b1593b783c9,508ef336-8100-45cc-aec5-d506b2a053b8,Impact Research,,,Impact Research,14.0,Impact Research,,,Live Phone/Text-to-Web,,WI,5/26/26,5/31/26,,Rebecca Cooke,DEM,48ff13b7-a691-416e-9ae4-35f058cee1c7,500.0,lv,,lv,,6/4/26 09:49,,https://drive.google.com/file/d/1dTP7FcvzgV49WVSyQ6MtgpX7W48_1SsR/edit,,,,,,DEM,2026,U.S. House,Third Congressional District,3.0,2026-11-03,general,NONE,3.0,Don't know,Don't know,d8390906-54c4-4050-9005-4934a65fa7b1,fea86d69-2d2f-4b6e-a47d-c38aa86abe6b,,,
776,647eb819-a3a9-4319-8bfd-2b1593b783c9,508ef336-8100-45cc-aec5-d506b2a053b8,Impact Research,,,Impact Research,14.0,Impact Research,,,Live Phone/Text-to-Web,,WI,5/26/26,5/31/26,,Rebecca Cooke,DEM,48ff13b7-a691-416e-9ae4-35f058cee1c7,500.0,lv,,lv,,6/4/26 09:49,,https://drive.google.com/file/d/1dTP7FcvzgV49WVSyQ6MtgpX7W48_1SsR/edit,,,,,,DEM,2026,U.S. House,Third Congressional District,3.0,2026-11-03,general,REP,46.0,Van Orden,Derrick Van Orden,17eb871a-68f4-4186-872e-afeda655ac75,fea86d69-2d2f-4b6e-a47d-c38aa86abe6b,,,
777,647eb819-a3a9-4319-8bfd-2b1593b783c9,508ef336-8100-45cc-aec5-d506b2a053b8,Impact Research,,,Impact Research,14.0,Impact Research,,,Live Phone/Text-to-Web,,WI,5/26/26,5/31/26,,Rebecca Cooke,DEM,48ff13b7-a691-416e-9ae4-35f058cee1c7,500.0,lv,,lv,,6/4/26 09:49,,https://drive.google.com/file/d/1dTP7FcvzgV49WVSyQ6MtgpX7W48_1SsR/edit,,,,,,DEM,2026,U.S. House,Third Congressional District,3.0,2026-11-03,general,DEM,50.0,Cooke,Rebecca Cooke,3926b9aa-7293-4a01-a403-e8f90ec44694,fea86d69-2d2f-4b6e-a47d-c38aa86abe6b,,,
864,4526fc3d-7f56-4e8f-9b98-5981c216ed79,051ba522-1b39-4264-b05f-81a45419f175,Tavern Research,dd32e822-3105-4fd5-abfa-308b93a931b5,Contours Inc.,Tavern Research,,,,,,,AK,5/18/26,5/27/26,,,,b0614ddc-1087-47b1-9d0d-d5d23830362a,452.0,lv,,lv,,5/29/26 15:29,,https://www.tavernresearch.com/research-and-writings/ak-al-begich-leads-independent-runs-closest,,,,,,,2026,U.S. House,First Congressional District,1.0,2026-11-03,general,IND,48.0,Hill (Bill),Bill Hill,c9e37458-54c0-482a-a091-04abe8757f0f,1a6333ce-cb11-4484-9abc-8b4e93aef172,,,
865,4526fc3d-7f56-4e8f-9b98-5981c216ed79,051ba522-1b39-4264-b05f-81a45419f175,Tavern Research,dd32e822-3105-4fd5-abfa-308b93a931b5,Contours Inc.,Tavern Research,,,,,,,AK,5/18/26,5/27/26,,,,b0614ddc-1087-47b1-9d0d-d5d23830362a,452.0,lv,,lv,,5/29/26 15:29,,https://www.tavernresearch.com/research-and-writings/ak-al-begich-leads-independent-runs-closest,,,,,,,2026,U.S. House,First Congressional District,1.0,2026-11-03,general,REP,52.0,Begich,Nick Begich,355f0e52-2168-443a-bc55-a51d707b19a6,1a6333ce-cb11-4484-9abc-8b4e93aef172,,,
878,7cf4ffbe-1c0e-4672-a077-1f3ca0aed5ba,be9a3aec-e042-4755-9caa-4538e87f5962,Z to A Research,aaa17d75-dcdb-47dc-863c-f226cd52ae49,314 Action,Z to A Research,831.0,Z to A Research,,,Text,,NJ,5/24/26,5/26/26,,,,87e7c328-4635-4a49-921e-7e7296fff543,430.0,lv,,lv,,5/28/26 13:14,,https://newjerseyglobe.com/congress/shah-leads-kean-in-head-to-head-matchup-allied-groups-poll-says/,,,,,,DEM,2026,U.S. House,Seventh Congressional District,7.0,2026-11-03,general,NONE,10.0,Don't know/Would not vote,Don't know/Would not vote,c60b3e30-6799-4330-a345-aa5308bf75ca,4b0ae732-48b7-4572-a896-107b4fba126b,,,
879,7cf4ffbe-1c0e-4672-a077-1f3ca0aed5ba,be9a3aec-e042-4755-9caa-4538e87f5962,Z to A Research,aaa17d75-dcdb-47dc-863c-f226cd52ae49,314 Action,Z to A Research,831.0,Z to A Research,,,Text,,NJ,5/24/26,5/26/26,,,,87e7c328-4635-4a49-921e-7e7296fff543,430.0,lv,,lv,,5/28/26 13:14,,https://newjerseyglobe.com/congress/shah-leads-kean-in-head-to-head-matchup-allied-groups-poll-says/,,,,,,DEM,2026,U.S. House,Seventh Congressional District,7.0,2026-11-03,general,REP,43.0,Kean,Thomas H. Kean Jr.,bdcdc1ff-bb76-4d42-969c-36e4dadc0d22,4b0ae732-48b7-4572-a896-107b4fba126b,,,
880,7cf4ffbe-1c0e-4672-a077-1f3ca0aed5ba,be9a3aec-e042-4755-9caa-4538e87f5962,Z to A Research,aaa17d75-dcdb-47dc-863c-f226cd52ae49,314 Action,Z to A Research,831.0,Z to A Research,,,Text,,NJ,5/24/26,5/26/26,,,,87e7c328-4635-4a49-921e-7e7296fff543,430.0,lv,,lv,,5/28/26 13:14,,https://newjerseyglobe.com/congress/shah-leads-kean-in-head-to-head-matchup-allied-groups-poll-says/,,,,,,DEM,2026,U.S. House,Seventh Congressional District,7.0,2026-11-03,general,DEM,47.0,Bennett,Rebecca Bennett,3fb34576-dc25-4630-a523-0f44c77fcde6,4b0ae732-48b7-4572-a896-107b4fba126b,,,
1019,2313858e-5711-4c83-abf7-5a9fb713fa32,6fa6167a-c09c-423b-af3d-3a47f49e055b,"Normington, Petts & Associates",,,"Normington, Petts & Associates",,,,,,,PA,4/20/26,4/23/26,,Janelle Stelson,DEM,ca5bc2b8-b759-4f7b-900f-e9c4234ac26d,400.0,rv,,rv,,5/20/26 09:23,,https://www.inquirer.com/politics/election/live/pennsylvania-primary-election-2026-results-house-20260520.html/card-0290e37e-b5bd-4535-aa10-560706ae71ec,,,,,,DEM,2026,U.S. House,Tenth Congressional District,10.0,2026-11-03,general,REP,45.0,Perry (Scott),Scott Perry,b86b31f9-634f-4540-b51d-8f908cea6054,7a73a2bb-7253-43a0-bb03-78ae58794086,,,
1020,2313858e-5711-4c83-abf7-5a9fb713fa32,6fa6167a-c09c-423b-af3d-3a47f49e055b,"Normington, Petts & Associates",,,"Normington, Petts & Associates",,,,,,,PA,4/20/26,4/23/26,,Janelle Stelson,DEM,ca5bc2b8-b759-4f7b-900f-e9c4234ac26d,400.0,rv,,rv,,5/20/26 09:23,,https://www.inquirer.com/politics/election/live/pennsylvania-primary-election-2026-results-house-20260520.html/card-0290e37e-b5bd-4535-aa10-560706ae71ec,,,,,,DEM,2026,U.S. House,Tenth Congressional District,10.0,2026-11-03,general,DEM,51.0,Stelson,Janelle Stelson,5993bbd9-e908-4cff-b14a-c443047d563e,7a73a2bb-7253-43a0-bb03-78ae58794086,,,
1129,4a7696a0-ee2f-40a1-816e-9d3ad6f0d0da,68e21c00-6461-4cb0-bc1e-7c723d11d0c4,Zenith Research,,,Zenith Research,,,,,,,NE,5/8/26,5/11/26,,Austin Ahlman,IND,52946f15-4ac2-4226-9643-b61a5043d296,401.0,rv,,rv,,5/14/26 12:49,,https://x.com/admcrlsn/status/2054957057552331099/photo/1,,,,,,IND,2026,U.S. House,First Congressional District,1.0,2026-11-03,general,DEM,38.0,Backemeyer,Chris Backemeyer,bb299e71-1689-4556-8557-6187e3072f2a,3a4928b3-08d1-40f4-9a86-5f6a641fd724,,,
1130,4a7696a0-ee2f-40a1-816e-9d3ad6f0d0da,68e21c00-6461-4cb0-bc1e-7c723d11d0c4,Zenith Research,,,Zenith Research,,,,,,,NE,5/8/26,5/11/26,,Austin Ahlman,IND,52946f15-4ac2-4226-9643-b61a5043d296,401.0,rv,,rv,,5/14/26 12:49,,https://x.com/admcrlsn/status/2054957057552331099/photo/1,,,,,,IND,2026,U.S. House,First Congressional District,1.0,2026-11-03,general,REP,45.0,Flood,Mike Flood,c2e6f3cd-fa72-4b52-af64-ec07b8f233a2,3a4928b3-08d1-40f4-9a86-5f6a641fd724,,,
1136,f55d29d1-a799-4b26-8406-120005160eee,28530383-68dc-49ad-bf0a-6206eab86a67,Upswing Research,aaa17d75-dcdb-47dc-863c-f226cd52ae49,314 Action,Upswing Research,847.0,Upswing Research,,,,,MT,4/30/26,5/5/26,,,,5de721be-511b-4adc-8e23-4fdedf6e55d0,401.0,lv,,lv,,5/13/26 17:41,,https://x.com/PatrickSvitek/status/2054609849439199263?s=20,,,,,,DEM,2026,U.S. House,First Congressional District,1.0,2026-11-03,general,REP,48.0,Flint,Aaron Flint,41217a80-ebb7-4f61-be39-41ee60cbf912,f34abca0-d7c7-44c0-a113-a8978a9dad47,,,
1137,f55d29d1-a799-4b26-8406-120005160eee,28530383-68dc-49ad-bf0a-6206eab86a67,Upswing Research,aaa17d75-dcdb-47dc-863c-f226cd52ae49,314 Action,Upswing Research,847.0,Upswing Research,,,,,MT,4/30/26,5/5/26,,,,5de721be-511b-4adc-8e23-4fdedf6e55d0,401.0,lv,,lv,,5/13/26 17:41,,https://x.com/PatrickSvitek/status/2054609849439199263?s=20,,,,,,DEM,2026,U.S. House,First Congressional District,1.0,2026-11-03,general,DEM,43.0,Forstag,Sam Forstag,cd8f638c-ac86-4756-b5a6-c0487610f16f,f34abca0-d7c7-44c0-a113-a8978a9dad47,,,
1171,06ea0f7c-6312-40e6-becc-56fc917c0a38,9b245451-0334-4f8c-909e-b48d602feb76,Public Policy Polling,,,Public Policy Polling,263.0,Public Policy Polling,,,,,KY,4/24/26,4/25/26,,Zach Dembo,DEM,462962e1-66a1-4559-8f42-d34356e1ca3f,675.0,rv,,rv,,5/12/26 14:56,,https://www.politico.com/newsletters/playbook-pm/2026/05/12/lawmakers-want-more-answers-on-iran-00917015,,,,,,DEM,2026,U.S. House,Sixth Congressional District,6.0,2026-11-03,general,REP,37.0,Alvarado,Ralph Alvarado,b418f56c-eda1-43b6-97ed-3b283a336fb9,fb3da71c-9247-4285-b5ae-462b5e4f19ed,,,
1172,06ea0f7c-6312-40e6-becc-56fc917c0a38,9b245451-0334-4f8c-909e-b48d602feb76,Public Policy Polling,,,Public Policy Polling,263.0,Public Policy Polling,,,,,KY,4/24/26,4/25/26,,Zach Dembo,DEM,462962e1-66a1-4559-8f42-d34356e1ca3f,675.0,rv,,rv,,5/12/26 14:56,,https://www.politico.com/newsletters/playbook-pm/2026/05/12/lawmakers-want-more-answers-on-iran-00917015,,,,,,DEM,2026,U.S. House,Sixth Congressional District,6.0,2026-11-03,general,DEM,37.0,Dembo,Zach Dembo,07c87660-fc4d-44da-a77e-037e4f23d80a,fb3da71c-9247-4285-b5ae-462b5e4f19ed,,,
1279,f50b80ab-4b2b-4f4e-85a2-893560d1be1e,ba90f015-c45b-4884-8111-14ec9e67161e,co/efficient,4f32c9a7-096a-4086-9bb8-fd5200bb15e8,NRCC,co/efficient,514.0,co/efficient,,,,,NC,4/25/26,4/29/26,,,,3bb93c3b-b216-4834-a2cd-359c3f18ebd5,842.0,lv,,lv,,5/8/26 08:30,,https://www.politico.com/news/2026/05/08/gop-polls-show-they-have-a-shot-at-flipping-house-dem-districts-trump-won-00910791,,,,,,REP,2026,U.S. House,First Congressional District,1.0,2026-11-03,general,NONE,17.0,Don't know,Don't know,d8390906-54c4-4050-9005-4934a65fa7b1,814ce247-ec2e-47c3-8d53-de7470be442e,,,
1280,f50b80ab-4b2b-4f4e-85a2-893560d1be1e,ba90f015-c45b-4884-8111-14ec9e67161e,co/efficient,4f32c9a7-096a-4086-9bb8-fd5200bb15e8,NRCC,co/efficient,514.0,co/efficient,,,,,NC,4/25/26,4/29/26,,,,3bb93c3b-b216-4834-a2cd-359c3f18ebd5,842.0,lv,,lv,,5/8/26 08:30,,https://www.politico.com/news/2026/05/08/gop-polls-show-they-have-a-shot-at-flipping-house-dem-districts-trump-won-00910791,,,,,,REP,2026,U.S. House,First Congressional District,1.0,2026-11-03,general,DEM,41.0,Davis,Don Davis,5096a761-bd50-46fc-a0ca-624ace2b8faf,814ce247-ec2e-47c3-8d53-de7470be442e,,,
1281,f50b80ab-4b2b-4f4e-85a2-893560d1be1e,ba90f015-c45b-4884-8111-14ec9e67161e,co/efficient,4f32c9a7-096a-4086-9bb8-fd5200bb15e8,NRCC,co/efficient,514.0,co/efficient,,,,,NC,4/25/26,4/29/26,,,,3bb93c3b-b216-4834-a2cd-359c3f18ebd5,842.0,lv,,lv,,5/8/26 08:30,,https://www.politico.com/news/2026/05/08/gop-polls-show-they-have-a-shot-at-flipping-house-dem-districts-trump-won-00910791,,,,,,REP,2026,U.S. House,First Congressional District,1.0,2026-11-03,general,REP,41.0,Buckhout,Laurie Buckhout,8ac75369-3dc0-44b9-80ce-66f451e27d78,814ce247-ec2e-47c3-8d53-de7470be442e,,,
1285,06bcf2dd-2622-4984-9d26-992e75d54d69,ba90f015-c45b-4884-8111-14ec9e67161e,co/efficient,4f32c9a7-096a-4086-9bb8-fd5200bb15e8,NRCC,co/efficient,514.0,co/efficient,,,,,NM,4/26/26,4/28/26,,,,167a1161-87dc-4101-8558-334cce646f2e,879.0,lv,,lv,,5/8/26 08:29,,https://www.politico.com/news/2026/05/08/gop-polls-show-they-have-a-shot-at-flipping-house-dem-districts-trump-won-00910791,,,,,,REP,2026,U.S. House,Second Congressional District,2.0,2026-11-03,general,NONE,16.0,Don't know,Don't know,d8390906-54c4-4050-9005-4934a65fa7b1,1e2b969c-7a2e-4def-bb6d-7768188df3d7,,,
1286,06bcf2dd-2622-4984-9d26-992e75d54d69,ba90f015-c45b-4884-8111-14ec9e67161e,co/efficient,4f32c9a7-096a-4086-9bb8-fd5200bb15e8,NRCC,co/efficient,514.0,co/efficient,,,,,NM,4/26/26,4/28/26,,,,167a1161-87dc-4101-8558-334cce646f2e,879.0,lv,,lv,,5/8/26 08:29,,https://www.politico.com/news/2026/05/08/gop-polls-show-they-have-a-shot-at-flipping-house-dem-districts-trump-won-00910791,,,,,,REP,2026,U.S. House,Second Congressional District,2.0,2026-11-03,general,DEM,43.0,Vasquez (Gabe),Gabe Vasquez,b3d290b3-95a5-44a7-bdd9-7918c2b37668,1e2b969c-7a2e-4def-bb6d-7768188df3d7,,,
1287,06bcf2dd-2622-4984-9d26-992e75d54d69,ba90f015-c45b-4884-8111-14ec9e67161e,co/efficient,4f32c9a7-096a-4086-9bb8-fd5200bb15e8,NRCC,co/efficient,514.0,co/efficient,,,,,NM,4/26/26,4/28/26,,,,167a1161-87dc-4101-8558-334cce646f2e,879.0,lv,,lv,,5/8/26 08:29,,https://www.politico.com/news/2026/05/08/gop-polls-show-they-have-a-shot-at-flipping-house-dem-districts-trump-won-00910791,,,,,,REP,2026,U.S. House,Second Congressional District,2.0,2026-11-03,general,REP,41.0,Cunningham,Greg Cunningham,2eb0658c-7f0f-4c4d-b9bc-61552086be87,1e2b969c-7a2e-4def-bb6d-7768188df3d7,,,
1291,5df9368e-24c6-47b9-935f-7665f09d1e01,ba90f015-c45b-4884-8111-14ec9e67161e,co/efficient,4f32c9a7-096a-4086-9bb8-fd5200bb15e8,NRCC,co/efficient,514.0,co/efficient,,,,,TX,4/25/26,4/29/26,,,,1dd7b7dc-af6e-4b6f-ba67-16e98b6bd882,777.0,lv,,lv,,5/8/26 08:29,,https://www.politico.com/news/2026/05/08/gop-polls-show-they-have-a-shot-at-flipping-house-dem-districts-trump-won-00910791,,,,,,REP,2026,U.S. House,Thirty-fourth Congressional District,34.0,2026-11-03,general,NONE,18.0,Don't know,Don't know,d8390906-54c4-4050-9005-4934a65fa7b1,e2ff1d6e-f2ef-432c-ba6b-b3eb17a123f4,,,
1292,5df9368e-24c6-47b9-935f-7665f09d1e01,ba90f015-c45b-4884-8111-14ec9e67161e,co/efficient,4f32c9a7-096a-4086-9bb8-fd5200bb15e8,NRCC,co/efficient,514.0,co/efficient,,,,,TX,4/25/26,4/29/26,,,,1dd7b7dc-af6e-4b6f-ba67-16e98b6bd882,777.0,lv,,lv,,5/8/26 08:29,,https://www.politico.com/news/2026/05/08/gop-polls-show-they-have-a-shot-at-flipping-house-dem-districts-trump-won-00910791,,,,,,REP,2026,U.S. House,Thirty-fourth Congressional District,34.0,2026-11-03,general,DEM,40.0,Gonzalez,Vicente Gonzalez,f8293175-82e7-4280-bb96-7fd45a32783e,e2ff1d6e-f2ef-432c-ba6b-b3eb17a123f4,,,
1293,5df9368e-24c6-47b9-935f-7665f09d1e01,ba90f015-c45b-4884-8111-14ec9e67161e,co/efficient,4f32c9a7-096a-4086-9bb8-fd5200bb15e8,NRCC,co/efficient,514.0,co/efficient,,,,,TX,4/25/26,4/29/26,,,,1dd7b7dc-af6e-4b6f-ba67-16e98b6bd882,777.0,lv,,lv,,5/8/26 08:29,,https://www.politico.com/news/2026/05/08/gop-polls-show-they-have-a-shot-at-flipping-house-dem-districts-trump-won-00910791,,,,,,REP,2026,U.S. House,Thirty-fourth Congressional District,34.0,2026-11-03,general,REP,41.0,Flores (Eric),Eric Flores,da735fb2-0152-41f2-995c-b22e7892f4ca,e2ff1d6e-f2ef-432c-ba6b-b3eb17a123f4,,,
1306,ac03c1df-2f0d-4fca-b638-ba251f92c128,ba90f015-c45b-4884-8111-14ec9e67161e,co/efficient,4f32c9a7-096a-4086-9bb8-fd5200bb15e8,NRCC,co/efficient,514.0,co/efficient,,,Text/Live Phone,,ME,4/26/26,4/28/26,,,,3ca501d1-cb7f-407a-8ba0-938e300e8d3b,918.0,lv,,lv,,5/8/26 08:27,,https://www.politico.com/news/2026/05/08/gop-polls-show-they-have-a-shot-at-flipping-house-dem-districts-trump-won-00910791,,,,,,REP,2026,U.S. House,Second Congressional District,2.0,2026-11-03,general,DEM,40.0,Dunlap,Matt Dunlap,cd0278bb-3af0-435a-9abd-8ec4471c32df,c587aa21-f06f-47d6-ae64-ebbd9d0a43d7,,,
1307,ac03c1df-2f0d-4fca-b638-ba251f92c128,ba90f015-c45b-4884-8111-14ec9e67161e,co/efficient,4f32c9a7-096a-4086-9bb8-fd5200bb15e8,NRCC,co/efficient,514.0,co/efficient,,,Text/Live Phone,,ME,4/26/26,4/28/26,,,,3ca501d1-cb7f-407a-8ba0-938e300e8d3b,918.0,lv,,lv,,5/8/26 08:27,,https://www.politico.com/news/2026/05/08/gop-polls-show-they-have-a-shot-at-flipping-house-dem-districts-trump-won-00910791,,,,,,REP,2026,U.S. House,Second Congressional District,2.0,2026-11-03,general,REP,50.0,LePage,Paul R. LePage,94436f81-105d-46a1-a241-ed6f9c76a03b,c587aa21-f06f-47d6-ae64-ebbd9d0a43d7,,,
1382,97b470d5-8f93-40aa-84d0-ee987957190f,9b245451-0334-4f8c-909e-b48d602feb76,Public Policy Polling,,,Public Policy Polling,263.0,Public Policy Polling,,,Text/Live Phone,,IA,4/13/26,4/14/26,,Lindsay James,DEM,43743487-bbfa-41e7-8e47-dd4ecacbedc8,673.0,rv,,rv,,4/30/26 08:33,,https://x.com/jamesd0wns/status/2049820806016860519,,,,,,DEM,2026,U.S. House,Second Congressional District,2.0,2026-11-03,general,NONE,31.0,Don't know,Don't know,d8390906-54c4-4050-9005-4934a65fa7b1,8eed2fd1-02c2-4509-bbfb-f5ba16c2c1fc,,,
1383,97b470d5-8f93-40aa-84d0-ee987957190f,9b245451-0334-4f8c-909e-b48d602feb76,Public Policy Polling,,,Public Policy Polling,263.0,Public Policy Polling,,,Text/Live Phone,,IA,4/13/26,4/14/26,,Lindsay James,DEM,43743487-bbfa-41e7-8e47-dd4ecacbedc8,673.0,rv,,rv,,4/30/26 08:33,,https://x.com/jamesd0wns/status/2049820806016860519,,,,,,DEM,2026,U.S. House,Second Congressional District,2.0,2026-11-03,general,REP,33.0,Mitchell (Joe),Joe Mitchell,8795750b-6e43-4072-b9c3-3b14d8a34ee7,8eed2fd1-02c2-4509-bbfb-f5ba16c2c1fc,,,
1384,97b470d5-8f93-40aa-84d0-ee987957190f,9b245451-0334-4f8c-909e-b48d602feb76,Public Policy Polling,,,Public Policy Polling,263.0,Public Policy Polling,,,Text/Live Phone,,IA,4/13/26,4/14/26,,Lindsay James,DEM,43743487-bbfa-41e7-8e47-dd4ecacbedc8,673.0,rv,,rv,,4/30/26 08:33,,https://x.com/jamesd0wns/status/2049820806016860519,,,,,,DEM,2026,U.S. House,Second Congressional District,2.0,2026-11-03,general,DEM,36.0,James (Lindsay),Lindsay James,da4b2006-b654-421b-8c90-23d8c02e6611,8eed2fd1-02c2-4509-bbfb-f5ba16c2c1fc,,,
1417,81e0fd68-8ee5-4c75-b333-de5c2fe8c73f,59812bd0-883a-4b06-8426-73eead0329b0,Ragnar Research Partners,27b27fd1-96e0-4d8f-9cc3-3a0253064455,Conservatives for America,Ragnar Research Partners,517.0,Ragnar Research Partners,,,Live Phone,,IA,3/12/26,3/14/26,,,,9875d9d4-a749-458d-adf3-de2416d7cc51,400.0,lv,,lv,,4/29/26 09:09,,https://punchbowl.news/article/campaigns/bad-gop-polls/,,,,,,REP,2026,U.S. House,Third Congressional District,3.0,2026-11-03,general,NONE,10.0,Don't know,Don't know,d8390906-54c4-4050-9005-4934a65fa7b1,14bc9cc5-56e4-4063-b8b2-c30c1c451259,,,
1418,81e0fd68-8ee5-4c75-b333-de5c2fe8c73f,59812bd0-883a-4b06-8426-73eead0329b0,Ragnar Research Partners,27b27fd1-96e0-4d8f-9cc3-3a0253064455,Conservatives for America,Ragnar Research Partners,517.0,Ragnar Research Partners,,,Live Phone,,IA,3/12/26,3/14/26,,,,9875d9d4-a749-458d-adf3-de2416d7cc51,400.0,lv,,lv,,4/29/26 09:09,,https://punchbowl.news/article/campaigns/bad-gop-polls/,,,,,,REP,2026,U.S. House,Third Congressional District,3.0,2026-11-03,general,DEM,42.0,Garriott,Sarah Trone Garriott,2e405f67-9409-4d31-a0b0-2a511c67999d,14bc9cc5-56e4-4063-b8b2-c30c1c451259,,,
1419,81e0fd68-8ee5-4c75-b333-de5c2fe8c73f,59812bd0-883a-4b06-8426-73eead0329b0,Ragnar Research Partners,27b27fd1-96e0-4d8f-9cc3-3a0253064455,Conservatives for America,Ragnar Research Partners,517.0,Ragnar Research Partners,,,Live Phone,,IA,3/12/26,3/14/26,,,,9875d9d4-a749-458d-adf3-de2416d7cc51,400.0,lv,,lv,,4/29/26 09:09,,https://punchbowl.news/article/campaigns/bad-gop-polls/,,,,,,REP,2026,U.S. House,Third Congressional District,3.0,2026-11-03,general,REP,48.0,Nunn,Zach Nunn,790d48ce-31aa-4472-9b90-69a7eb83d1ac,14bc9cc5-56e4-4063-b8b2-c30c1c451259,,,
1429,88f080b6-7ea1-41ee-a50a-ea1ee78f439c,59812bd0-883a-4b06-8426-73eead0329b0,Ragnar Research Partners,27b27fd1-96e0-4d8f-9cc3-3a0253064455,Conservatives for America,Ragnar Research Partners,517.0,Ragnar Research Partners,,,,,AZ,3/12/26,3/14/26,,,,5a44f193-9310-43fe-9a36-e4447337639b,400.0,lv,,lv,,4/29/26 09:06,,https://punchbowl.news/article/campaigns/bad-gop-polls/,,,,,,REP,2026,U.S. House,Sixth Congressional District,6.0,2026-11-03,general,NONE,9.0,Don't know,Don't know,d8390906-54c4-4050-9005-4934a65fa7b1,90e3f158-3164-4cac-92c9-02f999843e75,,,
1430,88f080b6-7ea1-41ee-a50a-ea1ee78f439c,59812bd0-883a-4b06-8426-73eead0329b0,Ragnar Research Partners,27b27fd1-96e0-4d8f-9cc3-3a0253064455,Conservatives for America,Ragnar Research Partners,517.0,Ragnar Research Partners,,,,,AZ,3/12/26,3/14/26,,,,5a44f193-9310-43fe-9a36-e4447337639b,400.0,lv,,lv,,4/29/26 09:06,,https://punchbowl.news/article/campaigns/bad-gop-polls/,,,,,,REP,2026,U.S. House,Sixth Congressional District,6.0,2026-11-03,general,DEM,47.0,Mendoza (JoAnna),JoAnna Mendoza,2d32516c-60c4-4673-9675-6558e1b4a45f,90e3f158-3164-4cac-92c9-02f999843e75,,,
1431,88f080b6-7ea1-41ee-a50a-ea1ee78f439c,59812bd0-883a-4b06-8426-73eead0329b0,Ragnar Research Partners,27b27fd1-96e0-4d8f-9cc3-3a0253064455,Conservatives for America,Ragnar Research Partners,517.0,Ragnar Research Partners,,,,,AZ,3/12/26,3/14/26,,,,5a44f193-9310-43fe-9a36-e4447337639b,400.0,lv,,lv,,4/29/26 09:06,,https://punchbowl.news/article/campaigns/bad-gop-polls/,,,,,,REP,2026,U.S. House,Sixth Congressional District,6.0,2026-11-03,general,REP,44.0,Ciscomani,Juan Ciscomani,13475449-5785-4ebf-b4c2-d4210aae3062,90e3f158-3164-4cac-92c9-02f999843e75,,,
1435,f9f97bf0-b593-4acb-bfc6-e9203f235552,59812bd0-883a-4b06-8426-73eead0329b0,Ragnar Research Partners,27b27fd1-96e0-4d8f-9cc3-3a0253064455,Conservatives for America,Ragnar Research Partners,517.0,Ragnar Research Partners,,,Live Phone,,MN,3/12/26,3/14/26,,,,064c39ff-785f-4000-aa18-ae93bb2657f1,400.0,lv,,lv,,4/29/26 09:03,,https://punchbowl.news/article/campaigns/bad-gop-polls/,,,,,,REP,2026,U.S. House,First Congressional District,1.0,2026-11-03,general,NONE,6.0,Don't know,Don't know,d8390906-54c4-4050-9005-4934a65fa7b1,f5eea5b5-b636-4540-b741-58694bf575cb,,,
1436,f9f97bf0-b593-4acb-bfc6-e9203f235552,59812bd0-883a-4b06-8426-73eead0329b0,Ragnar Research Partners,27b27fd1-96e0-4d8f-9cc3-3a0253064455,Conservatives for America,Ragnar Research Partners,517.0,Ragnar Research Partners,,,Live Phone,,MN,3/12/26,3/14/26,,,,064c39ff-785f-4000-aa18-ae93bb2657f1,400.0,lv,,lv,,4/29/26 09:03,,https://punchbowl.news/article/campaigns/bad-gop-polls/,,,,,,REP,2026,U.S. House,First Congressional District,1.0,2026-11-03,general,DEM,42.0,Johnson (Jake),Jake Johnson,176bffcd-9c9e-4379-a3bc-99fbdb7726e5,f5eea5b5-b636-4540-b741-58694bf575cb,,,
1437,f9f97bf0-b593-4acb-bfc6-e9203f235552,59812bd0-883a-4b06-8426-73eead0329b0,Ragnar Research Partners,27b27fd1-96e0-4d8f-9cc3-3a0253064455,Conservatives for America,Ragnar Research Partners,517.0,Ragnar Research Partners,,,Live Phone,,MN,3/12/26,3/14/26,,,,064c39ff-785f-4000-aa18-ae93bb2657f1,400.0,lv,,lv,,4/29/26 09:03,,https://punchbowl.news/article/campaigns/bad-gop-polls/,,,,,,REP,2026,U.S. House,First Congressional District,1.0,2026-11-03,general,REP,52.0,Finstad,Brad Finstad,43d4a8ea-c51b-453c-b3f7-64cd7fc6f903,f5eea5b5-b636-4540-b741-58694bf575cb,,,
1441,80390dd0-7a40-4a6b-832a-14be558af9cd,59812bd0-883a-4b06-8426-73eead0329b0,Ragnar Research Partners,27b27fd1-96e0-4d8f-9cc3-3a0253064455,Conservatives for America,Ragnar Research Partners,517.0,Ragnar Research Partners,,,Live Phone,,NC,3/10/26,3/12/26,,,,311c0e7a-424c-4966-9505-f39f27b21484,400.0,lv,,lv,,4/29/26 08:53,,https://punchbowl.news/article/campaigns/bad-gop-polls/,,,,,,REP,2026,U.S. House,Tenth Congressional District,10.0,2026-11-03,general,NONE,11.0,Don't know,Don't know,d8390906-54c4-4050-9005-4934a65fa7b1,ce3a64d4-ee39-4cb0-b9d5-72674b29abb4,,,
1442,80390dd0-7a40-4a6b-832a-14be558af9cd,59812bd0-883a-4b06-8426-73eead0329b0,Ragnar Research Partners,27b27fd1-96e0-4d8f-9cc3-3a0253064455,Conservatives for America,Ragnar Research Partners,517.0,Ragnar Research Partners,,,Live Phone,,NC,3/10/26,3/12/26,,,,311c0e7a-424c-4966-9505-f39f27b21484,400.0,lv,,lv,,4/29/26 08:53,,https://punchbowl.news/article/campaigns/bad-gop-polls/,,,,,,REP,2026,U.S. House,Tenth Congressional District,10.0,2026-11-03,general,REP,52.0,Harrigan,Pat Harrigan,adfd1f81-4eb6-4831-9132-4a886894de10,ce3a64d4-ee39-4cb0-b9d5-72674b29abb4,,,
1443,80390dd0-7a40-4a6b-832a-14be558af9cd,59812bd0-883a-4b06-8426-73eead0329b0,Ragnar Research Partners,27b27fd1-96e0-4d8f-9cc3-3a0253064455,Conservatives for America,Ragnar Research Partners,517.0,Ragnar Research Partners,,,Live Phone,,NC,3/10/26,3/12/26,,,,311c0e7a-424c-4966-9505-f39f27b21484,400.0,lv,,lv,,4/29/26 08:53,,https://punchbowl.news/article/campaigns/bad-gop-polls/,,,,,,REP,2026,U.S. House,Tenth Congressional District,10.0,2026-11-03,general,DEM,37.0,Bell (Ashley),Ashley Bell,6148981d-508e-46ef-ac2f-c6e3dfd86aa8,ce3a64d4-ee39-4cb0-b9d5-72674b29abb4,,,
1452,608e65ee-c82b-443e-9bb7-d652fad9b2d4,59812bd0-883a-4b06-8426-73eead0329b0,Ragnar Research Partners,27b27fd1-96e0-4d8f-9cc3-3a0253064455,Conservatives for America,Ragnar Research Partners,517.0,Ragnar Research Partners,,,Live Phone,,NC,3/10/26,3/12/26,,,,7b44936e-4518-4010-a89e-e043e89e104b,400.0,lv,,lv,,4/29/26 08:44,,https://punchbowl.news/article/campaigns/bad-gop-polls/,,,,,,REP,2026,U.S. House,Fourteenth Congressional District,14.0,2026-11-03,general,NONE,12.0,Don't know,Don't know,d8390906-54c4-4050-9005-4934a65fa7b1,8a78a73f-082c-466a-a1b1-c7c07ec0b624,,,
1453,608e65ee-c82b-443e-9bb7-d652fad9b2d4,59812bd0-883a-4b06-8426-73eead0329b0,Ragnar Research Partners,27b27fd1-96e0-4d8f-9cc3-3a0253064455,Conservatives for America,Ragnar Research Partners,517.0,Ragnar Research Partners,,,Live Phone,,NC,3/10/26,3/12/26,,,,7b44936e-4518-4010-a89e-e043e89e104b,400.0,lv,,lv,,4/29/26 08:44,,https://punchbowl.news/article/campaigns/bad-gop-polls/,,,,,,REP,2026,U.S. House,Fourteenth Congressional District,14.0,2026-11-03,general,DEM,40.0,Womack,LaKesha Womack,b08f4810-c2d7-4f19-b8de-68ae50cfa7b5,8a78a73f-082c-466a-a1b1-c7c07ec0b624,,,
1454,608e65ee-c82b-443e-9bb7-d652fad9b2d4,59812bd0-883a-4b06-8426-73eead0329b0,Ragnar Research Partners,27b27fd1-96e0-4d8f-9cc3-3a0253064455,Conservatives for America,Ragnar Research Partners,517.0,Ragnar Research Partners,,,Live Phone,,NC,3/10/26,3/12/26,,,,7b44936e-4518-4010-a89e-e043e89e104b,400.0,lv,,lv,,4/29/26 08:44,,https://punchbowl.news/article/campaigns/bad-gop-polls/,,,,,,REP,2026,U.S. House,Fourteenth Congressional District,14.0,2026-11-03,general,REP,48.0,Moore (Tim),Tim Moore,7a66fd59-754b-4054-a8a7-189786425d35,8a78a73f-082c-466a-a1b1-c7c07ec0b624,,,
1818,5d96c614-598b-4b8c-8aff-d5f8fdb5edcf,515110ac-affe-4b0c-a37c-3fb9aad38004,Global Strategy Group,,,Global Strategy Group,118.0,Global Strategy Group,,,,,PA,3/19/26,3/22/26,,Bob Harvie,DEM,bbcef5dd-6128-4251-a3f8-eb4290be962f,400.0,lv,,lv,,3/31/26 14:53,,https://www.politicspa.com/can-bob-harvie-end-brian-fitzpatricks-tenure-in-congress/146005/,,,,,,DEM,2026,U.S. House,First Congressional District,1.0,2026-11-03,general,DEM,42.0,Harvie,Bob Harvie,0c92ac05-1f5d-4965-8386-f15eb41efe83,74b4585d-53eb-4f7c-b06a-39f485261149,,,
1819,5d96c614-598b-4b8c-8aff-d5f8fdb5edcf,515110ac-affe-4b0c-a37c-3fb9aad38004,Global Strategy Group,,,Global Strategy Group,118.0,Global Strategy Group,,,,,PA,3/19/26,3/22/26,,Bob Harvie,DEM,bbcef5dd-6128-4251-a3f8-eb4290be962f,400.0,lv,,lv,,3/31/26 14:53,,https://www.politicspa.com/can-bob-harvie-end-brian-fitzpatricks-tenure-in-congress/146005/,,,,,,DEM,2026,U.S. House,First Congressional District,1.0,2026-11-03,general,REP,48.0,Fitzpatrick,Brian Fitzpatrick,584a3719-e37f-4a74-aa2a-9336ae0b0875,74b4585d-53eb-4f7c-b06a-39f485261149,,,
1867,bce726e0-e48f-4680-bd8d-e922ebfed748,508ef336-8100-45cc-aec5-d506b2a053b8,Impact Research,,,Impact Research,14.0,Impact Research,,,,,WI,2/12/26,2/17/26,,Rebecca Cooke,DEM,0ded03fa-00e9-4976-8e82-d28d136d39b3,500.0,lv,,lv,,3/26/26 11:24,,https://drive.google.com/file/d/1iNmbcsNYlPvxu_q6Za5CrngdWc2u3lZ4/view,,,,,,DEM,2026,U.S. House,Third Congressional District,3.0,2026-11-03,general,NONE,3.0,Don't know,Don't know,d8390906-54c4-4050-9005-4934a65fa7b1,fea86d69-2d2f-4b6e-a47d-c38aa86abe6b,,,
1868,bce726e0-e48f-4680-bd8d-e922ebfed748,508ef336-8100-45cc-aec5-d506b2a053b8,Impact Research,,,Impact Research,14.0,Impact Research,,,,,WI,2/12/26,2/17/26,,Rebecca Cooke,DEM,0ded03fa-00e9-4976-8e82-d28d136d39b3,500.0,lv,,lv,,3/26/26 11:24,,https://drive.google.com/file/d/1iNmbcsNYlPvxu_q6Za5CrngdWc2u3lZ4/view,,,,,,DEM,2026,U.S. House,Third Congressional District,3.0,2026-11-03,general,REP,48.0,Van Orden,Derrick Van Orden,17eb871a-68f4-4186-872e-afeda655ac75,fea86d69-2d2f-4b6e-a47d-c38aa86abe6b,,,
1869,bce726e0-e48f-4680-bd8d-e922ebfed748,508ef336-8100-45cc-aec5-d506b2a053b8,Impact Research,,,Impact Research,14.0,Impact Research,,,,,WI,2/12/26,2/17/26,,Rebecca Cooke,DEM,0ded03fa-00e9-4976-8e82-d28d136d39b3,500.0,lv,,lv,,3/26/26 11:24,,https://drive.google.com/file/d/1iNmbcsNYlPvxu_q6Za5CrngdWc2u3lZ4/view,,,,,,DEM,2026,U.S. House,Third Congressional District,3.0,2026-11-03,general,DEM,49.0,Cooke,Rebecca Cooke,3926b9aa-7293-4a01-a403-e8f90ec44694,fea86d69-2d2f-4b6e-a47d-c38aa86abe6b,,,
1905,d7616879-a233-45d2-ac0f-5d506dbc64a3,8ae50356-cd55-458f-bd0c-297e307c84eb,St. Anselm,,,St. Anselm,494.0,Saint Anselm College Survey Center,,,,,NH,3/16/26,3/18/26,,,,4a73f8cd-f915-47c0-8b5d-c3811ff9a8e1,739.0,rv,,rv,,3/24/26 08:28,,https://www.anselm.edu/about/anselmian-hub/news/new-poll-saint-anselm-college-survey-shows-democrats-gaining-ground-republicans-face-political-headwinds,,,,,,,2026,U.S. House,Second Congressional District,2.0,2026-11-03,general,NONE,16.0,Don't know,Don't know,d8390906-54c4-4050-9005-4934a65fa7b1,10137906-94cd-42be-933a-74f28309d24f,,,
1906,d7616879-a233-45d2-ac0f-5d506dbc64a3,8ae50356-cd55-458f-bd0c-297e307c84eb,St. Anselm,,,St. Anselm,494.0,Saint Anselm College Survey Center,,,,,NH,3/16/26,3/18/26,,,,4a73f8cd-f915-47c0-8b5d-c3811ff9a8e1,739.0,rv,,rv,,3/24/26 08:28,,https://www.anselm.edu/about/anselmian-hub/news/new-poll-saint-anselm-college-survey-shows-democrats-gaining-ground-republicans-face-political-headwinds,,,,,,,2026,U.S. House,Second Congressional District,2.0,2026-11-03,general,DEM,48.0,Goodlander,Maggie Goodlander,72bb0ec2-2038-4dd0-8f85-be1591b34dd4,10137906-94cd-42be-933a-74f28309d24f,,,
1907,d7616879-a233-45d2-ac0f-5d506dbc64a3,8ae50356-cd55-458f-bd0c-297e307c84eb,St. Anselm,,,St. Anselm,494.0,Saint Anselm College Survey Center,,,,,NH,3/16/26,3/18/26,,,,4a73f8cd-f915-47c0-8b5d-c3811ff9a8e1,739.0,rv,,rv,,3/24/26 08:28,,https://www.anselm.edu/about/anselmian-hub/news/new-poll-saint-anselm-college-survey-shows-democrats-gaining-ground-republicans-face-political-headwinds,,,,,,,2026,U.S. House,Second Congressional District,2.0,2026-11-03,general,REP,36.0,Williams (Lily Tang),Lily Tang Williams,5ed0f675-a148-4165-ba2f-079c83384e24,10137906-94cd-42be-933a-74f28309d24f,,,
2031,06f1b1a2-e085-4f27-a4f3-c7f346bdc6c3,9b245451-0334-4f8c-909e-b48d602feb76,Public Policy Polling,20c85a44-ad67-4d54-82bd-b78cdcaf9ad8,House Majority PAC,Public Policy Polling,263.0,Public Policy Polling,,,,,TX,3/10/26,3/11/26,,,,e3ae7c48-e4ed-46e0-8087-c5aa5d9dadc1,521.0,rv,,rv,,3/12/26 09:14,,https://www.texastribune.org/2026/03/12/brandon-herrera-democrats-texas-23rd-congressional-district-tony-gonzales/,,,,,,DEM,2026,U.S. House,Twenty-third congressional district,23.0,2026-11-03,general,NONE,18.0,Don't know,Don't know,d8390906-54c4-4050-9005-4934a65fa7b1,099fb232-2dd9-4d54-98a2-2795645c8798,,,
2032,06f1b1a2-e085-4f27-a4f3-c7f346bdc6c3,9b245451-0334-4f8c-909e-b48d602feb76,Public Policy Polling,20c85a44-ad67-4d54-82bd-b78cdcaf9ad8,House Majority PAC,Public Policy Polling,263.0,Public Policy Polling,,,,,TX,3/10/26,3/11/26,,,,e3ae7c48-e4ed-46e0-8087-c5aa5d9dadc1,521.0,rv,,rv,,3/12/26 09:14,,https://www.texastribune.org/2026/03/12/brandon-herrera-democrats-texas-23rd-congressional-district-tony-gonzales/,,,,,,DEM,2026,U.S. House,Twenty-third congressional district,23.0,2026-11-03,general,REP,42.0,Herrera,Brandon Herrera,382603b7-50b9-4548-84b8-83c25f715053,099fb232-2dd9-4d54-98a2-2795645c8798,,,
2033,06f1b1a2-e085-4f27-a4f3-c7f346bdc6c3,9b245451-0334-4f8c-909e-b48d602feb76,Public Policy Polling,20c85a44-ad67-4d54-82bd-b78cdcaf9ad8,House Majority PAC,Public Policy Polling,263.0,Public Policy Polling,,,,,TX,3/10/26,3/11/26,,,,e3ae7c48-e4ed-46e0-8087-c5aa5d9dadc1,521.0,rv,,rv,,3/12/26 09:14,,https://www.texastribune.org/2026/03/12/brandon-herrera-democrats-texas-23rd-congressional-district-tony-gonzales/,,,,,,DEM,2026,U.S. House,Twenty-third congressional district,23.0,2026-11-03,general,DEM,40.0,Padilla Stout,Katy Padilla Stout,daa8e81e-958a-4087-a522-283e25af8b3b,099fb232-2dd9-4d54-98a2-2795645c8798,,,
2340,5689d9df-5f0f-4060-bbe2-6543a6a67a9e,a18ec25b-ef6c-44ce-84b1-e5d59b798228,University of New Hampshire,,,University of New Hampshire,357.0,University of New Hampshire Survey Center,,,Probability Panel,,ME,2/12/26,2/16/26,,,,816b9220-928f-482b-8fdf-4dcf0d632784,520.0,lv,,lv,,2/24/26 12:13,,https://scholars.unh.edu/survey_center_polls/930/,,,,,,,2026,U.S. House,Second Congressional District,2.0,2026-11-03,general,NONE,6.0,Don't know,Don't know,d8390906-54c4-4050-9005-4934a65fa7b1,c587aa21-f06f-47d6-ae64-ebbd9d0a43d7,,,
2341,5689d9df-5f0f-4060-bbe2-6543a6a67a9e,a18ec25b-ef6c-44ce-84b1-e5d59b798228,University of New Hampshire,,,University of New Hampshire,357.0,University of New Hampshire Survey Center,,,Probability Panel,,ME,2/12/26,2/16/26,,,,816b9220-928f-482b-8fdf-4dcf0d632784,520.0,lv,,lv,,2/24/26 12:13,,https://scholars.unh.edu/survey_center_polls/930/,,,,,,,2026,U.S. House,Second Congressional District,2.0,2026-11-03,general,NONE,0.0,Someone else,Someone else,d23503df-ca4b-41e0-807f-67f2629609ac,c587aa21-f06f-47d6-ae64-ebbd9d0a43d7,,,
2342,5689d9df-5f0f-4060-bbe2-6543a6a67a9e,a18ec25b-ef6c-44ce-84b1-e5d59b798228,University of New Hampshire,,,University of New Hampshire,357.0,University of New Hampshire Survey Center,,,Probability Panel,,ME,2/12/26,2/16/26,,,,816b9220-928f-482b-8fdf-4dcf0d632784,520.0,lv,,lv,,2/24/26 12:13,,https://scholars.unh.edu/survey_center_polls/930/,,,,,,,2026,U.S. House,Second Congressional District,2.0,2026-11-03,general,REP,47.0,LePage,Paul R. LePage,94436f81-105d-46a1-a241-ed6f9c76a03b,c587aa21-f06f-47d6-ae64-ebbd9d0a43d7,,,
2343,5689d9df-5f0f-4060-bbe2-6543a6a67a9e,a18ec25b-ef6c-44ce-84b1-e5d59b798228,University of New Hampshire,,,University of New Hampshire,357.0,University of New Hampshire Survey Center,,,Probability Panel,,ME,2/12/26,2/16/26,,,,816b9220-928f-482b-8fdf-4dcf0d632784,520.0,lv,,lv,,2/24/26 12:13,,https://scholars.unh.edu/survey_center_polls/930/,,,,,,,2026,U.S. House,Second Congressional District,2.0,2026-11-03,general,DEM,46.0,Dunlap,Matt Dunlap,cd0278bb-3af0-435a-9abd-8ec4471c32df,c587aa21-f06f-47d6-ae64-ebbd9d0a43d7,,,
2400,9cb6e02e-12c1-4147-b7a0-1f4dbd94529e,9b245451-0334-4f8c-909e-b48d602feb76,Public Policy Polling,,,Public Policy Polling,263.0,Public Policy Polling,,,,,AK,2/11/26,2/12/26,,Bill Hill,IND,cfd70950-b448-414b-b6f7-6fb1c1a9a901,600.0,lv,,lv,,2/20/26 12:46,,https://hub.nationaljournal.com/new-maps-for-new-york-1?ecid=ACsprvtXCGX_y5aGgL4GVYyMV9Pj7_5mYOX-Ecv59TfcWhUAkRfvxk8ydNp1f2W6B11HWiXOKD8M&utm_campaign=36387909-%5BNJ%5D%202026%20Wake%20Up%20Call&utm_medium=email&_hsenc=p2ANqtz--ypdqFzjt6YlQeSvcQ2L6ur-f3dfrpC3LBhtrLZ4qbOePmR8uo6p_Cyj44MVGYrw4Q0nK8jceKiqibg_VZpQlb2qLJhFLgjXeX0K4fwp0NAbfnvxU&_hsmi=404722735&utm_content=404722735&utm_source=hs_email,,,,,,IND,2026,U.S. House,First Congressional District,1.0,2026-11-03,general,NONE,22.0,Don't know,Don't know,d8390906-54c4-4050-9005-4934a65fa7b1,1a6333ce-cb11-4484-9abc-8b4e93aef172,,,
2401,9cb6e02e-12c1-4147-b7a0-1f4dbd94529e,9b245451-0334-4f8c-909e-b48d602feb76,Public Policy Polling,,,Public Policy Polling,263.0,Public Policy Polling,,,,,AK,2/11/26,2/12/26,,Bill Hill,IND,cfd70950-b448-414b-b6f7-6fb1c1a9a901,600.0,lv,,lv,,2/20/26 12:46,,https://hub.nationaljournal.com/new-maps-for-new-york-1?ecid=ACsprvtXCGX_y5aGgL4GVYyMV9Pj7_5mYOX-Ecv59TfcWhUAkRfvxk8ydNp1f2W6B11HWiXOKD8M&utm_campaign=36387909-%5BNJ%5D%202026%20Wake%20Up%20Call&utm_medium=email&_hsenc=p2ANqtz--ypdqFzjt6YlQeSvcQ2L6ur-f3dfrpC3LBhtrLZ4qbOePmR8uo6p_Cyj44MVGYrw4Q0nK8jceKiqibg_VZpQlb2qLJhFLgjXeX0K4fwp0NAbfnvxU&_hsmi=404722735&utm_content=404722735&utm_source=hs_email,,,,,,IND,2026,U.S. House,First Congressional District,1.0,2026-11-03,general,IND,37.0,Hill (Bill),Bill Hill,c9e37458-54c0-482a-a091-04abe8757f0f,1a6333ce-cb11-4484-9abc-8b4e93aef172,,,
2402,9cb6e02e-12c1-4147-b7a0-1f4dbd94529e,9b245451-0334-4f8c-909e-b48d602feb76,Public Policy Polling,,,Public Policy Polling,263.0,Public Policy Polling,,,,,AK,2/11/26,2/12/26,,Bill Hill,IND,cfd70950-b448-414b-b6f7-6fb1c1a9a901,600.0,lv,,lv,,2/20/26 12:46,,https://hub.nationaljournal.com/new-maps-for-new-york-1?ecid=ACsprvtXCGX_y5aGgL4GVYyMV9Pj7_5mYOX-Ecv59TfcWhUAkRfvxk8ydNp1f2W6B11HWiXOKD8M&utm_campaign=36387909-%5BNJ%5D%202026%20Wake%20Up%20Call&utm_medium=email&_hsenc=p2ANqtz--ypdqFzjt6YlQeSvcQ2L6ur-f3dfrpC3LBhtrLZ4qbOePmR8uo6p_Cyj44MVGYrw4Q0nK8jceKiqibg_VZpQlb2qLJhFLgjXeX0K4fwp0NAbfnvxU&_hsmi=404722735&utm_content=404722735&utm_source=hs_email,,,,,,IND,2026,U.S. House,First Congressional District,1.0,2026-11-03,general,REP,41.0,Begich,Nick Begich,355f0e52-2168-443a-bc55-a51d707b19a6,1a6333ce-cb11-4484-9abc-8b4e93aef172,,,
2671,20012cfb-ab35-4259-9d47-328c107cf770,9b245451-0334-4f8c-909e-b48d602feb76,Public Policy Polling,,,Public Policy Polling,263.0,Public Policy Polling,,,,,MN,2/2/26,2/3/26,,Jake Johnson,DEM,ad67e95f-a140-481e-8672-a9120ae30f46,708.0,rv,,rv,,2/9/26 10:24,,https://www.politico.com/newsletters/weekly-score/2026/02/09/the-big-ads-from-the-big-game-00770981,,,,,,DEM,2026,U.S. House,First Congressional District,1.0,2026-11-03,general,NONE,15.0,Don't know,Don't know,d8390906-54c4-4050-9005-4934a65fa7b1,f5eea5b5-b636-4540-b741-58694bf575cb,,,
2672,20012cfb-ab35-4259-9d47-328c107cf770,9b245451-0334-4f8c-909e-b48d602feb76,Public Policy Polling,,,Public Policy Polling,263.0,Public Policy Polling,,,,,MN,2/2/26,2/3/26,,Jake Johnson,DEM,ad67e95f-a140-481e-8672-a9120ae30f46,708.0,rv,,rv,,2/9/26 10:24,,https://www.politico.com/newsletters/weekly-score/2026/02/09/the-big-ads-from-the-big-game-00770981,,,,,,DEM,2026,U.S. House,First Congressional District,1.0,2026-11-03,general,DEM,41.0,Johnson (Jake),Jake Johnson,176bffcd-9c9e-4379-a3bc-99fbdb7726e5,f5eea5b5-b636-4540-b741-58694bf575cb,,,
2673,20012cfb-ab35-4259-9d47-328c107cf770,9b245451-0334-4f8c-909e-b48d602feb76,Public Policy Polling,,,Public Policy Polling,263.0,Public Policy Polling,,,,,MN,2/2/26,2/3/26,,Jake Johnson,DEM,ad67e95f-a140-481e-8672-a9120ae30f46,708.0,rv,,rv,,2/9/26 10:24,,https://www.politico.com/newsletters/weekly-score/2026/02/09/the-big-ads-from-the-big-game-00770981,,,,,,DEM,2026,U.S. House,First Congressional District,1.0,2026-11-03,general,REP,44.0,Finstad,Brad Finstad,43d4a8ea-c51b-453c-b3f7-64cd7fc6f903,f5eea5b5-b636-4540-b741-58694bf575cb,,,
2802,f93e7e0b-ac53-45cd-b753-fb628b1246d0,a18ec25b-ef6c-44ce-84b1-e5d59b798228,University of New Hampshire,,,University of New Hampshire,357.0,University of New Hampshire Survey Center,,,Probability Panel,,NH,1/15/26,1/19/26,,,,38092adc-f38b-4e47-8ddd-17a5e132b479,1094.0,lv,,lv,,1/21/26 12:52,,https://scholars.unh.edu/survey_center_polls/922/,,,,,,,2026,U.S. House,Second Congressional District,2.0,2026-11-03,general,NONE,3.0,Don't know,Don't know,d8390906-54c4-4050-9005-4934a65fa7b1,10137906-94cd-42be-933a-74f28309d24f,,,
2803,f93e7e0b-ac53-45cd-b753-fb628b1246d0,a18ec25b-ef6c-44ce-84b1-e5d59b798228,University of New Hampshire,,,University of New Hampshire,357.0,University of New Hampshire Survey Center,,,Probability Panel,,NH,1/15/26,1/19/26,,,,38092adc-f38b-4e47-8ddd-17a5e132b479,1094.0,lv,,lv,,1/21/26 12:52,,https://scholars.unh.edu/survey_center_polls/922/,,,,,,,2026,U.S. House,Second Congressional District,2.0,2026-11-03,general,NONE,2.0,Someone else,Someone else,d23503df-ca4b-41e0-807f-67f2629609ac,10137906-94cd-42be-933a-74f28309d24f,,,
2804,f93e7e0b-ac53-45cd-b753-fb628b1246d0,a18ec25b-ef6c-44ce-84b1-e5d59b798228,University of New Hampshire,,,University of New Hampshire,357.0,University of New Hampshire Survey Center,,,Probability Panel,,NH,1/15/26,1/19/26,,,,38092adc-f38b-4e47-8ddd-17a5e132b479,1094.0,lv,,lv,,1/21/26 12:52,,https://scholars.unh.edu/survey_center_polls/922/,,,,,,,2026,U.S. House,Second Congressional District,2.0,2026-11-03,general,REP,40.0,Williams (Lily Tang),Lily Tang Williams,5ed0f675-a148-4165-ba2f-079c83384e24,10137906-94cd-42be-933a-74f28309d24f,,,
2805,f93e7e0b-ac53-45cd-b753-fb628b1246d0,a18ec25b-ef6c-44ce-84b1-e5d59b798228,University of New Hampshire,,,University of New Hampshire,357.0,University of New Hampshire Survey Center,,,Probability Panel,,NH,1/15/26,1/19/26,,,,38092adc-f38b-4e47-8ddd-17a5e132b479,1094.0,lv,,lv,,1/21/26 12:52,,https://scholars.unh.edu/survey_center_polls/922/,,,,,,,2026,U.S. House,Second Congressional District,2.0,2026-11-03,general,DEM,54.0,Goodlander,Maggie Goodlander,72bb0ec2-2038-4dd0-8f85-be1591b34dd4,10137906-94cd-42be-933a-74f28309d24f,,,
2833,24096bf7-3cb0-468d-8b3a-ffd12207d155,8ae50356-cd55-458f-bd0c-297e307c84eb,St. Anselm,,,St. Anselm,494.0,Saint Anselm College Survey Center,,,,,NH,8/26/25,8/27/25,,,,29a202f9-cfc5-496b-8261-3e672cce0c06,881.0,rv,,rv,,1/20/26 09:36,,https://www.anselm.edu/about/anselmian-hub/news/new-saint-anselm-college-survey-center-poll-reveals-shifting-political-landscape-ahead-2028-primary,,,,,,,2026,U.S. House,Second Congressional District,2.0,2026-11-03,general,NONE,20.0,Don't know,Don't know,d8390906-54c4-4050-9005-4934a65fa7b1,10137906-94cd-42be-933a-74f28309d24f,,,
2834,24096bf7-3cb0-468d-8b3a-ffd12207d155,8ae50356-cd55-458f-bd0c-297e307c84eb,St. Anselm,,,St. Anselm,494.0,Saint Anselm College Survey Center,,,,,NH,8/26/25,8/27/25,,,,29a202f9-cfc5-496b-8261-3e672cce0c06,881.0,rv,,rv,,1/20/26 09:36,,https://www.anselm.edu/about/anselmian-hub/news/new-saint-anselm-college-survey-center-poll-reveals-shifting-political-landscape-ahead-2028-primary,,,,,,,2026,U.S. House,Second Congressional District,2.0,2026-11-03,general,REP,31.0,Williams (Lily Tang),Lily Tang Williams,5ed0f675-a148-4165-ba2f-079c83384e24,10137906-94cd-42be-933a-74f28309d24f,,,
2835,24096bf7-3cb0-468d-8b3a-ffd12207d155,8ae50356-cd55-458f-bd0c-297e307c84eb,St. Anselm,,,St. Anselm,494.0,Saint Anselm College Survey Center,,,,,NH,8/26/25,8/27/25,,,,29a202f9-cfc5-496b-8261-3e672cce0c06,881.0,rv,,rv,,1/20/26 09:36,,https://www.anselm.edu/about/anselmian-hub/news/new-saint-anselm-college-survey-center-poll-reveals-shifting-political-landscape-ahead-2028-primary,,,,,,,2026,U.S. House,Second Congressional District,2.0,2026-11-03,general,DEM,49.0,Goodlander,Maggie Goodlander,72bb0ec2-2038-4dd0-8f85-be1591b34dd4,10137906-94cd-42be-933a-74f28309d24f,,,
2861,0208a971-f1c8-4f04-aae8-2acbc265a583,8ae50356-cd55-458f-bd0c-297e307c84eb,St. Anselm,,,St. Anselm,494.0,Saint Anselm College Survey Center,,,,,NH,11/18/25,11/19/25,,,,5ab93d8c-0f9c-42c9-963c-a23e40a5e9b4,1102.0,rv,,rv,,1/20/26 09:35,,https://www.anselm.edu/about/anselmian-hub/news/new-poll-saint-anselm-college-survey-shows-declining-optimism-democracy-dominant-issue-and-early-partisan-divides-ahead-2026,,,,,,,2026,U.S. House,Second Congressional District,2.0,2026-11-03,general,NONE,25.0,Don't know,Don't know,d8390906-54c4-4050-9005-4934a65fa7b1,10137906-94cd-42be-933a-74f28309d24f,,,
2862,0208a971-f1c8-4f04-aae8-2acbc265a583,8ae50356-cd55-458f-bd0c-297e307c84eb,St. Anselm,,,St. Anselm,494.0,Saint Anselm College Survey Center,,,,,NH,11/18/25,11/19/25,,,,5ab93d8c-0f9c-42c9-963c-a23e40a5e9b4,1102.0,rv,,rv,,1/20/26 09:35,,https://www.anselm.edu/about/anselmian-hub/news/new-poll-saint-anselm-college-survey-shows-declining-optimism-democracy-dominant-issue-and-early-partisan-divides-ahead-2026,,,,,,,2026,U.S. House,Second Congressional District,2.0,2026-11-03,general,REP,35.0,Williams (Lily Tang),Lily Tang Williams,5ed0f675-a148-4165-ba2f-079c83384e24,10137906-94cd-42be-933a-74f28309d24f,,,
2863,0208a971-f1c8-4f04-aae8-2acbc265a583,8ae50356-cd55-458f-bd0c-297e307c84eb,St. Anselm,,,St. Anselm,494.0,Saint Anselm College Survey Center,,,,,NH,11/18/25,11/19/25,,,,5ab93d8c-0f9c-42c9-963c-a23e40a5e9b4,1102.0,rv,,rv,,1/20/26 09:35,,https://www.anselm.edu/about/anselmian-hub/news/new-poll-saint-anselm-college-survey-shows-declining-optimism-democracy-dominant-issue-and-early-partisan-divides-ahead-2026,,,,,,,2026,U.S. House,Second Congressional District,2.0,2026-11-03,general,DEM,40.0,Goodlander,Maggie Goodlander,72bb0ec2-2038-4dd0-8f85-be1591b34dd4,10137906-94cd-42be-933a-74f28309d24f,,,
2871,ee58b3cf-d675-4c2c-be68-38bb27afb90b,a18ec25b-ef6c-44ce-84b1-e5d59b798228,University of New Hampshire,,,University of New Hampshire,357.0,University of New Hampshire Survey Center,,,Probability Panel,,NH,9/17/25,9/23/25,,,,aeeafceb-7547-40bc-91ac-aef6adf6100c,508.0,lv,,lv,,1/20/26 09:30,,https://scholars.unh.edu/cgi/viewcontent.cgi?article=1887&context=survey_center_polls,,,,,,,2026,U.S. House,Second Congressional District,2.0,2026-11-03,general,NONE,8.0,Don't know,Don't know,d8390906-54c4-4050-9005-4934a65fa7b1,10137906-94cd-42be-933a-74f28309d24f,,,
2872,ee58b3cf-d675-4c2c-be68-38bb27afb90b,a18ec25b-ef6c-44ce-84b1-e5d59b798228,University of New Hampshire,,,University of New Hampshire,357.0,University of New Hampshire Survey Center,,,Probability Panel,,NH,9/17/25,9/23/25,,,,aeeafceb-7547-40bc-91ac-aef6adf6100c,508.0,lv,,lv,,1/20/26 09:30,,https://scholars.unh.edu/cgi/viewcontent.cgi?article=1887&context=survey_center_polls,,,,,,,2026,U.S. House,Second Congressional District,2.0,2026-11-03,general,NONE,2.0,Someone else,Someone else,d23503df-ca4b-41e0-807f-67f2629609ac,10137906-94cd-42be-933a-74f28309d24f,,,
2873,ee58b3cf-d675-4c2c-be68-38bb27afb90b,a18ec25b-ef6c-44ce-84b1-e5d59b798228,University of New Hampshire,,,University of New Hampshire,357.0,University of New Hampshire Survey Center,,,Probability Panel,,NH,9/17/25,9/23/25,,,,aeeafceb-7547-40bc-91ac-aef6adf6100c,508.0,lv,,lv,,1/20/26 09:30,,https://scholars.unh.edu/cgi/viewcontent.cgi?article=1887&context=survey_center_polls,,,,,,,2026,U.S. House,Second Congressional District,2.0,2026-11-03,general,REP,39.0,Williams (Lily Tang),Lily Tang Williams,5ed0f675-a148-4165-ba2f-079c83384e24,10137906-94cd-42be-933a-74f28309d24f,,,
2874,ee58b3cf-d675-4c2c-be68-38bb27afb90b,a18ec25b-ef6c-44ce-84b1-e5d59b798228,University of New Hampshire,,,University of New Hampshire,357.0,University of New Hampshire Survey Center,,,Probability Panel,,NH,9/17/25,9/23/25,,,,aeeafceb-7547-40bc-91ac-aef6adf6100c,508.0,lv,,lv,,1/20/26 09:30,,https://scholars.unh.edu/cgi/viewcontent.cgi?article=1887&context=survey_center_polls,,,,,,,2026,U.S. House,Second Congressional District,2.0,2026-11-03,general,DEM,51.0,Goodlander,Maggie Goodlander,72bb0ec2-2038-4dd0-8f85-be1591b34dd4,10137906-94cd-42be-933a-74f28309d24f,,,
2966,c4ac660b-506e-4108-8384-f898c7ca6c39,9b245451-0334-4f8c-909e-b48d602feb76,Public Policy Polling,20c85a44-ad67-4d54-82bd-b78cdcaf9ad8,House Majority PAC,Public Policy Polling,263.0,Public Policy Polling,,,,,NY,12/10/25,12/11/25,,,,8e84dd24-3cf0-4fea-bb76-3381e9321340,579.0,rv,,rv,,1/8/26 09:11,,https://www.politico.com/newsletters/new-york-playbook/2026/01/08/lefty-showdown-to-fill-la-luchadoras-seat-00715779,,,,,,DEM,2026,U.S. House,First Congressional District,1.0,2026-11-03,general,NONE,20.0,Don't know,Don't know,d8390906-54c4-4050-9005-4934a65fa7b1,a823fe3e-a1b1-4112-a7d2-59c7eeaf3604,,,
2967,c4ac660b-506e-4108-8384-f898c7ca6c39,9b245451-0334-4f8c-909e-b48d602feb76,Public Policy Polling,20c85a44-ad67-4d54-82bd-b78cdcaf9ad8,House Majority PAC,Public Policy Polling,263.0,Public Policy Polling,,,,,NY,12/10/25,12/11/25,,,,8e84dd24-3cf0-4fea-bb76-3381e9321340,579.0,rv,,rv,,1/8/26 09:11,,https://www.politico.com/newsletters/new-york-playbook/2026/01/08/lefty-showdown-to-fill-la-luchadoras-seat-00715779,,,,,,DEM,2026,U.S. House,First Congressional District,1.0,2026-11-03,general,REP,41.0,LaLota,Nicholas J. LaLota,a037ed39-4525-416d-b56f-16808207ff2d,a823fe3e-a1b1-4112-a7d2-59c7eeaf3604,,,
2968,c4ac660b-506e-4108-8384-f898c7ca6c39,9b245451-0334-4f8c-909e-b48d602feb76,Public Policy Polling,20c85a44-ad67-4d54-82bd-b78cdcaf9ad8,House Majority PAC,Public Policy Polling,263.0,Public Policy Polling,,,,,NY,12/10/25,12/11/25,,,,8e84dd24-3cf0-4fea-bb76-3381e9321340,579.0,rv,,rv,,1/8/26 09:11,,https://www.politico.com/newsletters/new-york-playbook/2026/01/08/lefty-showdown-to-fill-la-luchadoras-seat-00715779,,,,,,DEM,2026,U.S. House,First Congressional District,1.0,2026-11-03,general,DEM,38.0,Gallant,Chris Gallant,9eab1b40-d80b-4e83-8009-90f1f8db7298,a823fe3e-a1b1-4112-a7d2-59c7eeaf3604,,,
3333,db1320e1-5ce9-4b6f-ad1f-2ea125a9b89c,9b245451-0334-4f8c-909e-b48d602feb76,Public Policy Polling,bd2d81c5-90d7-48f2-b3be-ce57b919534f,Republicans Against Perry,Public Policy Polling,263.0,Public Policy Polling,,,,,PA,11/18/25,11/19/25,,,,cab723ea-2ec1-498b-b1a4-7075565619b1,549.0,rv,,rv,,12/3/25 17:29,,https://www.pennlive.com/politics/2025/12/rep-perry-underwater-with-voters-on-job-approval-trails-democrat-who-wants-to-unseat-him-poll.html,,,,,,,2026,U.S. House,Tenth Congressional District,10.0,2026-11-03,general,REP,44.0,Perry (Scott),Scott Perry,b86b31f9-634f-4540-b51d-8f908cea6054,7a73a2bb-7253-43a0-bb03-78ae58794086,,,
3334,db1320e1-5ce9-4b6f-ad1f-2ea125a9b89c,9b245451-0334-4f8c-909e-b48d602feb76,Public Policy Polling,bd2d81c5-90d7-48f2-b3be-ce57b919534f,Republicans Against Perry,Public Policy Polling,263.0,Public Policy Polling,,,,,PA,11/18/25,11/19/25,,,,cab723ea-2ec1-498b-b1a4-7075565619b1,549.0,rv,,rv,,12/3/25 17:29,,https://www.pennlive.com/politics/2025/12/rep-perry-underwater-with-voters-on-job-approval-trails-democrat-who-wants-to-unseat-him-poll.html,,,,,,,2026,U.S. House,Tenth Congressional District,10.0,2026-11-03,general,DEM,48.0,Stelson,Janelle Stelson,5993bbd9-e908-4cff-b14a-c443047d563e,7a73a2bb-7253-43a0-bb03-78ae58794086,,,
3692,98ca77f6-ec80-4dfa-930b-89b1260ee9c3,9b245451-0334-4f8c-909e-b48d602feb76,Public Policy Polling,20c85a44-ad67-4d54-82bd-b78cdcaf9ad8,House Majority PAC,Public Policy Polling,263.0,Public Policy Polling,,,,,AZ,10/14/25,10/15/25,,,,648e3f2f-fd7d-4066-8a30-068001aac5d8,581.0,rv,,rv,,10/20/25 11:05,,https://www.politico.com/newsletters/weekly-score/2025/10/20/how-one-dem-group-is-rethinking-canvassing-00615012,,,,,,DEM,2026,U.S. House,Sixth Congressional District,6.0,2026-11-03,general,NONE,17.0,Don't know,Don't know,d8390906-54c4-4050-9005-4934a65fa7b1,90e3f158-3164-4cac-92c9-02f999843e75,,,
3693,98ca77f6-ec80-4dfa-930b-89b1260ee9c3,9b245451-0334-4f8c-909e-b48d602feb76,Public Policy Polling,20c85a44-ad67-4d54-82bd-b78cdcaf9ad8,House Majority PAC,Public Policy Polling,263.0,Public Policy Polling,,,,,AZ,10/14/25,10/15/25,,,,648e3f2f-fd7d-4066-8a30-068001aac5d8,581.0,rv,,rv,,10/20/25 11:05,,https://www.politico.com/newsletters/weekly-score/2025/10/20/how-one-dem-group-is-rethinking-canvassing-00615012,,,,,,DEM,2026,U.S. House,Sixth Congressional District,6.0,2026-11-03,general,DEM,42.0,Mendoza (JoAnna),JoAnna Mendoza,2d32516c-60c4-4673-9675-6558e1b4a45f,90e3f158-3164-4cac-92c9-02f999843e75,,,
3694,98ca77f6-ec80-4dfa-930b-89b1260ee9c3,9b245451-0334-4f8c-909e-b48d602feb76,Public Policy Polling,20c85a44-ad67-4d54-82bd-b78cdcaf9ad8,House Majority PAC,Public Policy Polling,263.0,Public Policy Polling,,,,,AZ,10/14/25,10/15/25,,,,648e3f2f-fd7d-4066-8a30-068001aac5d8,581.0,rv,,rv,,10/20/25 11:05,,https://www.politico.com/newsletters/weekly-score/2025/10/20/how-one-dem-group-is-rethinking-canvassing-00615012,,,,,,DEM,2026,U.S. House,Sixth Congressional District,6.0,2026-11-03,general,REP,41.0,Ciscomani,Juan Ciscomani,13475449-5785-4ebf-b4c2-d4210aae3062,90e3f158-3164-4cac-92c9-02f999843e75,,,
3695,3b163a5c-b7cc-4b36-a82c-77aa3f721cd3,9b245451-0334-4f8c-909e-b48d602feb76,Public Policy Polling,20c85a44-ad67-4d54-82bd-b78cdcaf9ad8,House Majority PAC,Public Policy Polling,263.0,Public Policy Polling,,,,,WI,10/14/25,10/15/25,,,,82ed310e-4d2b-40a4-ac62-95a0f1708fd8,609.0,rv,,rv,,10/20/25 11:04,,https://www.politico.com/newsletters/weekly-score/2025/10/20/how-one-dem-group-is-rethinking-canvassing-00615012,,,,,,DEM,2026,U.S. House,Third Congressional District,3.0,2026-11-03,general,NONE,13.0,Don't know,Don't know,d8390906-54c4-4050-9005-4934a65fa7b1,fea86d69-2d2f-4b6e-a47d-c38aa86abe6b,,,
3696,3b163a5c-b7cc-4b36-a82c-77aa3f721cd3,9b245451-0334-4f8c-909e-b48d602feb76,Public Policy Polling,20c85a44-ad67-4d54-82bd-b78cdcaf9ad8,House Majority PAC,Public Policy Polling,263.0,Public Policy Polling,,,,,WI,10/14/25,10/15/25,,,,82ed310e-4d2b-40a4-ac62-95a0f1708fd8,609.0,rv,,rv,,10/20/25 11:04,,https://www.politico.com/newsletters/weekly-score/2025/10/20/how-one-dem-group-is-rethinking-canvassing-00615012,,,,,,DEM,2026,U.S. House,Third Congressional District,3.0,2026-11-03,general,REP,42.0,Van Orden,Derrick Van Orden,17eb871a-68f4-4186-872e-afeda655ac75,fea86d69-2d2f-4b6e-a47d-c38aa86abe6b,,,
3697,3b163a5c-b7cc-4b36-a82c-77aa3f721cd3,9b245451-0334-4f8c-909e-b48d602feb76,Public Policy Polling,20c85a44-ad67-4d54-82bd-b78cdcaf9ad8,House Majority PAC,Public Policy Polling,263.0,Public Policy Polling,,,,,WI,10/14/25,10/15/25,,,,82ed310e-4d2b-40a4-ac62-95a0f1708fd8,609.0,rv,,rv,,10/20/25 11:04,,https://www.politico.com/newsletters/weekly-score/2025/10/20/how-one-dem-group-is-rethinking-canvassing-00615012,,,,,,DEM,2026,U.S. House,Third Congressional District,3.0,2026-11-03,general,DEM,44.0,Cooke,Rebecca Cooke,3926b9aa-7293-4a01-a403-e8f90ec44694,fea86d69-2d2f-4b6e-a47d-c38aa86abe6b,,,
3753,b8d528af-4b84-445f-ad55-b588dc1734df,9b245451-0334-4f8c-909e-b48d602feb76,Public Policy Polling,,,Public Policy Polling,263.0,Public Policy Polling,,,,,PA,10/10/25,10/11/25,,Bob Harvie,DEM,9d006fe6-671f-4149-ab20-c1c6acada253,585.0,lv,,lv,,10/16/25 09:23,,https://www.notus.org/campaigns/brian-fitzpatrick-democratic-challenger-bob-harvie-poll-race,,,,,,DEM,2026,U.S. House,First Congressional District,1.0,2026-11-03,general,NONE,19.0,Don't know,Don't know,d8390906-54c4-4050-9005-4934a65fa7b1,74b4585d-53eb-4f7c-b06a-39f485261149,,,
3754,b8d528af-4b84-445f-ad55-b588dc1734df,9b245451-0334-4f8c-909e-b48d602feb76,Public Policy Polling,,,Public Policy Polling,263.0,Public Policy Polling,,,,,PA,10/10/25,10/11/25,,Bob Harvie,DEM,9d006fe6-671f-4149-ab20-c1c6acada253,585.0,lv,,lv,,10/16/25 09:23,,https://www.notus.org/campaigns/brian-fitzpatrick-democratic-challenger-bob-harvie-poll-race,,,,,,DEM,2026,U.S. House,First Congressional District,1.0,2026-11-03,general,REP,41.0,Fitzpatrick,Brian Fitzpatrick,584a3719-e37f-4a74-aa2a-9336ae0b0875,74b4585d-53eb-4f7c-b06a-39f485261149,,,
3755,b8d528af-4b84-445f-ad55-b588dc1734df,9b245451-0334-4f8c-909e-b48d602feb76,Public Policy Polling,,,Public Policy Polling,263.0,Public Policy Polling,,,,,PA,10/10/25,10/11/25,,Bob Harvie,DEM,9d006fe6-671f-4149-ab20-c1c6acada253,585.0,lv,,lv,,10/16/25 09:23,,https://www.notus.org/campaigns/brian-fitzpatrick-democratic-challenger-bob-harvie-poll-race,,,,,,DEM,2026,U.S. House,First Congressional District,1.0,2026-11-03,general,DEM,41.0,Harvie,Bob Harvie,0c92ac05-1f5d-4965-8386-f15eb41efe83,74b4585d-53eb-4f7c-b06a-39f485261149,,,
3891,9c41309c-d9ef-4b24-8421-b17206e116a6,9b245451-0334-4f8c-909e-b48d602feb76,Public Policy Polling,20c85a44-ad67-4d54-82bd-b78cdcaf9ad8,House Majority PAC,Public Policy Polling,263.0,Public Policy Polling,,,,,TX,9/10/25,9/11/25,,,,d9042b53-b77a-4e61-ae12-595e3b8c72c5,533.0,rv,,rv,,9/18/25 12:37,,https://x.com/birenbomb/status/1968311364751077867,,,,,,DEM,2026,U.S. House,Fifteenth Congressional District,15.0,2026-11-03,general,NONE,21.0,Don't know,Don't know,d8390906-54c4-4050-9005-4934a65fa7b1,c3aca1fa-8928-4ee0-ae7a-7fcb6774d8ce,,,
3892,9c41309c-d9ef-4b24-8421-b17206e116a6,9b245451-0334-4f8c-909e-b48d602feb76,Public Policy Polling,20c85a44-ad67-4d54-82bd-b78cdcaf9ad8,House Majority PAC,Public Policy Polling,263.0,Public Policy Polling,,,,,TX,9/10/25,9/11/25,,,,d9042b53-b77a-4e61-ae12-595e3b8c72c5,533.0,rv,,rv,,9/18/25 12:37,,https://x.com/birenbomb/status/1968311364751077867,,,,,,DEM,2026,U.S. House,Fifteenth Congressional District,15.0,2026-11-03,general,DEM,38.0,Pulido,Bobby Pulido,8fc02301-1cbd-4fcb-9e6b-8f84edee9da5,c3aca1fa-8928-4ee0-ae7a-7fcb6774d8ce,,,
3893,9c41309c-d9ef-4b24-8421-b17206e116a6,9b245451-0334-4f8c-909e-b48d602feb76,Public Policy Polling,20c85a44-ad67-4d54-82bd-b78cdcaf9ad8,House Majority PAC,Public Policy Polling,263.0,Public Policy Polling,,,,,TX,9/10/25,9/11/25,,,,d9042b53-b77a-4e61-ae12-595e3b8c72c5,533.0,rv,,rv,,9/18/25 12:37,,https://x.com/birenbomb/status/1968311364751077867,,,,,,DEM,2026,U.S. House,Fifteenth Congressional District,15.0,2026-11-03,general,REP,41.0,De La Cruz,Monica De La Cruz,dd791a8d-4bce-40d4-a7d8-b19722efe75d,c3aca1fa-8928-4ee0-ae7a-7fcb6774d8ce,,,
3948,8048696d-561b-4a0c-9e5b-9d98927e1a94,9b245451-0334-4f8c-909e-b48d602feb76,Public Policy Polling,20c85a44-ad67-4d54-82bd-b78cdcaf9ad8,House Majority PAC,Public Policy Polling,263.0,Public Policy Polling,,,,,PA,8/27/25,8/28/25,,,,fcfcbe4f-d5ca-4095-96f9-9809036e9849,615.0,rv,,rv,,9/2/25 09:28,,https://www.politico.com/f/?id=00000199-0803-d5db-a5db-dd67425a0000&nname=playbook&nid=0000014f-1646-d88f-a1cf-5f46b7bd0000&nrid=4f4d3aeb-621a-47b9-a66d-d9944fed5257,,,,,,DEM,2026,U.S. House,Eighth Congressional District,8.0,2026-11-03,general,NONE,13.0,Don't know,Don't know,d8390906-54c4-4050-9005-4934a65fa7b1,4868e333-5fd2-4237-9f71-b119177aa9df,,,
3949,8048696d-561b-4a0c-9e5b-9d98927e1a94,9b245451-0334-4f8c-909e-b48d602feb76,Public Policy Polling,20c85a44-ad67-4d54-82bd-b78cdcaf9ad8,House Majority PAC,Public Policy Polling,263.0,Public Policy Polling,,,,,PA,8/27/25,8/28/25,,,,fcfcbe4f-d5ca-4095-96f9-9809036e9849,615.0,rv,,rv,,9/2/25 09:28,,https://www.politico.com/f/?id=00000199-0803-d5db-a5db-dd67425a0000&nname=playbook&nid=0000014f-1646-d88f-a1cf-5f46b7bd0000&nrid=4f4d3aeb-621a-47b9-a66d-d9944fed5257,,,,,,DEM,2026,U.S. House,Eighth Congressional District,8.0,2026-11-03,general,DEM,45.0,Cognetti,Paige Cognetti,46dada51-90dc-4e03-8ffa-77b34b259320,4868e333-5fd2-4237-9f71-b119177aa9df,,,
3950,8048696d-561b-4a0c-9e5b-9d98927e1a94,9b245451-0334-4f8c-909e-b48d602feb76,Public Policy Polling,20c85a44-ad67-4d54-82bd-b78cdcaf9ad8,House Majority PAC,Public Policy Polling,263.0,Public Policy Polling,,,,,PA,8/27/25,8/28/25,,,,fcfcbe4f-d5ca-4095-96f9-9809036e9849,615.0,rv,,rv,,9/2/25 09:28,,https://www.politico.com/f/?id=00000199-0803-d5db-a5db-dd67425a0000&nname=playbook&nid=0000014f-1646-d88f-a1cf-5f46b7bd0000&nrid=4f4d3aeb-621a-47b9-a66d-d9944fed5257,,,,,,DEM,2026,U.S. House,Eighth Congressional District,8.0,2026-11-03,general,REP,43.0,Bresnahan,Rob Bresnahan Jr.,70829706-80eb-4d94-98f7-92eb61c23138,4868e333-5fd2-4237-9f71-b119177aa9df,,,
4113,09e9ea7a-1660-4fd4-bcc9-43f9692170b8,9b245451-0334-4f8c-909e-b48d602feb76,Public Policy Polling,20c85a44-ad67-4d54-82bd-b78cdcaf9ad8,House Majority PAC,Public Policy Polling,263.0,Public Policy Polling,,,,,PA,7/10/25,7/11/25,,,,f64d04fd-a8d1-4fe8-82b5-daa848efcda5,559.0,rv,,rv,,7/14/25 10:24,,https://www.politico.com/f/?id=00000198-0716-dedb-a3ba-1f3fcb550000,,,,,,DEM,2026,U.S. House,Tenth Congressional District,10.0,2026-11-03,general,NONE,11.0,Don't know,Don't know,d8390906-54c4-4050-9005-4934a65fa7b1,7a73a2bb-7253-43a0-bb03-78ae58794086,,,
4114,09e9ea7a-1660-4fd4-bcc9-43f9692170b8,9b245451-0334-4f8c-909e-b48d602feb76,Public Policy Polling,20c85a44-ad67-4d54-82bd-b78cdcaf9ad8,House Majority PAC,Public Policy Polling,263.0,Public Policy Polling,,,,,PA,7/10/25,7/11/25,,,,f64d04fd-a8d1-4fe8-82b5-daa848efcda5,559.0,rv,,rv,,7/14/25 10:24,,https://www.politico.com/f/?id=00000198-0716-dedb-a3ba-1f3fcb550000,,,,,,DEM,2026,U.S. House,Tenth Congressional District,10.0,2026-11-03,general,REP,43.0,Perry (Scott),Scott Perry,b86b31f9-634f-4540-b51d-8f908cea6054,7a73a2bb-7253-43a0-bb03-78ae58794086,,,
4115,09e9ea7a-1660-4fd4-bcc9-43f9692170b8,9b245451-0334-4f8c-909e-b48d602feb76,Public Policy Polling,20c85a44-ad67-4d54-82bd-b78cdcaf9ad8,House Majority PAC,Public Policy Polling,263.0,Public Policy Polling,,,,,PA,7/10/25,7/11/25,,,,f64d04fd-a8d1-4fe8-82b5-daa848efcda5,559.0,rv,,rv,,7/14/25 10:24,,https://www.politico.com/f/?id=00000198-0716-dedb-a3ba-1f3fcb550000,,,,,,DEM,2026,U.S. House,Tenth Congressional District,10.0,2026-11-03,general,DEM,46.0,Stelson,Janelle Stelson,5993bbd9-e908-4cff-b14a-c443047d563e,7a73a2bb-7253-43a0-bb03-78ae58794086,,,
4163,0dfde340-4dea-40c1-8e1c-eba2fefde7ce,9b245451-0334-4f8c-909e-b48d602feb76,Public Policy Polling,20c85a44-ad67-4d54-82bd-b78cdcaf9ad8,House Majority PAC,Public Policy Polling,263.0,Public Policy Polling,,,,,IA,6/18/25,6/19/25,,,,2905147a-5226-492f-915c-3bb9b9613a02,555.0,rv,,rv,,6/23/25 13:43,,https://www.documentcloud.org/documents/25981451-ia-01-public-policy-polling-d-for-house-majority-pac/,,,,,,DEM,2026,U.S. House,First Congressional District,1.0,2026-11-03,general,NONE,18.0,Don't know,Don't know,d8390906-54c4-4050-9005-4934a65fa7b1,25fddd65-7ae7-4217-bb65-26bcdd310732,,,
4164,0dfde340-4dea-40c1-8e1c-eba2fefde7ce,9b245451-0334-4f8c-909e-b48d602feb76,Public Policy Polling,20c85a44-ad67-4d54-82bd-b78cdcaf9ad8,House Majority PAC,Public Policy Polling,263.0,Public Policy Polling,,,,,IA,6/18/25,6/19/25,,,,2905147a-5226-492f-915c-3bb9b9613a02,555.0,rv,,rv,,6/23/25 13:43,,https://www.documentcloud.org/documents/25981451-ia-01-public-policy-polling-d-for-house-majority-pac/,,,,,,DEM,2026,U.S. House,First Congressional District,1.0,2026-11-03,general,REP,39.0,Miller-Meeks,Mariannette Miller-Meeks,6ef8ce08-eebc-4e17-9b16-13d5d86e8fae,25fddd65-7ae7-4217-bb65-26bcdd310732,,,
4165,0dfde340-4dea-40c1-8e1c-eba2fefde7ce,9b245451-0334-4f8c-909e-b48d602feb76,Public Policy Polling,20c85a44-ad67-4d54-82bd-b78cdcaf9ad8,House Majority PAC,Public Policy Polling,263.0,Public Policy Polling,,,,,IA,6/18/25,6/19/25,,,,2905147a-5226-492f-915c-3bb9b9613a02,555.0,rv,,rv,,6/23/25 13:43,,https://www.documentcloud.org/documents/25981451-ia-01-public-policy-polling-d-for-house-majority-pac/,,,,,,DEM,2026,U.S. House,First Congressional District,1.0,2026-11-03,general,DEM,43.0,Bohannan,Christina Bohannan,e587238d-c1ce-439a-a63d-d6f194519191,25fddd65-7ae7-4217-bb65-26bcdd310732,,,
