,Politician,State,Position,Year,Type of Scandal,What Happened,Comeback?
0,Jimmy Gomez,California,Representative,2026,Affair with staffer,TBD,
1,Liz Murrill,Louisiana,Attorney General,2026,Intimidation,TBD,
2,Jim Costa,California,Representative,2026,Sexual harassment,TBD,
3,Chuck Edwards,North Carolina,Representative,2026,Sexual harassment,TBD,
4,Eric Swalwell,California,Representative,2026,Sexual assault (rape),Resigned,
5,Sylvia Luke,Hawaii,Lieutenant Governor,2026,Bribery,Retired,
6,Tony Gonzales,Texas,Representative,2025,Adultery,Resigned,
7,Cory Mills,Florida,Representative,2025,Assault,TBD,
8,Mark Green,Tennessee,Representative,2024,Adultery,"Won reelection, then resigned",
9,Victoria Spartz,Indiana,Representative,2024,Gun at airport,Won reelection,
10,Victoria Spartz,Indiana,Representative,2024,Hostile work environment,Won reelection,
11,Kristi Noem,South Dakota,Governor,2024,Shooting a puppy,Resigned to become DHS secretary,
12,Burt Jones,Georgia,Lieutenant Governor,2024,Election interference,TBD,
13,Troy Nehls,Texas,Representative,2024,Campaign finance,Won reelection,
14,Cori Bush,Missouri,Representative,2024,Misuse of funds,Lost reelection,
15,Nancy Mace,South Carolina,Representative,2023,Sexual harassment,Won reelection,
16,Sean Reyes,Utah,Attorney General,2023,Witness tampering,Retired,
17,Sheila Cherfilus-McCormick,Florida,Representative,2023,"Campaign finance, misuse of official resources","Won reelection, then resigned",
18,Jamaal Bowman,New York,Representative,2023,Pulling fire alarm,Lost reelection,
19,Jeff Duncan,South Carolina,Representative,2023,Adultery,Retired,
20,Bob Menendez,New Jersey,Senator,2023,Bribery,Resigned,
21,Lauren Boebert,Colorado,Representative,2023,Disorderly behavior,Won reelection,
22,George Santos,New York,Representative,2023,"Sexual harassment, theft",Expelled,
23,Beth Wood,North Carolina,Auditor,2023,"Hit and run, misuse of official resources",Resigned,
24,Joe Biden,,President,2023,Mishandling of documents,Retired,
25,Alexandria Ocasio-Cortez,New York,Representative,2022,Improper gifts,Won reelection,
26,Kai Kahele,Hawaii,Representative,2022,"Ethics, misuse of official resources",Lost bid for governor,
27,Kristi Noem,South Dakota,Governor,2022,"Conflict of interest, misuse of funds",Won reelection,
28,Vicente Gonzalez,Texas,Representative,2022,Tax fraud,Won reelection,
29,William Timmons,South Carolina,Representative,2022,"Adultery, abuse of power",Won reelection,
30,Raphael Warnock,Georgia,Senator,2022,Campaign finance,Won reelection,
31,Kathy McGuiness,Delaware,Auditor,2022,Corruption,Lost reelection,
32,Ronny Jackson,Texas,Representative,2022,Misuse of funds,Won reelection,
33,John Rutherford,Florida,Representative,2022,Nondisclosure,Won reelection,
34,Pat Fallon,Texas,Representative,2022,Nondisclosure,Won reelection,
35,Anthony Brown,Maryland,Representative,2022,Campaign finance,Won bid for AG,
36,Madison Cawthorn,North Carolina,Representative,2022,Misuse of funds,Lost reelection,
37,Madison Cawthorn,North Carolina,Representative,2022,"Improper gifts, adultery",Lost reelection,
38,Madison Cawthorn,North Carolina,Representative,2022,Insider trading,Lost reelection,
39,Madison Cawthorn,North Carolina,Representative,2022,Driving with revoked license,Lost reelection,
40,Tom Suozzi,New York,Representative,2022,Nondisclosure,Lost bid for governor,Won 2024 bid for House
41,Brian Benjamin,New York,Lieutenant Governor,2022,Campaign finance,Resigned,
42,Van Taylor,Texas,Representative,2022,Adultery,Retired,
43,Henry Cuellar,Texas,Representative,2022,Corruption,Won reelection,
44,Marie Newman,Illinois,Representative,2021,Bribery,Lost reelection,
45,Jeff Fortenberry,Nebraska,Representative,2021,"Campaign finance, lying to the FBI",Resigned,
46,Fiona Ma,California,Treasurer,2021,Sexual harassment,Won reelection,
47,Mike Hunter,Oklahoma,Attorney General,2021,Adultery,Resigned,
48,Marjorie Taylor Greene,Georgia,Representative,2021,Tax fraud,Won reelection,
49,Doug Lamborn,Colorado,Representative,2021,Misuse of resources,Won reelection,
50,Jeff Landry,Louisiana,Attorney General,2021,Sexual harassment coverup,Won bid for governor,
51,John Merrill,Alabama,Secretary of State,2021,Adultery,Was term-limited out,
52,Matt Gaetz,Florida,Representative,2021,"Sex with underage girl, misuse of funds, drug use, prostitution, corruption, obstruction of justice","Won reelection, then resigned",
53,Madison Cawthorn,North Carolina,Representative,2021,Weapons possession,Lost reelection,
54,Tom Reed,New York,Representative,2021,Sexual harassment,Retired,
55,Tom Malinowski,New Jersey,Representative,2021,Nondisclosure,Lost reelection,Won 2024 bid for Hunterdon County Democratic chairman
56,Ronny Jackson,Texas,Representative,2021,Sexual harassment,Won reelection,
57,Andrew Cuomo,New York,Governor,2021,"Sexual harassment, sexual assault (groping)",Resigned,Running for New York City mayor
58,Andrew Cuomo,New York,Governor,2020,Public-records coverup,Resigned,Running for New York City mayor
59,Jim Hagedorn,Minnesota,Representative,2020,Misuse of funds,Died in office,
60,Jason Ravnsborg,South Dakota,Attorney General,2020,Manslaughter,Removed,
61,Alex Mooney,West Virginia,Representative,2020,Misuse of funds,Won reelection,
62,Mike Kelly,Pennsylvania,Representative,2020,Insider trading,Won reelection,
63,Sanford Bishop,Georgia,Representative,2020,Misuse of funds,Won reelection,
64,Steve Watkins,Kansas,Representative,2020,Election fraud,Lost reelection,
65,Steven Horsford,Nevada,Representative,2020,Adultery,Won reelection,
66,Matt Gaetz,Florida,Representative,2020,Conflict of interest,Won reelection,
67,Donna Shalala,Florida,Representative,2020,Nondisclosure,Lost reelection,
68,Steven Palazzo,Mississippi,Representative,2020,Misuse of funds,"Won reelection, then lost reelection",
69,Kelly Loeffler,Georgia,Senator,2020,Insider trading,Lost bid for full term,
70,Richard Burr,North Carolina,Senator,2020,Insider trading,Announced retirement before scandal,
71,Michelle Lujan Grisham,New Mexico,Governor,2019,Sexual harassment,Won reelection,
72,Bill Huizenga,Michigan,Representative,2019,Misuse of funds,Won reelection,
73,Alcee Hastings,Florida,Representative,2019,Inappropriate relationship with staffer,Won reelection,
74,Eric Holcomb,Indiana,Governor,2019,Abuse of power,Won reelection,
75,Katie Hill,California,Representative,2019,Adultery (with staffer),Resigned,
76,Ilhan Omar,Minnesota,Representative,2019,"Adultery, campaign finance",Won reelection,
77,Jim Beck,Georgia,Insurance Commissioner,2019,Fraud,Removed,
78,Matt Gaetz,Florida,Representative,2019,Witness intimidation,Won reelection,
79,JB Pritzker,Illinois,Governor,2019,Tax fraud,Won reelection,
80,Rashida Tlaib,Michigan,Representative,2019,Campaign finance,Won reelection,
81,Mark Herring,Virginia,Attorney General,2019,Blackface,Lost reelection,
82,Justin Fairfax,Virginia,Lieutenant Governor,2019,Sexual assault (rape),Lost bid for governor,
83,Ralph Northam,Virginia,Governor,2019,Blackface,Was term-limited out,
84,Curtis Hill,Indiana,Attorney General,2018,Sexual assault (groping),Lost reelection,Lost 2020 bid for attorney general and 2024 bid for governor
85,Henry Cuellar,Texas,Representative,2019,Employment discrimination,Won reelection,
86,John Hickenlooper,Colorado,Governor,2018,Illegal gifts,Was term-limited out,Won 2020 bid for Senate
87,Mia Love,Utah,Representative,2018,Campaign finance,Lost reelection,
88,Adam Laxalt,Nevada,Attorney General,2018,Assault (of police officer as a teenager),Lost bid for governor,
89,Rod Blum,Iowa,Representative,2018,Nondisclosure,Lost reelection,
90,Scott Taylor,Virginia,Representative,2018,Election fraud,Lost reelection,Lost 2020 bid for House
91,David Schweikert,Arizona,Representative,2018,"Campaign finance, misuse of funds",Won reelection,
92,Keith Ellison,Minnesota,Representative,2018,Domestic abuse,Won bid for AG,
93,Tom Garrett,Virginia,Representative,2018,Misuse of resources,Retired,
94,Rick Nolan,Minnesota,Representative,2018,Sexual harassment coverup,Lost bid for LG,
95,Bill Schuette,Michigan,Attorney General,2018,Misuse of resources,Lost bid for governor,
96,Jim Jordan,Ohio,Representative,2018,Sexual harassment coverup,Won reelection,
97,Kris Kobach,Kansas,Secretary of State,2018,Contempt of court,Lost bid for governor,"Lost 2020 bid for Senate, won 2022 bid for AG"
98,Eric Schneiderman,New York,Attorney General,2018,Domestic abuse,Resigned,
99,Tony Cárdenas,California,Representative,2018,Sexual assault (of a teenager),Won reelection,
100,Jimmy Duncan Jr.,Tennessee,Representative,2018,Misuse of funds,Retired,
101,Elizabeth Esty,Connecticut,Representative,2018,Sexual harassment coverup,Retired,
102,Tom Schedler,Louisiana,Secretary of State,2018,Sexual harassment,Resigned,
103,Patrick Meehan,Pennsylvania,Representative,2018,Sexual harassment,Resigned,
104,Eric Greitens,Missouri,Governor,2018,"Adultery, sexual assault (rape), campaign finance",Resigned,Lost 2022 bid for Senate
105,Raúl Grijalva,Arizona,Representative,2017,Hostile work environment ,Won reelection,
106,Bobby Scott,Virginia,Representative,2017,Sexual harassment,Won reelection,
107,Ed Murray,Wyoming,Secretary of State,2017,Sexual assault,Resigned,
108,Trent Franks,Arizona,Representative,2017,Sexual harassment,Resigned,Lost 2024 bid for House
109,Rubén Kihuen,Nevada,Representative,2017,Sexual harassment,Retired,
110,Joe Barton,Texas,Representative,2017,"Adultery, sexual harassment",Retired,
111,John Conyers,Michigan,Representative,2017,"Sexual harassment, sexual assault (groping)",Resigned,
112,Al Franken,Minnesota,Senator,2017,Sexual assault (groping),Resigned,
113,Dana Rohrabacher,California,Representative,2017,Election collusion,Lost reelection,
114,Chris Collins,New York,Representative,2017,"Conflict of interest, insider trading","Won reelection, then resigned",
115,Tim Murphy,Pennsylvania,Representative,2017,Adultery,Resigned,
116,Bob Brady,Pennsylvania ,Representative,2017,Corruption,Retired,
117,Mike Stack,Pennsylvania ,Lieutenant Governor,2017,Hostile work environment,Lost reelection,Dropped out of 2019 bid for Philadelphia City Council
118,Duncan D. Hunter,California,Representative,2017,"Misuse of funds, adultery","Won reelection, then resigned",
119,Donald Trump,,President,2017,"Election collusion, adultery, sexual assault, tax fraud, abuse of power",Lost reelection,Won 2024 bid for president
120,Devin Nunes,California,Representative,2017,Divulging classified information,"Won reelection, then resigned unrelatedly",
121,Charles Boustany,Louisiana,Representative,2016,Sex with prostitute,Lost bid for Senate,
122,Ed Whitfield,Kentucky,Representative,2016,Ethics,Resigned,
123,Terry McAuliffe,Virginia,Governor,2016,Campaign finance,Was term-limited out,Lost 2021 bid for governor
124,Robert Pittenger,North Carolina,Representative,2016,Campaign finance,"Won reelection, then lost reelection",
125,Roy Moore,Alabama,Supreme Court Justice,2016,Insubordination,Removed,Lost 2017 bid for Senate
126,Mark Meadows,North Carolina,Representative,2016,Sexual harassment coverup,Won reelection,
127,Sid Miller,Texas,Agriculture Commissioner,2016,Ethics,Won reelection,
128,Alan Grayson,Florida,Representative,2016,"Ethics, abuse",Lost bid for Senate,Lost 2018 bid for Congress
129,Corrine Brown,Florida,Representative,2016,Fraud,Lost reelection,
130,Mike Honda,California,Representative,2015,Campaign finance,Lost reelection,
131,Robert Bentley,Alabama,Governor,2015,Sex,Resigned,
132,Drew Wrigley,North Dakota,Lieutenant Governor,2015,Sex,Retired,
133,Dianna Duran,New Mexico,Secretary of State,2015,Campaign finance,Resigned,
134,Chaka Fattah,Pennsylvania,Representative,2015,Campaign finance,Resigned,
135,Ken Paxton,Texas,Attorney General,2015,Fraud,Won reelection,
136,Paul LePage,Maine,Governor,2015,Abuse of power,Was term-limited out,Lost 2022 bid for governor
137,James Comer,Kentucky,Agriculture Commissioner,2015,Abuse,Lost bid for governor,Won 2016 bid for Congress
138,Frank Guinta,New Hampshire,Representative,2015,Campaign finance,Lost reelection,
139,Bill Sorrell,Vermont,Attorney General,2015,Campaign finance,Retired,
140,Troy Kelley,Washington,Auditor,2015,Fraud,Retired,
141,Bob Menendez,New Jersey,Senator,2015,Corruption,Won reelection,
142,Aaron Schock,Illinois,Representative,2015,Ethics,Resigned,
143,John Kitzhaber,Oregon,Governor,2014,Ethics,Resigned,
144,Rob McCord,Pennsylvania,Treasurer,2015,Campaign finance,Resigned,
145,Kathleen Kane,Pennsylvania,Attorney General,2015,Abuse of power,Resigned,
146,Henry McMaster,South Carolina,Lieutenant Governor,2015,Campaign finance,"Elevated to governor, won full term",
147,Blake Farenthold,Texas,Representative,2014,Sex,"Won reelection twice, then resigned",
148,Lavon Heidemann,Nebraska,Lieutenant Governor,2014,Abuse,Resigned,
149,Chip Flowers,Delaware,Treasurer,2014,Sex & ethics,Retired,
150,Rick Perry,Texas,Governor,2014,Abuse of power,Announced retirement before scandal,"Lost 2016 bid for president, then became secretary of energy"
151,John Walsh,Montana,Senator,2014,Plagiarism,Retired,
152,Scott Walker,Wisconsin,Governor,2014,Campaign finance,Won reelection,
153,Nathan Deal,Georgia,Governor,2014,Ethics,Won reelection,
154,Don Young,Alaska,Representative,2014,Campaign finance,Won reelection,
155,Vance McAllister,Louisiana,Representative,2014,Sex,Lost reelection,
156,Dan Rutherford,Illinois,Treasurer,2014,Sex & ethics,Lost bid for governor,
157,Chris Christie,New Jersey,Governor,2014,Abuse of power,"Lost bid for president, then was term-limited out",Lost 2024 bid for president
158,Mark Darr,Arkansas,Lieutenant Governor,2014,Campaign finance & ethics,Resigned,
159,Cathy McMorris Rodgers,Washington,Representative,2014,Misuse of funds,Won reelection,
160,Trey Radel,Florida,Representative,2013,Drugs,Resigned,
161,Cindy Hill,Wyoming,Superintendent,2013,Abuse,Lost bid for governor,
162,Joan Orie Melvin,Pennsylvania,Supreme Court Justice,2013,Corruption,Resigned,
163,Michele Bachmann,Minnesota,Representative,2013,Ethics,Retired,
164,Martha Shoffner,Arkansas,Treasurer,2013,Corruption,Resigned,
165,Bob McDonnell,Virginia,Governor,2013,Ethics,Was term-limited out,
166,Diane Hathaway,Michigan,Supreme Court Justice,2013,Fraud,Resigned,
167,Jennifer Carroll,Florida,Lieutenant Governor,2013,Ethics,Resigned,
168,John Swallow,Utah,Attorney General,2013,Corruption,Resigned,
169,Rick Sheehy,Nebraska,Lieutenant Governor,2013,Sex,Resigned,
170,Mike Crapo,Idaho,Senator,2012,DUI,Won reelection,
171,Dustin McDaniel,Arkansas,Attorney General,2012,Sex,"Dropped bid for governor, was term-limited out",
172,Michael Grimm,New York,Representative,2012,Campaign finance & fraud,"Won reelection, then resigned",Lost 2018 bid for House
173,Charlie White,Indiana,Secretary of State,2012,Fraud,Removed,
174,Jesse Jackson Jr.,Illinois,Representative,2012,Campaign finance & fraud,Resigned,
175,Ken Ard,South Carolina,Lieutenant Governor,2012,Campaign finance,Resigned,
176,David Rivera,Florida,Representative,2012,Campaign finance,Lost reelection,
177,Laura Richardson,California,Representative,2012,Ethics,Lost reelection,Won 2024 bid for state Senate
178,Scott DesJarlais,Tennessee,Representative,2012,Sex,Won reelection,
179,Tom Horne,Arizona,Attorney General,2012,Sex & campaign finance,Lost reelection,Won 2022 bid for superintendent of public instruction
180,Anthony Weiner,New York,Representative,2011,Sex,Resigned,Lost 2013 bid for New York City mayor and 2025 bid for New York City Council
181,Chris Lee,New York,Representative,2011,Sex,Resigned,
182,David Wu,Oregon,Representative,2011,Sex,Resigned,
183,John Ensign,Nevada,Senator,2011,Sex & ethics,Resigned,
184,Alcee Hastings,Florida,Representative,2011,Sex,Won reelection,
185,John Tierney,Massachusetts,Representative,2010,Ethics,"Won reelection twice, then lost reelection",
186,Eric Massa,New York,Representative,2010,Sex,Resigned,
187,Mark Souder,Indiana,Representative,2010,Sex,Resigned,
188,Maxine Waters,California,Representative,2009,Ethics,Won reelection,
189,Mark Sanford,South Carolina,Governor,2009,Sex,Was term-limited out,Won 2013 bid for House
190,Rod Blagojevich,Illinois,Governor,2009,Corruption,Removed,
191,Sharon Keller,Texas,Criminal Appeals Judge,2009,Ethics & insubordination,Won reelection,
192,Charlie Rangel,New York,Representative,2008,Ethics,Won reelection,
193,Eliot Spitzer,New York,Governor,2008,Sex,Resigned,Lost 2013 bid for New York City comptroller
194,Jeff McMahan,Oklahoma,Auditor,2008,Corruption,Resigned,
195,Vern Buchanan,Florida,Representative,2008,Campaign finance,Won reelection,
196,Jim Gibbons,Nevada,Governor,2008,"Sex, campaign finance, & ethics",Lost reelection,
197,John Doolittle,California,Representative,2008,Corruption,Retired,
198,Marc Dann,Ohio,Attorney General,2008,Sex,Resigned,
199,Rick Renzi,Arizona,Representative,2008,Corruption & fraud,Retired,
200,Sarah Palin,Alaska,Governor,2008,Ethics,Resigned,Lost 2022 bid for House
201,Ted Stevens,Alaska,Senator,2008,Corruption,Lost reelection,
202,Tim Mahoney,Florida,Representative,2008,Sex,Lost reelection,
203,Vito Fossella,New York,Representative,2008,Sex,Retired,
204,David Vitter,Louisiana,Senator,2007,Sex,"Won reelection, then lost bid for governor",
205,Larry Craig,Idaho,Senator,2007,Sex,Retired,
206,Paul Morrison,Kansas,Attorney General,2007,Sex,Resigned,
207,Thomas Ravenel,South Carolina,Treasurer,2007,Drugs,Resigned,Lost 2014 bid for Senate; dropped out of 2026 bid for governor
208,David Scott,Georgia,Representative,2007,Campaign finance,Won reelection,
209,David Petersen,Arizona,Treasurer,2006,Campaign finance & ethics,Resigned,
210,John Conyers,Michigan,Representative,2006,Ethics,Won reelection,
211,Douglas Martin,Arizon,State Mine Inspector,2006,Fraud,Retired,
212,Bill Jefferson,Louisiana,Representative,2006,Corruption,"Won reelection, then lost reelection",
213,Bob Ney,Ohio,Representative,2006,Corruption,Resigned,
214,Mark Foley,Florida,Representative,2006,Sex,Resigned,
215,Mike Easley,North Carolina,Governor,2006,Campaign finance & ethics,Was term-limited out,
216,Bob Taft,Ohio,Governor,2005,Ethics,Was term-limited out,
217,Don Sherwood,Pennsylvania,Representative,2005,Sex,Lost reelection,
218,Duke Cunningham,California,Representative,2005,Corruption & fraud,Resigned,
219,Ernie Fletcher,Kentucky,Governor,2005,Ethics,Lost reelection,
220,Robert Vigil,New Mexico,Treasurer,2005,Corruption,Resigned,
221,Tom DeLay,Texas,Representative,2005,Campaign finance & corruption,Resigned,
222,Ed Schrock,Virginia,Representative,2004,Sex,Retired,
223,Frank Ballance,North Carolina,Representative,2004,Fraud,Resigned,
224,Jim McGreevey,New Jersey,Governor,2004,Sex,Resigned,Running for Jersey City mayor
225,Kathy Augustine,Nevada,Controller,2004,Ethics,"Ran for treasurer, died mid-campaign",
226,Kevin Shelley,California,Secretary of State,2004,Campaign finance,Resigned,
227,Bill Janklow,South Dakota,Representative,2003,Manslaughter,Resigned,
228,Bob Wise,West Virginia,Governor,2003,Sex,Retired,
229,John Rowland,Connecticut,Governor,2003,Corruption,Resigned,
230,Lorelee Byrd,Nebraska,Treasurer,2003,Ethics,Resigned,
231,Meg Scott Phipps,North Carolina,Agriculture Commissioner,2003,Campaign finance & fraud,Resigned,
232,Roy Moore,Alabama,Supreme Court Justice,2003,Insubordination,Removed,Lost 2010 bid for governor; won 2012 bid to return to Supreme Court
233,Steve LaTourette,Ohio,Representative,2003,Sex,Won reelection,
234,George Ryan,Illinois,Governor,2002,Corruption,Retired,
235,Jim Traficant,Ohio,Representative,2002,Corruption,Removed,Lost 2002 & 2010 bids for old seat
236,Paul Patton,Kentucky,Governor,2002,Sex,Retired,
237,Robert Torricelli,New Jersey,Senator,2002,Campaign finance,Retired,
238,Gary Condit,California,Representative,2001,Sex,Lost reelection,
239,Chuck Quackenbush,California,Insurance Commissioner,2000,Corruption,Resigned,
240,Jim Brown,Louisiana,Insurance Commissioner,2000,Ethics & fraud,"Won reelection, then resigned",
241,Bob Barr,Georgia,Representative,1999,Sex,Won reelection,
242,Bob Livingston,Louisiana,Representative,1999,Sex,Resigned,
243,Mary Fallin,Oklahoma,Lieutenant Governor,1998,Sex,Won reelection,
244,Bill Clinton,,President,1998,Sex,Was term-limited out,
245,Dan Burton,Indiana,Representative,1998,Sex,Won reelection,
246,Helen Chenoweth-Hage,Idaho,Representative,1998,Sex,Won reelection,
247,Henry Hyde,Illinois,Representative,1998,Sex,Won reelection,
248,Fife Symington,Arizona,Governor,1997,Fraud,Resigned,Lost 2006 bid for local GOP chairmanship
249,Jay Kim,California,Representative,1997,Campaign finance,Lost reelection,Lost 2000 bid for House
250,Newt Gingrich,Georgia,Representative,1997,Ethics & sex,"Won reelection, then resigned",Lost 2012 bid for president
251,Barbara-Rose Collins,Michigan,Representative,1996,Campaign finance & ethics,Lost reelection,Won 2001 bid for Detroit City Council; reelected in 2005
252,Jim Guy Tucker,Arkansas,Governor,1996,Fraud,Resigned,
253,Wes Cooley,Oregon,Representative,1996,Ethics,Retired,
254,Bob Packwood,Oregon,Senator,1995,Sex,Resigned,
255,Ernie Preate,Pennsylvania,Attorney General,1995,Corruption & fraud,Resigned,
256,Walter Tucker III,California,Representative,1995,Corruption,Resigned,
257,Austin Murphy,Pennsylvania,Representative,1994,Ethics & sex,Retired,
258,Dan Rostenkowski,Illinois,Representative,1994,Ethics & fraud,Lost reelection,
259,Judith Moriarty,Missouri,Secretary of State,1994,Ethics,Removed,Lost 2002 bid for State House
260,Mel Reynolds,Illinois,Representative,1994,Sex,"Won reelection, then resigned",Lost 2004 and 2013 bids for House
261,Ken Calvert,California,Representative,1993,Sex,Won reelection,
262,Carl Perkins,Kentucky,Representative,1992,Campaign finance,Retired,
263,Carroll Hubbard,Kentucky,Representative,1992,Campaign finance,Lost reelection,Lost 2006 and 2008 bids for state Senate and 2020 bid for state House
264,Brock Adams,Washington,Senator,1992,Sex,Retired,
265,H. Guy Hunt,Alabama,Governor,1992,Ethics,Resigned,Lost 2002 bid for state Senate
266,Lawrence Smith,Florida,Representative,1992,Campaign finance,Retired,
267,Mary Rose Oakar,Ohio,Representative,1992,Campaign finance & ethics,Lost reelection,Won 2000 bid for state House; lost 2001 bid for Cleveland mayor; won 2012 bid for state board of education
268,Nicholas Mavroules,Massachusetts,Representative,1992,Corruption,Lost reelection,
269,William Webster,Missouri,Attorney General,1992,Corruption,Lost bid for governor,
270,Chuck Robb,Virginia,Senator,1991,Sex,Won reelection,
271,David Durenberger,Minnesota,Senator,1990,Ethics,Retired,
272,Edward DiPrete,Rhode Island,Governor,1990,Corruption,Lost reelection,
273,Buz Lukens,Ohio,Representative,1989,Sex,"Lost reelection, then resigned",
