"GEO_ID","NAME","B05003F_001E","B05003F_001M","B05003F_002E","B05003F_002M","B05003F_003E","B05003F_003M","B05003F_004E","B05003F_004M","B05003F_005E","B05003F_005M","B05003F_006E","B05003F_006M","B05003F_007E","B05003F_007M","B05003F_008E","B05003F_008M","B05003F_009E","B05003F_009M","B05003F_010E","B05003F_010M","B05003F_011E","B05003F_011M","B05003F_012E","B05003F_012M","B05003F_013E","B05003F_013M","B05003F_014E","B05003F_014M","B05003F_015E","B05003F_015M","B05003F_016E","B05003F_016M","B05003F_017E","B05003F_017M","B05003F_018E","B05003F_018M","B05003F_019E","B05003F_019M","B05003F_020E","B05003F_020M","B05003F_021E","B05003F_021M","B05003F_022E","B05003F_022M","B05003F_023E","B05003F_023M",
"Geography","Geographic Area Name","Estimate!!Total","Margin of Error!!Total","Estimate!!Total!!Male","Margin of Error!!Total!!Male","Estimate!!Total!!Male!!Under 18 years","Margin of Error!!Total!!Male!!Under 18 years","Estimate!!Total!!Male!!Under 18 years!!Native","Margin of Error!!Total!!Male!!Under 18 years!!Native","Estimate!!Total!!Male!!Under 18 years!!Foreign born","Margin of Error!!Total!!Male!!Under 18 years!!Foreign born","Estimate!!Total!!Male!!Under 18 years!!Foreign born!!Naturalized U.S. citizen","Margin of Error!!Total!!Male!!Under 18 years!!Foreign born!!Naturalized U.S. citizen","Estimate!!Total!!Male!!Under 18 years!!Foreign born!!Not a U.S. citizen","Margin of Error!!Total!!Male!!Under 18 years!!Foreign born!!Not a U.S. citizen","Estimate!!Total!!Male!!18 years and over","Margin of Error!!Total!!Male!!18 years and over","Estimate!!Total!!Male!!18 years and over!!Native","Margin of Error!!Total!!Male!!18 years and over!!Native","Estimate!!Total!!Male!!18 years and over!!Foreign born","Margin of Error!!Total!!Male!!18 years and over!!Foreign born","Estimate!!Total!!Male!!18 years and over!!Foreign born!!Naturalized U.S. citizen","Margin of Error!!Total!!Male!!18 years and over!!Foreign born!!Naturalized U.S. citizen","Estimate!!Total!!Male!!18 years and over!!Foreign born!!Not a U.S. citizen","Margin of Error!!Total!!Male!!18 years and over!!Foreign born!!Not a U.S. citizen","Estimate!!Total!!Female","Margin of Error!!Total!!Female","Estimate!!Total!!Female!!Under 18 years","Margin of Error!!Total!!Female!!Under 18 years","Estimate!!Total!!Female!!Under 18 years!!Native","Margin of Error!!Total!!Female!!Under 18 years!!Native","Estimate!!Total!!Female!!Under 18 years!!Foreign born","Margin of Error!!Total!!Female!!Under 18 years!!Foreign born","Estimate!!Total!!Female!!Under 18 years!!Foreign born!!Naturalized U.S. citizen","Margin of Error!!Total!!Female!!Under 18 years!!Foreign born!!Naturalized U.S. citizen","Estimate!!Total!!Female!!Under 18 years!!Foreign born!!Not a U.S. citizen","Margin of Error!!Total!!Female!!Under 18 years!!Foreign born!!Not a U.S. citizen","Estimate!!Total!!Female!!18 years and over","Margin of Error!!Total!!Female!!18 years and over","Estimate!!Total!!Female!!18 years and over!!Native","Margin of Error!!Total!!Female!!18 years and over!!Native","Estimate!!Total!!Female!!18 years and over!!Foreign born","Margin of Error!!Total!!Female!!18 years and over!!Foreign born","Estimate!!Total!!Female!!18 years and over!!Foreign born!!Naturalized U.S. citizen","Margin of Error!!Total!!Female!!18 years and over!!Foreign born!!Naturalized U.S. citizen","Estimate!!Total!!Female!!18 years and over!!Foreign born!!Not a U.S. citizen","Margin of Error!!Total!!Female!!18 years and over!!Foreign born!!Not a U.S. citizen",
"0400000US01","Alabama","58618","3252","32729","1946","11726","1042","9558","982","2168","448","278","182","1890","412","21003","1284","4960","781","16043","1102","2381","406","13662","1018","25889","1624","10115","916","8523","729","1592","450","259","178","1333","397","15774","982","4930","644","10844","805","1914","359","8930","690",
"0400000US02","Alaska","8382","997","4234","556","1046","285","980","257","66","74","0","22","66","74","3188","392","1940","326","1248","270","727","220","521","143","4148","573","1097","267","1043","263","54","35","50","34","4","6","3051","432","1651","308","1400","281","775","195","625","180",
"0400000US04","Arizona","418033","8469","212717","4501","67114","2337","62312","2341","4802","600","598","187","4204","586","145603","3177","82072","2486","63531","2306","18760","1209","44771","2176","205316","4958","66236","2724","62007","2603","4229","584","527","176","3702","538","139080","2863","76803","2198","62277","1929","20404","1021","41873","1586",
"0400000US05","Arkansas","60565","2676","33081","1688","12358","857","10931","899","1427","334","221","140","1206","299","20723","1090","5807","605","14916","950","3210","539","11706","907","27484","1288","10459","681","8846","633","1613","323","130","104","1483","307","17025","882","5421","562","11604","835","2424","365","9180","803",
"0400000US06","California","4890329","34831","2489281","17714","766853","7786","715851","7151","51002","2071","4783","628","46219","1848","1722428","12528","722354","6794","1000074","10180","296616","3478","703458","9556","2401048","18668","744953","8117","694368","8178","50585","1514","4654","501","45931","1462","1656095","12319","704529","6477","951566","8830","329264","4026","622302","6927",
"0400000US08","Colorado","240282","6588","124980","3546","40989","1912","37400","1722","3589","593","262","112","3327","586","83991","2330","45550","1604","38441","1798","8488","686","29953","1534","115302","3707","38710","1899","35772","1818","2938","433","451","197","2487","426","76592","2442","43546","1704","33046","1734","8440","660","24606","1496",
"0400000US09","Connecticut","183297","4401","94801","2320","26939","1191","25144","1179","1795","406","313","141","1482","379","67862","1861","35018","1355","32844","1829","5637","650","27207","1693","88496","2614","26624","1385","24719","1292","1905","383","244","114","1661","364","61872","1650","35730","1414","26142","1377","7584","700","18558","1414",
"0400000US10","Delaware","20369","1702","10559","1049","3302","511","2982","452","320","149","5","9","315","147","7257","700","3245","449","4012","530","1040","229","2972","504","9810","873","3131","485","2942","474","189","85","43","52","146","89","6679","614","3411","448","3268","505","762","215","2506","476",
"0400000US11","District of Columbia","23999","1851","12554","1039","2999","436","2584","396","415","183","15","27","400","186","9555","784","2673","461","6882","716","1833","327","5049","648","11445","1045","3122","466","2685","411","437","194","133","109","304","177","8323","738","2355","385","5968","654","1828","352","4140","641",
"0400000US12","Florida","484274","10867","247964","5954","66526","2537","60043","2505","6483","708","1188","287","5295","634","181438","4700","76523","2886","104915","3678","34788","1736","70127","3144","236310","5823","64889","2728","58512","2647","6377","702","1719","371","4658","590","171421","3852","72780","2433","98641","2973","44343","2027","54298","2123",
"0400000US13","Georgia","287276","7772","156465","4248","53407","2332","47526","2227","5881","784","477","180","5404","767","103058","3076","23567","1388","79491","2696","13088","1301","66403","2478","130811","4366","50352","2328","45479","2198","4873","638","766","314","4107","563","80459","2721","25468","1361","54991","2200","11039","977","43952","1924",
"0400000US15","Hawaii","15357","1218","8049","783","1336","334","1308","332","28","27","8","13","20","25","6713","647","4650","539","2063","385","944","245","1119","270","7308","672","1475","329","1460","328","15","22","14","18","1","10","5833","523","4089","527","1744","374","831","243","913","333",
"0400000US16","Idaho","37553","2464","19486","1404","6688","731","6044","688","644","185","31","30","613","188","12798","942","5128","575","7670","749","2488","410","5182","619","18067","1317","6581","631","5944","632","637","208","103","79","534","198","11486","904","5272","651","6214","647","2006","368","4208","484",
"0400000US17","Illinois","751248","11264","388747","6533","128748","2908","119443","2836","9305","856","1160","265","8145","787","259999","4483","93853","2790","166146","3595","46897","1582","119249","3176","362501","5652","126238","2835","117143","2724","9095","835","1237","327","7858","777","236263","3687","92814","2316","143449","2852","43927","1576","99522","2707",
"0400000US18","Indiana","151502","4742","78495","2575","27270","1457","24359","1470","2911","470","283","120","2628","459","51225","1595","19628","1063","31597","1450","6192","680","25405","1495","73007","2616","28495","1388","25293","1271","3202","520","618","182","2584","525","44512","1606","20325","1134","24187","1295","5869","584","18318","1128",
"0400000US19","Iowa","39953","2474","22471","1391","6823","800","6370","746","453","162","83","59","370","140","15648","940","5151","536","10497","817","2707","395","7790","749","17482","1340","6701","780","5998","741","703","211","147","84","556","180","10781","695","4017","472","6764","528","1823","277","4941","504",
"0400000US20","Kansas","64931","2584","34119","1449","10955","847","9633","803","1322","289","129","62","1193","297","23164","942","9803","780","13361","807","3298","345","10063","759","30812","1521","10721","821","9507","757","1214","308","180","98","1034","289","20091","953","8808","586","11283","839","2752","385","8531","769",
"0400000US21","Kentucky","41518","2205","23879","1283","7992","620","6970","597","1022","230","247","103","775","221","15887","1017","3790","520","12097","920","1678","307","10419","898","17639","1261","7140","673","6223","675","917","240","266","109","651","225","10499","833","3040","371","7459","725","1452","327","6007","598",
"0400000US22","Louisiana","49002","2722","27656","1550","7231","717","6417","650","814","196","139","86","675","190","20425","1283","6642","607","13783","1264","3043","461","10740","1156","21346","1524","6510","666","5628","588","882","298","246","143","636","265","14836","1103","6125","688","8711","895","2332","489","6379","720",
"0400000US23","Maine","3251","613","1659","428","434","199","358","189","76","91","63","88","13","22","1225","328","747","190","478","257","193","95","285","212","1592","325","586","149","535","151","51","32","25","22","26","24","1006","225","678","190","328","129","214","90","114","79",
"0400000US24","Maryland","198969","6079","107940","3564","31861","1533","27775","1481","4086","549","416","140","3670","558","76079","2554","14040","1038","62039","2297","12034","810","50005","2200","91029","3070","28921","1385","25575","1291","3346","461","454","160","2892","437","62108","2059","13691","1074","48417","1896","13366","837","35051","1614",
"0400000US25","Massachusetts","274529","6255","135017","3851","40712","1651","36614","1571","4098","491","977","187","3121","439","94305","2869","49489","1926","44816","2039","17154","985","27662","1827","139512","3191","38940","1496","35439","1464","3501","382","1032","305","2469","338","100572","2326","52565","1666","48007","1742","22475","1208","25532","1164",
"0400000US26","Michigan","107141","3086","55936","1755","19089","1095","17254","1007","1835","339","708","249","1127","271","36847","1162","19689","914","17158","1085","4030","429","13128","977","51205","1796","17115","948","15569","928","1546","311","561","186","985","277","34090","1164","19598","959","14492","799","4058","453","10434","675",
"0400000US27","Minnesota","78863","3119","42128","1783","15117","917","12716","893","2401","363","650","158","1751","361","27011","1175","8466","595","18545","1012","3870","463","14675","907","36735","1778","14648","1050","12179","995","2469","373","1016","230","1453","300","22087","924","6831","549","15256","860","3631","378","11625","784",
"0400000US28","Mississippi","25086","2099","15396","1364","3554","430","2960","423","594","154","110","56","484","147","11842","1149","3857","500","7985","1039","1439","371","6546","876","9690","1018","3232","518","2856","489","376","140","62","59","314","125","6458","664","3081","505","3377","466","912","267","2465","384",
"0400000US29","Missouri","64057","2772","33615","1535","11581","895","10372","857","1209","312","368","126","841","231","22034","1021","8892","634","13142","936","3113","408","10029","845","30442","1629","11331","941","9895","865","1436","293","409","146","1027","269","19111","998","9058","739","10053","705","2840","373","7213","563",
"0400000US30","Montana","4945","671","2262","342","578","191","569","191","9","14","7","12","2","5","1684","286","1180","235","504","162","222","105","282","117","2683","476","992","264","961","262","31","25","19","20","12","14","1691","311","1362","258","329","129","197","121","132","66",
"0400000US31","Nebraska","37075","2046","19833","1167","6632","592","5996","571","636","203","69","56","567","197","13201","811","4626","514","8575","737","2486","314","6089","676","17242","1158","6746","612","6224","554","522","180","59","39","463","172","10496","705","3995","411","6501","532","2205","346","4296","446",
"0400000US32","Nevada","225537","6420","115610","3425","38541","1629","35253","1575","3288","504","251","158","3037","468","77069","2562","27683","1291","49386","2076","13641","911","35745","1819","109927","3485","35772","1653","33036","1559","2736","476","257","135","2479","438","74155","2270","27822","1294","46333","1817","15361","1200","30972","1527",
"0400000US33","New Hampshire","7805","927","4356","549","1388","311","1173","297","215","114","133","85","82","80","2968","376","1633","316","1335","274","407","152","928","232","3449","507","1081","269","922","256","159","113","28","25","131","113","2368","353","1170","229","1198","239","537","165","661","187",
"0400000US34","New Jersey","557107","9170","289191","5373","83087","2171","73829","2045","9258","872","1563","305","7695","870","206104","4294","71970","2071","134134","4002","37713","1556","96421","3526","267916","4854","77637","2329","68904","2190","8733","783","1564","264","7169","768","190279","3592","73499","2236","116780","3208","44691","1469","72089","2700",
"0400000US35","New Mexico","230398","4925","117676","2989","33398","1527","31726","1510","1672","442","223","158","1449","360","84278","2093","64199","2002","20079","1264","5312","584","14767","1094","112722","2789","31412","1256","29815","1276","1597","411","120","70","1477","398","81310","1977","63384","1989","17926","1083","5285","528","12641","877",
"0400000US36","New York","1649123","18998","816815","10172","233452","3920","210838","3913","22614","1265","4039","531","18575","1176","583363","7588","233733","4419","349630","6533","112251","2948","237379","5496","832308","9864","221563","3067","200732","3165","20831","1191","4016","525","16815","1059","610745","7859","257485","4439","353260","6547","149828","2982","203432","5371",
"0400000US37","North Carolina","293865","7571","158583","4318","56337","2355","49105","2178","7232","786","553","220","6679","778","102246","2675","20253","1183","81993","2743","10922","890","71071","2637","135282","4049","55137","2343","49274","2155","5863","684","527","183","5336","653","80145","2442","19167","1094","60978","2116","9491","635","51487","2037",
"0400000US38","North Dakota","5113","599","2962","409","917","222","844","216","73","63","51","55","22","28","2045","316","1474","290","571","189","230","120","341","155","2151","349","654","181","565","161","89","74","48","54","41","56","1497","253","945","214","552","172","270","127","282","126",
"0400000US39","Ohio","96823","3390","51870","2039","16087","942","14377","940","1710","307","481","146","1229","284","35783","1559","19483","1030","16300","1257","3178","439","13122","1059","44953","1726","15916","975","14577","972","1339","272","388","141","951","248","29037","1119","18767","930","10270","859","3023","378","7247","682",
"0400000US40","Oklahoma","96727","3141","52653","1861","16648","1019","14624","933","2024","308","293","107","1731","299","36005","1123","13868","900","22137","973","4860","425","17277","887","44074","1687","16566","930","14717","863","1849","292","128","92","1721","279","27508","1079","11985","681","15523","849","3611","350","11912","791",
"0400000US41","Oregon","144234","5208","77464","3053","26855","1557","23477","1336","3378","713","208","146","3170","718","50609","2089","15087","1269","35522","1813","7359","758","28163","1877","66770","2668","25021","1512","22037","1409","2984","596","190","99","2794","607","41749","1649","14108","963","27641","1580","5219","575","22422","1421",
"0400000US42","Pennsylvania","249147","6013","128689","3311","43183","1786","39827","1683","3356","516","1074","325","2282","434","85506","2355","57003","1844","28503","1729","8293","781","20210","1580","120458","3429","39752","1696","37062","1558","2690","423","611","172","2079","395","80706","2195","55651","1728","25055","1597","9756","782","15299","1224",
"0400000US44","Rhode Island","61994","2748","31130","1476","9470","723","8516","703","954","296","217","106","737","257","21660","1162","7267","650","14393","1069","5136","513","9257","917","30864","1654","8991","769","7895","756","1096","235","243","102","853","245","21873","1083","7933","615","13940","922","6211","649","7729","574",
"0400000US45","South Carolina","73984","3444","42320","1997","12047","1039","10274","901","1773","441","243","118","1530","399","30273","1569","6821","636","23452","1333","2940","518","20512","1230","31664","1926","12062","950","10616","936","1446","331","73","71","1373","318","19602","1256","6259","714","13343","996","2315","440","11028","866",
"0400000US46","South Dakota","7199","590","4151","374","1161","230","1062","219","99","59","26","41","73","46","2990","316","1405","242","1585","287","327","130","1258","266","3048","381","1112","211","1071","208","41","32","9","17","32","27","1936","248","885","222","1051","247","173","84","878","225",
"0400000US47","Tennessee","98240","4156","53717","2560","17809","1203","15172","1102","2637","390","367","158","2270","359","35908","1818","8071","793","27837","1641","3646","512","24191","1515","44523","2209","17636","1138","15268","1025","2368","489","257","144","2111","466","26887","1285","7689","705","19198","1255","3125","595","16073","1116",
"0400000US48","Texas","1662288","17772","860399","10436","265548","4759","240681","4481","24867","1772","1997","333","22870","1699","594851","7671","274848","5376","320003","4896","69776","2268","250227","4634","801889","9037","254059","4538","232567","4633","21492","1412","2002","382","19490","1373","547830","6104","268293","4241","279537","3984","75107","1955","204430","3656",
"0400000US49","Utah","122012","3912","64106","2314","23395","1369","21113","1294","2282","419","134","98","2148","422","40711","1492","12933","911","27778","1290","6183","564","21595","1319","57906","2143","21688","1203","19725","1120","1963","417","278","120","1685","392","36218","1341","12000","819","24218","1288","6058","493","18160","1161",
"0400000US50","Vermont","1924","336","949","224","217","83","119","60","98","61","32","37","66","53","732","195","281","96","451","201","103","68","348","183","975","192","289","81","201","65","88","60","41","37","47","50","686","167","377","90","309","127","167","77","142","73",
"0400000US51","Virginia","179166","5948","93291","3583","26812","1334","23043","1117","3769","607","671","206","3098","570","66479","2647","17186","1141","49293","2387","11508","982","37785","2057","85875","3032","28014","1535","24905","1479","3109","547","556","190","2553","507","57861","2006","16418","1079","41443","2075","10429","897","31014","1742",
"0400000US53","Washington","261577","6534","139666","3859","46791","2280","41627","2048","5164","757","534","191","4630","703","92875","2435","33059","1451","59816","2181","11301","1009","48515","2129","121911","3357","46273","2011","41379","2002","4894","603","278","118","4616","604","75638","1945","29558","1406","46080","1707","10332","794","35748","1524",
"0400000US54","West Virginia","5151","765","2868","451","824","258","768","251","56","46","25","33","31","30","2044","347","967","208","1077","251","281","116","796","201","2283","424","953","277","826","249","127","90","56","62","71","68","1330","271","766","222","564","167","262","113","302","130",
"0400000US55","Wisconsin","92690","3657","49115","2112","16949","975","15128","887","1821","376","183","63","1638","381","32166","1518","13036","836","19130","1284","3969","582","15161","1133","43575","1950","16314","1010","14633","941","1681","308","410","139","1271","278","27261","1224","13244","837","14017","758","3388","350","10629","582",
"0400000US56","Wyoming","12387","1214","6239","652","1721","354","1648","335","73","96","0","27","73","96","4518","462","3077","375","1441","302","552","191","889","219","6148","739","1914","381","1865","373","49","48","4","7","45","47","4234","472","3098","420","1136","234","455","148","681","207",
"0400000US72","Puerto Rico","395458","7171","196807","3569","50151","1697","49944","1708","207","102","18","20","189","102","146656","3023","141035","2981","5621","541","1642","275","3979","450","198651","4341","47210","1742","47023","1744","187","81","37","34","150","77","151441","3357","145687","3222","5754","583","1808","283","3946","449",
