District,Clinton,Trump,Obama,Romney,Bachelor's,Rank,White Bachelor's,Rank,Median Income,Rank,White Income,Rank
USA,48.4,46.3,51.1,47.3,31.5,177,35.2,199,"$60,293",194,"$65,912",214
AK-AL,37.6,52.8,41.2,55.3,29.2,220,35.6,192,"$76,715",74,"$85,448",81
AL-01,34.1,63.5,37.4,61.8,24.3,311,27.7,305,"$47,952",365,"$57,003",320
AL-02,33.0,64.9,36.4,62.9,22.5,344,25.2,352,"$46,817",373,"$54,917",351
AL-03,32.3,65.3,36.8,62.3,21.7,354,23.2,387,"$46,576",377,"$52,592",383
AL-04,17.4,80.4,24.0,74.8,17.2,412,17.9,428,"$43,458",401,"$45,625",424
AL-05,31.3,64.7,34.9,63.9,31.8,171,33.0,226,"$55,043",256,"$59,834",281
AL-06,26.1,70.8,24.7,74.3,36.1,120,38.0,163,"$65,464",152,"$69,555",185
AL-07,69.8,28.6,72.4,27.1,20.0,389,29.1,287,"$36,447",431,"$53,385",371
AR-01,30.2,65.0,36.3,61.0,16.4,417,17.9,427,"$40,980",419,"$44,982",426
AR-02,41.7,52.4,42.9,54.7,29.6,214,32.3,237,"$50,929",329,"$57,617",311
AR-03,30.5,61.9,31.6,65.5,27.3,255,29.1,286,"$50,554",332,"$52,593",381
AR-04,31.3,64.2,35.9,61.8,16.6,416,18.0,425,"$40,937",420,"$45,565",425
AZ-01,46.6,47.7,47.9,50.4,24.6,303,34.2,207,"$52,705",299,"$61,166",264
AZ-02,49.6,44.7,48.4,49.9,34.0,143,38.9,157,"$52,267",308,"$56,123",333
AZ-03,62.4,32.5,61.4,36.9,16.2,419,26.3,331,"$46,643",376,"$55,631",338
AZ-04,27.5,67.7,31.0,67.2,19.2,400,20.7,411,"$50,135",342,"$49,965",408
AZ-05,36.5,57.6,34.6,63.8,35.9,122,37.1,175,"$74,185",88,"$74,840",145
AZ-06,42.4,52.4,38.8,59.5,44.0,55,47.2,81,"$70,776",108,"$75,335",139
AZ-07,71.8,22.6,71.7,26.5,14.3,427,27.8,303,"$41,714",414,"$48,900",416
AZ-08,37.0,58.1,36.9,61.7,29.4,218,31.0,254,"$65,813",150,"$66,361",210
AZ-09,54.7,38.4,51.1,46.6,38.5,98,45.3,91,"$56,869",237,"$64,433",231
CA-01,36.5,56.2,40.3,56.6,24.4,307,26.0,338,"$51,104",324,"$52,934",375
CA-02,69.0,23.3,69.0,27.0,41.5,69,46.4,85,"$72,596",99,"$77,205",122
CA-03,53.0,40.4,54.3,43.1,25.4,290,29.4,283,"$64,891",156,"$69,482",187
CA-04,39.3,54.0,39.5,57.9,33.3,153,34.0,213,"$75,935",75,"$76,095",135
CA-05,69.2,24.3,69.7,27.5,31.7,172,38.3,159,"$75,524",78,"$79,811",108
CA-06,69.2,24.4,69.1,28.3,28.5,232,37.1,176,"$54,819",263,"$63,723",239
CA-07,52.3,40.9,50.8,46.8,33.4,151,35.2,197,"$74,541",85,"$76,770",125
CA-08,39.6,54.7,41.7,55.6,16.8,414,20.6,413,"$52,244",310,"$55,625",339
CA-09,56.6,38.0,57.8,40.1,20.2,387,25.1,353,"$64,283",163,"$76,677",127
CA-10,48.5,45.5,50.6,47.0,17.6,410,22.1,399,"$62,837",176,"$68,315",193
CA-11,71.5,22.7,67.6,30.0,44.1,53,56.5,36,"$88,762",37,"$106,958",21
CA-12,86.2,8.7,84.1,12.5,58.9,8,77.3,2,"$105,548",13,"$133,153",2
CA-13,87.4,6.8,87.5,9.0,48.2,30,71.2,7,"$75,420",79,"$107,171",20
CA-14,76.9,18.2,74.2,23.6,47.4,33,56.9,33,"$107,681",10,"$121,639",7
CA-15,69.9,24.2,68.0,29.8,44.5,50,46.8,83,"$109,911",8,"$113,439",16
CA-16,58.0,36.4,58.6,39.4,12.6,431,21.8,401,"$43,327",403,"$55,308",347
CA-17,73.9,20.5,71.9,25.5,57.0,11,52.8,48,"$125,675",2,"$117,010",11
CA-18,73.4,20.2,68.2,28.9,62.7,3,65.6,14,"$129,821",1,"$134,480",1
CA-19,72.9,21.5,71.2,26.5,35.9,123,49.6,67,"$98,314",23,"$120,114",8
CA-20,70.4,23.2,70.9,26.2,27.8,248,45.2,93,"$69,872",121,"$84,159",85
CA-21,55.2,39.7,54.6,43.5,8.3,435,17.8,430,"$42,155",410,"$59,609",286
CA-22,42.6,52.1,41.6,56.6,24.9,297,32.6,231,"$59,240",203,"$70,990",176
CA-23,36.1,58.1,36.1,61.5,20.4,381,24.6,362,"$59,119",205,"$65,631",215
CA-24,56.7,36.5,54.1,43.1,34.2,142,44.7,98,"$71,225",105,"$78,286",117
CA-25,50.3,43.6,47.8,49.7,27.6,251,33.2,224,"$79,198",67,"$90,561",61
CA-26,57.9,36.0,54.0,43.7,33.3,155,44.9,95,"$82,350",56,"$93,482",54
CA-27,66.0,28.4,62.6,35.0,42.2,64,54.5,41,"$75,672",76,"$93,787",50
CA-28,72.1,22.3,70.3,26.5,45.3,45,50.1,63,"$66,387",147,"$70,424",177
CA-29,77.7,16.8,77.0,20.5,19.9,391,35.2,198,"$53,324",286,"$57,856",310
CA-30,69.1,25.7,65.3,32.1,43.6,58,50.7,58,"$79,836",66,"$86,697",75
CA-31,57.7,36.6,57.2,40.6,23.6,321,33.1,225,"$61,219",191,"$73,797",151
CA-32,66.6,27.7,65.2,32.5,21.3,362,31.3,252,"$67,871",136,"$74,888",144
CA-33,67.8,26.5,60.6,36.8,64.7,2,67.8,10,"$108,188",9,"$115,965",14
CA-34,83.6,10.7,83.0,14.1,26.4,269,59.4,28,"$42,959",405,"$68,570",192
CA-35,67.7,26.9,67.4,30.6,15.9,422,23.3,385,"$61,852",185,"$66,257",211
CA-36,52.2,43.4,50.7,47.5,20.8,370,30.6,262,"$48,534",359,"$55,442",344
CA-37,85.7,9.6,84.9,12.7,38.6,97,66.6,13,"$57,795",221,"$87,760",68
CA-38,67.0,27.4,64.9,33.0,23.3,330,26.5,328,"$69,596",124,"$75,069",142
CA-39,51.5,42.9,47.1,50.8,41.5,71,42.9,109,"$87,752",41,"$95,060",45
CA-40,82.2,12.8,81.5,16.5,10.0,433,22.6,397,"$46,484",378,"$56,902",321
CA-41,61.0,33.1,61.5,36.3,17.4,411,26.0,339,"$63,921",167,"$76,444",130
CA-42,41.4,53.4,41.4,56.5,25.5,287,27.9,302,"$82,030",58,"$87,208",73
CA-43,78.4,16.7,78.0,20.0,26.4,268,44.7,97,"$57,130",230,"$83,977",86
CA-44,83.0,12.3,84.7,13.6,12.8,430,28.6,290,"$52,173",311,"$64,797",224
CA-45,49.8,44.4,43.0,54.8,54.7,16,55.4,37,"$102,575",17,"$106,696",22
CA-46,66.3,27.9,61.4,36.2,18.9,403,31.4,250,"$63,750",170,"$74,023",147
CA-47,62.6,31.0,60.0,37.5,32.0,168,42.2,116,"$67,451",138,"$83,451",87
CA-48,47.9,46.2,43.0,54.7,45.2,47,52.2,53,"$91,464",32,"$99,424",36
CA-49,50.7,43.2,45.7,52.2,44.8,49,52.4,52,"$87,919",40,"$95,759",43
CA-50,39.6,54.6,37.6,60.4,28.7,231,34.0,211,"$74,605",84,"$80,381",106
CA-51,71.8,22.8,69.4,28.9,14.6,426,25.7,347,"$47,569",369,"$61,609",258
CA-52,58.1,35.6,52.1,45.7,58.4,9,61.6,22,"$94,302",29,"$97,021",39
CA-53,64.5,29.6,61.4,36.4,37.7,106,47.0,82,"$73,421",94,"$78,664",115
CO-01,69.0,23.2,69.0,28.8,47.6,32,61.2,23,"$65,874",148,"$77,962",118
CO-02,56.2,34.9,57.9,39.5,54.8,15,57.1,32,"$78,311",70,"$80,761",101
CO-03,40.0,52.0,45.8,51.8,30.9,193,36.0,186,"$53,778",276,"$58,216",304
CO-04,34.3,57.4,39.2,58.5,34.7,137,39.2,155,"$74,481",86,"$80,236",107
CO-05,33.2,57.2,38.3,59.1,36.2,119,39.9,144,"$63,890",168,"$67,190",203
CO-06,50.2,41.3,51.6,46.5,42.4,62,50.3,61,"$80,264",62,"$90,886",59
CO-07,51.4,39.4,56.1,41.3,33.2,157,39.8,148,"$69,173",127,"$74,987",143
CT-01,59.4,36.3,63.3,35.6,37.0,113,42.2,117,"$72,552",101,"$84,758",82
CT-02,48.7,45.8,55.9,42.6,35.3,129,36.8,180,"$76,947",73,"$80,572",103
CT-03,55.9,40.4,62.6,36.3,36.2,117,39.5,151,"$69,186",126,"$79,368",112
CT-04,59.6,36.6,55.1,44.0,49.6,26,60.9,25,"$95,749",24,"$122,257",6
CT-05,49.9,45.8,53.5,45.3,36.5,116,41.2,130,"$72,591",100,"$82,894",92
DE-AL,53.4,41.9,58.6,40.0,31.4,178,33.7,216,"$65,627",151,"$71,295",174
FL-01,28.2,67.5,30.1,68.5,27.8,246,30.2,274,"$55,779",249,"$60,276",273
FL-02,30.6,66.2,34.0,64.6,23.5,325,24.5,363,"$48,717",358,"$50,960",400
FL-03,40.2,56.2,41.9,56.6,27.1,256,27.9,301,"$49,527",347,"$53,777",366
FL-04,34.1,62.1,32.8,66.1,39.6,87,40.3,137,"$70,059",116,"$72,608",165
FL-05,61.3,35.9,63.6,35.4,20.2,386,23.2,386,"$41,255",417,"$50,298",405
FL-06,39.9,56.9,46.6,52.2,23.8,319,24.8,360,"$48,810",356,"$51,522",392
FL-07,51.4,44.1,49.4,49.4,39.0,94,43.8,103,"$60,137",196,"$67,527",200
FL-08,37.7,58.4,42.1,56.6,29.0,225,30.3,270,"$53,969",273,"$56,534",328
FL-09,54.8,41.9,55.6,43.4,23.6,322,26.9,318,"$51,094",325,"$57,185",315
FL-10,61.8,34.9,60.7,38.4,30.8,194,39.9,146,"$52,843",297,"$67,236",202
FL-11,32.5,64.8,39.8,59.2,20.6,376,21.5,404,"$46,297",382,"$47,189",422
FL-12,38.8,57.4,45.5,53.0,27.5,252,27.1,315,"$52,568",302,"$52,339",384
FL-13,49.6,46.4,54.6,43.9,29.7,211,31.6,248,"$50,319",338,"$52,901",377
FL-14,57.2,39.0,57.6,41.2,35.8,125,46.2,89,"$53,306",287,"$69,002",190
FL-15,43.1,53.1,46.6,52.2,25.2,293,26.6,324,"$54,333",267,"$59,523",288
FL-16,43.0,53.7,45.1,53.7,32.3,166,35.3,196,"$59,440",202,"$62,132",254
FL-17,35.0,62.2,41.3,57.6,21.5,357,23.3,384,"$48,734",357,"$51,264",395
FL-18,44.1,53.3,47.7,51.4,31.1,188,34.5,204,"$58,721",213,"$62,406",247
FL-19,37.5,59.6,38.7,60.5,32.5,162,37.2,174,"$57,611",226,"$62,699",246
FL-20,80.2,18.1,82.5,17.1,21.0,367,27.7,304,"$46,252",383,"$54,670",353
FL-21,58.6,39.1,60.4,38.9,35.0,135,41.5,124,"$58,430",217,"$63,383",243
FL-22,56.8,41.0,56.3,43.0,39.0,93,44.5,99,"$62,550",179,"$69,184",189
FL-23,61.9,35.8,61.4,38.0,39.4,91,41.5,125,"$64,827",157,"$69,503",186
FL-24,82.9,15.4,85.7,13.9,20.1,388,37.8,165,"$39,943",422,"$60,095",280
FL-25,47.9,49.7,44.9,54.5,24.3,310,36.1,185,"$49,970",343,"$72,453",167
FL-26,56.8,40.5,55.4,43.9,26.4,267,35.2,200,"$56,696",242,"$74,607",146
FL-27,58.5,38.9,53.0,46.3,39.4,89,63.7,17,"$55,451",253,"$93,927",49
GA-01,40.9,56.4,43.0,55.9,25.5,286,29.4,282,"$51,484",321,"$59,025",292
GA-02,55.0,43.3,58.6,40.8,17.8,407,23.0,391,"$38,051",428,"$51,333",394
GA-03,32.8,64.3,33.0,65.9,26.5,266,28.6,289,"$57,657",224,"$64,151",234
GA-04,75.3,22.2,73.6,25.6,31.1,187,39.7,149,"$54,824",262,"$67,019",205
GA-05,85.0,11.9,83.1,15.8,41.6,68,72.0,6,"$51,005",326,"$87,728",69
GA-06,46.8,48.3,37.5,60.8,61.1,5,66.8,11,"$90,875",33,"$105,885",23
GA-07,44.8,51.1,38.3,60.2,41.3,75,47.5,77,"$74,060",89,"$89,146",64
GA-08,34.4,63.3,37.5,61.6,21.4,359,24.3,369,"$45,339",392,"$53,698",367
GA-09,19.3,77.8,20.5,78.1,22.8,339,25.3,351,"$53,505",281,"$56,477",330
GA-10,35.8,61.3,36.3,62.5,26.0,280,29.9,281,"$54,034",271,"$62,255",250
GA-11,35.3,60.3,31.5,66.9,41.3,73,43.7,104,"$73,492",92,"$80,481",104
GA-12,40.7,56.9,43.6,55.4,21.1,365,24.5,366,"$44,547",396,"$52,926",376
GA-13,71.0,26.6,69.2,30.0,28.9,230,27.1,316,"$57,839",220,"$62,383",248
GA-14,22.1,75.0,25.3,73.2,17.7,409,18.3,424,"$50,353",336,"$51,863",387
HI-01,63.1,30.5,69.7,29.0,35.4,127,50.0,64,"$81,842",59,"$86,689",76
HI-02,61.4,29.6,71.4,26.7,29.4,217,43.4,107,"$74,621",83,"$73,954",149
IA-01,45.2,48.7,56.2,42.5,26.7,260,27.1,314,"$58,994",208,"$60,835",267
IA-02,45.0,49.1,55.8,42.7,28.2,240,28.4,293,"$54,964",258,"$57,258",313
IA-03,45.0,48.5,51.4,47.2,32.9,159,34.5,206,"$64,818",158,"$67,556",198
IA-04,33.5,60.9,45.3,53.4,24.5,305,25.0,356,"$54,944",260,"$56,605",326
ID-01,25.4,63.7,32.2,64.9,25.2,294,26.5,326,"$53,779",275,"$54,859",352
ID-02,29.8,54.5,33.1,64.1,28.9,229,31.4,251,"$52,323",307,"$54,271",357
IL-01,75.4,21.4,78.9,20.2,28.5,235,36.8,178,"$52,946",294,"$78,963",114
IL-02,78.0,19.1,80.7,18.5,22.6,341,25.4,350,"$49,393",349,"$61,397",260
IL-03,55.2,39.9,55.9,42.6,27.7,249,32.8,230,"$66,819",141,"$73,357",160
IL-04,82.1,13.2,80.9,17.1,24.1,315,49.9,65,"$52,265",309,"$70,324",178
IL-05,70.5,23.9,66.0,31.8,54.5,17,60.5,26,"$82,907",53,"$88,155",67
IL-06,50.2,43.2,45.1,53.3,52.3,24,53.6,44,"$100,088",18,"$103,305",29
IL-07,87.4,9.2,87.2,11.8,41.8,66,75.0,4,"$56,880",236,"$103,586",27
IL-08,58.1,36.4,57.4,40.9,33.6,149,35.6,191,"$70,952",107,"$75,677",136
IL-09,70.1,24.9,65.0,33.3,53.7,21,59.5,27,"$72,003",103,"$83,213",90
IL-10,62.0,32.6,57.5,41.1,45.1,48,52.5,51,"$81,290",60,"$93,224",55
IL-11,58.9,35.4,57.8,40.6,35.2,132,41.5,123,"$75,202",80,"$83,247",89
IL-12,40.2,55.0,49.7,48.1,22.8,337,24.0,374,"$49,322",350,"$53,969",363
IL-13,44.2,49.7,48.6,48.9,30.4,201,30.2,273,"$51,647",318,"$55,902",336
IL-14,44.8,48.7,44.2,54.2,40.8,77,42.0,120,"$93,276",31,"$94,677",47
IL-15,24.5,70.7,34.1,63.9,19.6,398,20.0,419,"$52,661",300,"$53,607",368
IL-16,38.3,55.5,45.2,52.9,22.4,345,22.9,394,"$60,203",194,"$61,700",257
IL-17,46.7,47.4,57.6,40.6,19.1,401,20.6,412,"$48,304",361,"$51,852",388
IL-18,33.3,60.6,37.4,60.7,32.6,161,32.0,242,"$64,372",161,"$64,714",226
IN-01,54.1,41.5,61.2,37.4,23.1,333,26.1,336,"$56,590",243,"$64,776",225
IN-02,36.1,59.3,42.1,56.1,21.8,351,23.1,389,"$52,651",301,"$55,600",340
IN-03,30.1,65.1,35.7,62.5,23.0,336,23.9,376,"$54,265",268,"$56,877",323
IN-04,30.2,64.3,36.9,60.9,26.3,272,26.2,332,"$57,622",225,"$59,262",289
IN-05,41.3,53.1,40.7,57.5,45.4,44,46.3,87,"$69,954",118,"$73,378",159
IN-06,27.4,67.7,37.3,60.4,21.2,364,20.5,414,"$52,883",296,"$53,238",373
IN-07,59.0,36.2,62.9,35.3,23.5,326,28.2,295,"$42,628",408,"$51,430",393
IN-08,30.9,64.6,39.6,58.4,20.9,369,21.1,407,"$50,952",327,"$52,210",385
IN-09,34.2,61.1,40.7,57.2,26.5,264,26.0,340,"$55,768",250,"$57,082",316
KS-01,24.3,69.3,27.6,70.1,24.7,299,27.3,310,"$50,947",328,"$52,641",380
KS-02,37.4,55.8,42.2,55.4,29.0,227,30.0,279,"$53,367",283,"$55,378",345
KS-03,47.2,46.0,44.3,53.8,47.2,37,52.5,50,"$74,412",87,"$83,146",91
KS-04,33.0,60.2,36.1,61.6,29.2,221,31.7,245,"$54,768",264,"$58,804",298
KY-01,23.9,72.4,32.1,66.4,16.6,415,16.9,431,"$42,114",412,"$43,983",429
KY-02,27.6,67.5,35.1,63.3,20.2,385,20.3,418,"$50,611",331,"$51,920",386
KY-03,54.9,39.9,55.7,42.8,31.9,170,35.6,190,"$53,348",284,"$60,237",275
KY-04,29.3,65.2,34.8,63.4,27.8,247,28.0,297,"$61,835",187,"$63,578",241
KY-05,17.5,79.6,23.2,75.0,13.0,429,13.0,435,"$32,884",434,"$33,078",434
KY-06,39.4,54.7,42.2,55.8,31.3,180,32.3,239,"$52,340",305,"$55,343",346
LA-01,26.7,68.7,26.9,70.9,30.5,200,33.5,218,"$59,050",206,"$65,491",217
LA-02,74.6,22.2,75.8,22.8,23.3,329,36.3,184,"$39,372",424,"$61,380",261
LA-03,29.2,67.3,32.3,66.1,21.3,361,24.4,367,"$48,996",355,"$57,261",312
LA-04,36.6,60.6,39.7,59.0,19.7,397,22.8,396,"$41,366",416,"$51,796",389
LA-05,34.1,63.5,37.7,61.0,17.7,408,20.9,410,"$38,462",426,"$49,407",414
LA-06,31.0,64.8,32.0,66.1,29.2,224,31.3,253,"$62,778",177,"$71,060",175
MA-01,57.2,36.5,64.0,34.3,29.8,209,33.3,221,"$56,757",240,"$65,320",219
MA-02,56.2,36.8,58.7,39.2,38.6,96,39.9,145,"$68,685",129,"$73,510",154
MA-03,58.2,35.4,56.9,41.4,37.7,107,42.0,118,"$77,597",71,"$86,143",79
MA-04,59.2,35.0,57.2,41.3,50.9,25,50.4,60,"$99,343",19,"$100,197",33
MA-05,69.3,25.7,65.2,33.1,57.3,10,59.1,29,"$94,843",27,"$99,540",34
MA-06,56.1,38.2,54.7,43.9,44.4,51,46.3,86,"$87,696",42,"$92,147",56
MA-07,84.1,11.9,82.5,15.6,44.3,52,64.4,15,"$63,501",173,"$88,813",65
MA-08,60.4,34.4,57.8,40.8,46.9,38,49.9,66,"$88,174",38,"$94,384",48
MA-09,52.5,41.8,55.5,43.1,35.1,133,36.8,179,"$70,248",114,"$73,493",155
MD-01,33.4,62.0,37.7,60.4,31.2,183,32.6,232,"$73,980",90,"$79,454",110
MD-02,60.1,35.7,63.1,35.0,32.2,167,32.3,236,"$69,242",125,"$72,665",164
MD-03,62.8,32.3,60.7,37.1,48.1,31,52.8,49,"$88,161",39,"$97,107",38
MD-04,77.2,19.7,78.1,20.8,33.7,148,48.3,74,"$82,585",55,"$108,172",19
MD-05,64.1,32.1,66.1,32.4,35.2,131,36.9,177,"$98,488",21,"$102,903",30
MD-06,55.3,40.2,55.2,42.8,42.1,65,42.0,119,"$79,984",63,"$79,214",113
MD-07,75.8,20.2,76.2,22.3,38.3,99,58.8,30,"$62,550",179,"$100,844",32
MD-08,65.0,30.6,62.0,36.0,55.3,14,61.2,24,"$103,768",15,"$116,162",13
ME-01,54.1,39.3,59.6,38.2,37.8,104,38.1,162,"$63,935",165,"$64,819",223
ME-02,41.1,51.4,53.0,44.4,23.7,320,23.7,380,"$48,215",362,"$48,701",417
MI-01,36.6,57.9,45.3,53.6,25.4,289,26.2,333,"$49,063",353,"$49,663",412
MI-02,38.2,55.8,43.1,56.0,26.0,278,28.0,298,"$55,642",251,"$58,423",300
MI-03,42.2,51.6,45.8,53.1,31.3,179,33.4,219,"$58,815",210,"$63,047",245
MI-04,34.7,59.5,45.5,53.5,21.6,355,21.5,403,"$50,279",339,"$50,570",402
MI-05,49.7,45.5,60.7,38.3,19.6,399,20.9,409,"$45,375",391,"$49,863",411
MI-06,42.9,51.3,48.8,50.2,28.0,241,28.9,288,"$53,400",282,"$56,701",325
MI-07,38.7,55.7,47.9,51.0,24.2,312,24.5,365,"$59,123",204,"$60,239",274
MI-08,43.9,50.6,48.0,51.1,40.5,80,40.2,140,"$70,437",111,"$73,813",150
MI-09,51.5,43.7,57.2,41.9,30.1,204,30.7,259,"$57,774",222,"$60,700",270
MI-10,31.6,63.8,43.7,55.3,23.4,327,23.1,388,"$63,571",171,"$63,851",236
MI-11,45.3,49.7,46.9,52.3,47.4,34,45.0,94,"$83,052",52,"$82,349",95
MI-12,60.8,34.5,66.2,32.8,34.7,138,33.9,214,"$58,454",216,"$61,267",262
MI-13,78.8,18.1,85.2,14.3,15.4,425,18.6,423,"$34,693",433,"$45,938",423
MI-14,79.2,18.3,81.0,18.6,30.9,192,47.5,78,"$45,921",389,"$66,983",206
MN-01,38.4,53.3,49.6,48.2,28.5,236,29.4,284,"$61,735",188,"$63,744",238
MN-02,45.3,46.5,49.1,49.0,38.9,95,40.4,135,"$83,585",50,"$86,573",77
MN-03,50.8,41.4,49.6,48.8,49.3,27,51.5,54,"$88,852",36,"$93,580",53
MN-04,61.5,30.6,62.5,35.5,43.4,59,49.1,69,"$68,928",128,"$77,020",123
MN-05,73.7,18.5,73.5,24.0,45.8,42,54.5,42,"$61,851",186,"$72,401",168
MN-06,33.2,58.9,41.5,56.5,30.2,202,30.5,266,"$79,860",65,"$81,358",99
MN-07,31.0,61.8,44.1,53.9,22.1,349,22.9,392,"$57,094",231,"$59,004",293
MN-08,38.6,54.2,51.7,46.2,23.3,331,23.7,378,"$55,943",248,"$56,878",322
MO-01,77.0,18.8,79.9,18.9,31.9,169,43.8,102,"$45,385",390,"$58,893",295
MO-02,42.3,52.6,41.4,57.1,48.8,29,48.4,72,"$82,172",57,"$82,439",94
MO-03,28.1,67.1,36.1,62.0,26.0,279,25.8,345,"$63,382",175,"$64,338",232
MO-04,29.3,65.3,36.4,61.2,25.1,296,25.0,357,"$50,178",341,"$51,190",397
MO-05,54.1,40.6,58.9,39.4,27.9,242,32.3,238,"$50,328",337,"$57,924",309
MO-06,31.7,63.1,37.9,60.0,27.9,244,28.2,296,"$59,931",199,"$60,537",272
MO-07,24.7,70.4,30.3,67.6,24.1,314,24.5,364,"$46,211",385,"$47,197",421
MO-08,21.0,75.4,32.0,65.9,16.1,421,16.3,432,"$41,701",415,"$42,721",432
MS-01,32.4,65.4,37.0,61.9,20.5,377,23.0,390,"$46,694",375,"$52,887",378
MS-02,63.6,35.1,66.4,33.0,19.1,402,25.4,349,"$35,601",432,"$54,164",360
MS-03,36.8,61.3,39.1,60.0,26.0,277,31.0,256,"$46,349",381,"$59,072",291
MS-04,28.2,69.4,31.2,67.6,21.5,358,23.5,381,"$46,127",386,"$53,182",374
MT-AL,35.9,56.5,41.7,55.4,31.2,182,32.5,235,"$52,559",303,"$54,051",361
NC-01,67.5,30.5,68.1,31.2,27.6,250,37.5,167,"$43,636",399,"$57,932",308
NC-02,43.6,53.2,43.0,56.0,35.3,130,39.7,150,"$68,205",133,"$77,483",121
NC-03,36.9,60.5,40.6,58.5,23.6,323,27.0,317,"$49,868",344,"$55,926",334
NC-04,68.2,28.2,64.5,34.2,53.7,20,62.7,18,"$69,888",119,"$82,021",96
NC-05,39.8,57.4,42.3,56.5,26.3,274,28.0,300,"$46,116",387,"$50,454",404
NC-06,41.4,56.1,43.2,55.9,24.4,309,27.5,308,"$49,242",351,"$55,561",341
NC-07,39.9,57.6,43.2,55.9,25.3,291,30.0,277,"$47,599",368,"$54,996",350
NC-08,41.1,56.1,44.4,54.7,26.3,273,28.2,294,"$52,011",315,"$58,311",301
NC-09,42.8,54.4,43.8,55.4,33.8,146,40.8,134,"$58,791",211,"$73,044",161
NC-10,36.4,61.0,40.4,58.5,24.1,313,26.2,335,"$47,761",367,"$51,198",396
NC-11,34.0,63.2,39.1,59.6,25.3,292,26.4,330,"$46,044",388,"$47,785",419
NC-12,68.4,28.4,67.8,31.3,40.2,83,53.5,47,"$58,604",215,"$78,606",116
NC-13,44.0,53.4,46.1,52.9,28.5,233,31.5,249,"$50,489",333,"$58,425",299
ND-AL,27.7,64.1,38.9,58.7,29.5,215,30.4,267,"$63,473",174,"$66,668",208
NE-01,36.2,57.5,40.8,57.5,31.5,177,32.9,228,"$59,534",200,"$62,182",252
NE-02,46.0,48.2,45.7,52.8,39.8,85,44.3,100,"$65,816",149,"$74,005",148
NE-03,20.0,74.9,27.8,70.2,22.2,348,23.7,379,"$53,115",289,"$54,489",355
NH-01,46.6,48.2,50.2,48.6,37.2,112,37.2,173,"$75,028",82,"$76,392",131
NH-02,48.6,46.2,54.2,44.5,35.8,124,35.5,193,"$73,039",96,"$73,536",153
NJ-01,60.6,36.1,65.1,33.8,31.3,181,34.0,212,"$70,270",113,"$80,408",105
NJ-02,46.0,50.6,53.5,45.4,26.1,275,30.5,264,"$63,862",169,"$73,597",152
NJ-03,45.2,51.4,51.8,47.2,33.9,145,34.5,205,"$79,880",64,"$80,978",100
NJ-04,41.0,55.8,44.7,54.2,40.3,81,42.7,112,"$83,372",51,"$87,047",74
NJ-05,47.7,48.8,47.9,50.9,47.3,36,47.4,79,"$102,923",16,"$105,445",25
NJ-06,56.2,40.6,61.4,37.4,39.4,90,38.7,158,"$82,747",54,"$87,334",71
NJ-07,48.6,47.5,46.3,52.5,53.2,22,54.5,40,"$113,685",4,"$116,846",12
NJ-08,75.7,21.5,78.3,20.8,32.8,160,50.5,59,"$59,973",198,"$86,513",78
NJ-09,64.3,33.1,68.4,30.8,33.6,150,39.2,154,"$67,471",137,"$80,689",102
NJ-10,85.2,12.8,87.9,11.5,29.2,223,46.3,88,"$52,967",293,"$76,951",124
NJ-11,47.9,48.8,46.6,52.4,54.1,18,54.4,43,"$111,802",6,"$112,208",17
NJ-12,65.0,31.8,66.5,32.4,45.2,46,48.8,70,"$86,660",44,"$95,814",42
NM-01,51.6,35.1,55.3,39.6,33.0,158,47.2,80,"$50,680",330,"$60,782",269
NM-02,39.9,50.1,44.9,51.7,20.6,374,30.7,261,"$42,957",406,"$51,759",390
NM-03,51.8,36.7,57.5,38.7,27.3,254,42.6,113,"$50,407",335,"$62,151",253
NV-01,61.6,32.6,65.6,32.4,15.4,424,21.5,402,"$40,489",421,"$43,789",430
NV-02,39.7,52.0,44.8,52.9,26.6,261,30.4,268,"$61,259",190,"$64,501",230
NV-03,46.5,47.5,49.5,48.7,32.4,164,34.2,208,"$70,660",110,"$73,432",157
NV-04,49.5,44.6,54.4,43.7,21.0,368,25.7,346,"$58,618",214,"$65,038",221
NY-01,42.2,54.5,49.6,49.1,35.7,126,37.7,166,"$93,892",30,"$96,962",40
NY-02,43.9,53.0,51.6,47.2,30.9,191,35.2,199,"$98,595",20,"$103,378",28
NY-03,51.6,45.5,50.8,48.2,52.7,23,55.1,38,"$113,428",5,"$117,783",9
NY-04,53.4,43.8,56.3,42.8,42.3,63,49.4,68,"$105,685",12,"$114,429",15
NY-05,85.7,12.7,90.6,9.1,25.6,284,37.4,170,"$69,886",120,"$72,519",166
NY-06,65.1,32.1,67.8,31.0,36.2,118,42.8,110,"$64,428",160,"$72,060",170
NY-07,86.9,10.4,88.3,10.3,33.8,147,61.7,21,"$55,497",252,"$95,062",44
NY-08,84.6,13.5,89.3,10.1,32.5,163,53.5,45,"$52,077",313,"$72,957",162
NY-09,83.5,14.4,85.3,13.8,38.0,102,62.6,19,"$56,823",239,"$84,225",84
NY-10,78.3,18.8,73.6,25.0,60.8,6,70.6,8,"$90,440",34,"$105,598",24
NY-11,43.8,53.6,51.6,47.3,35.1,134,38.3,161,"$72,388",102,"$79,381",111
NY-12,83.3,13.5,76.9,21.5,72.7,1,79.9,1,"$104,574",14,"$117,779",10
NY-13,92.3,5.4,94.6,4.6,31.0,190,72.1,5,"$42,151",411,"$83,318",88
NY-14,77.7,19.8,80.7,18.3,26.3,271,40.3,138,"$56,913",235,"$68,146",195
NY-15,93.8,4.9,96.7,3.0,13.4,428,28.0,299,"$28,460",435,"$29,202",435
NY-16,75.1,22.5,73.7,25.5,39.8,86,56.7,34,"$70,004",117,"$99,289",37
NY-17,58.6,38.4,57.1,41.8,46.2,39,53.5,46,"$98,316",22,"$109,082",18
NY-18,47.1,49.0,51.4,47.1,36.0,121,39.1,156,"$84,705",48,"$91,256",57
NY-19,44.0,50.8,52.1,45.9,28.9,228,29.9,280,"$62,281",183,"$63,549",242
NY-20,54.0,40.5,59.2,38.8,38.2,100,40.0,143,"$66,444",144,"$72,374",169
NY-21,40.0,53.9,52.2,46.1,23.8,318,24.4,368,"$55,200",254,"$55,694",337
NY-22,39.3,54.8,48.8,49.2,24.7,300,24.9,358,"$53,732",278,"$55,478",343
NY-23,39.7,54.5,48.4,49.6,26.1,276,25.8,344,"$51,223",323,"$52,745",379
NY-24,48.9,45.3,57.0,41.1,30.8,195,32.1,240,"$57,560",227,"$61,511",259
NY-25,55.5,39.1,58.8,39.4,37.6,108,43.1,108,"$56,974",234,"$66,013",213
NY-26,57.6,38.0,63.9,34.3,31.5,176,34.7,202,"$49,151",352,"$57,061",317
NY-27,35.2,59.7,42.9,55.3,30.0,205,30.5,263,"$65,142",154,"$66,252",212
OH-01,44.6,51.2,46.3,52.4,34.6,139,38.0,164,"$58,727",212,"$70,127",179
OH-02,39.7,55.8,43.7,54.7,31.5,175,32.0,241,"$57,316",228,"$59,760",284
OH-03,67.0,28.6,69.7,28.9,28.3,239,33.5,217,"$47,009",372,"$56,231",332
OH-04,30.7,64.3,42.0,56.0,17.9,406,17.9,426,"$53,746",277,"$55,208",349
OH-05,34.6,59.7,44.1,53.9,26.5,263,26.6,323,"$58,998",207,"$60,104",279
OH-06,26.7,69.3,42.7,55.2,16.2,418,16.2,433,"$47,533",370,"$48,136",418
OH-07,32.8,62.5,44.2,53.7,20.3,383,20.5,415,"$55,108",255,"$56,555",327
OH-08,30.6,65.1,36.4,61.9,24.4,306,24.2,370,"$58,060",219,"$59,788",283
OH-09,58.7,36.5,67.6,30.9,22.2,347,25.5,348,"$43,718",398,"$50,058",407
OH-10,44.0,51.3,48.2,50.1,29.7,212,30.8,258,"$52,467",304,"$58,204",305
OH-11,80.5,17.0,82.7,16.5,27.0,257,41.9,122,"$36,851",429,"$57,190",314
OH-12,41.9,53.2,43.9,54.4,41.2,76,40.3,136,"$73,376",95,"$73,445",156
OH-13,51.1,44.6,62.9,35.4,22.8,338,23.8,377,"$45,087",393,"$49,056",415
OH-14,42.1,53.6,47.6,50.9,34.9,136,34.8,201,"$67,937",135,"$68,698",191
OH-15,39.9,55.3,46.3,51.9,31.7,173,31.0,255,"$63,542",172,"$63,856",235
OH-16,39.5,56.1,45.2,53.4,33.9,144,33.4,220,"$66,805",142,"$66,942",207
OK-01,32.7,61.4,34.2,65.8,30.0,206,33.7,215,"$54,859",261,"$60,617",271
OK-02,22.8,72.9,32.2,67.8,17.0,413,17.8,429,"$42,319",409,"$44,145",428
OK-03,20.9,73.6,26.1,73.9,22.6,343,24.1,373,"$51,611",319,"$54,015",362
OK-04,28.3,65.7,32.9,67.1,25.2,295,25.9,341,"$56,380",245,"$58,970",294
OK-05,39.8,53.2,40.8,59.2,30.7,196,36.5,181,"$51,669",317,"$60,163",277
OR-01,57.3,34.5,57.3,40.0,41.3,74,42.6,114,"$73,956",91,"$75,455",138
OR-02,36.4,56.5,40.5,56.8,24.7,302,26.5,327,"$51,574",320,"$52,593",381
OR-03,70.7,22.5,72.0,24.7,40.5,79,44.8,96,"$64,361",162,"$70,089",180
OR-04,46.1,46.0,51.7,45.0,26.6,262,26.8,319,"$49,031",354,"$49,937",410
OR-05,48.3,44.1,50.5,47.1,30.7,197,33.3,222,"$62,502",181,"$64,909",222
PA-01,49.1,47.1,50.2,48.6,40.8,78,40.9,133,"$85,251",47,"$88,269",66
PA-02,72.9,24.9,77.4,21.8,20.3,384,26.2,334,"$42,666",407,"$53,600",369
PA-03,90.9,7.0,91.7,7.6,38.1,101,68.6,9,"$45,084",394,"$77,838",119
PA-04,57.8,38.5,56.1,42.8,47.4,35,48.2,75,"$87,310",43,"$91,038",58
PA-05,62.6,34.4,63.4,35.7,36.9,114,41.9,121,"$66,393",146,"$81,406",98
PA-06,52.6,43.3,51.0,47.8,44.1,54,48.4,73,"$81,257",61,"$89,816",63
PA-07,48.7,47.6,52.9,45.9,29.0,226,31.7,247,"$64,239",164,"$69,576",183
PA-08,43.7,53.3,55.3,43.4,24.8,298,25.9,342,"$53,515",280,"$54,269",358
PA-09,31.0,65.0,41.2,57.2,20.8,371,21.2,405,"$57,267",229,"$58,050",306
PA-10,43.4,52.3,46.0,52.6,31.1,185,33.2,223,"$62,720",178,"$67,538",199
PA-11,34.7,60.5,38.0,60.5,25.8,283,26.5,325,"$65,019",155,"$67,668",197
PA-12,29.7,66.1,36.8,61.5,22.7,340,22.2,398,"$53,067",291,"$53,789",365
PA-13,25.5,71.2,32.1,66.6,19.7,396,19.8,422,"$53,076",290,"$53,846",364
PA-14,33.9,62.9,40.6,58.3,26.4,270,26.6,322,"$57,045",233,"$58,001",307
PA-15,26.5,69.8,35.7,62.6,19.9,390,20.0,420,"$49,714",346,"$49,955",409
PA-16,37.9,57.9,46.9,51.7,27.0,258,27.4,309,"$52,340",305,"$54,260",359
PA-17,46.8,49.4,47.2,51.7,40.3,82,40.2,141,"$66,495",143,"$68,222",194
PA-18,62.1,34.6,63.5,35.2,37.3,109,39.8,147,"$51,380",322,"$58,874",297
RI-01,60.5,34.9,66.2,32.2,33.2,156,37.4,168,"$58,290",218,"$66,642",209
RI-02,51.1,44.0,59.8,38.3,33.3,152,35.8,189,"$68,294",131,"$72,925",163
SC-01,40.4,53.5,40.2,58.3,39.5,88,45.3,92,"$67,068",140,"$75,612",137
SC-02,38.6,56.3,39.4,59.1,33.3,154,36.5,182,"$58,931",209,"$65,101",220
SC-03,29.0,67.0,33.9,64.5,21.6,356,24.2,371,"$46,444",379,"$51,130",399
SC-04,34.5,60.2,36.2,62.2,31.2,184,35.9,188,"$53,725",279,"$61,190",263
SC-05,38.8,57.3,43.6,55.1,23.6,324,27.3,311,"$50,428",334,"$58,239",303
SC-06,66.8,30.3,70.9,28.1,19.7,395,27.6,306,"$36,835",430,"$49,458",413
SC-07,39.1,58.0,44.4,54.5,21.0,366,24.8,361,"$44,253",397,"$51,744",391
SD-AL,31.7,61.5,39.9,57.9,28.5,234,30.3,269,"$56,499",244,"$59,813",282
TN-01,19.7,76.7,25.7,72.7,19.8,393,19.9,421,"$42,052",413,"$42,927",431
TN-02,29.7,65.1,30.9,67.3,30.5,199,30.9,257,"$52,741",298,"$55,265",348
TN-03,30.2,65.4,35.1,63.3,23.4,328,24.1,372,"$48,198",363,"$51,158",398
TN-04,27.4,68.6,33.1,65.3,23.1,334,23.4,383,"$53,160",288,"$54,631",354
TN-05,56.5,38.2,55.9,42.5,37.8,105,43.5,106,"$56,053",246,"$64,514",229
TN-06,23.7,72.6,29.5,69.1,22.0,350,22.0,400,"$52,980",292,"$53,310",372
TN-07,28.2,67.5,32.9,65.7,29.4,216,30.2,272,"$56,857",238,"$59,075",290
TN-08,30.7,66.3,32.9,66.1,29.3,219,30.7,260,"$57,726",223,"$62,207",251
TN-09,77.5,19.8,78.4,20.9,24.0,316,40.0,142,"$39,903",423,"$57,061",317
TX-01,25.3,72.2,27.5,71.6,20.8,372,25.1,354,"$49,465",348,"$56,248",331
TX-02,43.1,52.4,35.6,62.9,41.3,72,50.7,57,"$78,481",69,"$94,871",46
TX-03,40.6,54.8,34.2,64.3,53.9,19,55.0,39,"$94,366",28,"$101,456",31
TX-04,21.8,75.4,24.8,74.0,21.8,353,23.9,375,"$54,404",265,"$59,594",287
TX-05,34.3,62.7,34.4,64.5,20.4,380,25.1,355,"$51,869",316,"$58,881",296
TX-06,41.9,54.2,40.8,57.9,29.7,210,34.1,210,"$68,263",132,"$76,573",128
TX-07,48.5,47.1,38.6,59.9,49.2,28,61.8,20,"$75,170",81,"$99,458",35
TX-08,23.9,72.7,21.7,77.0,31.1,189,34.1,209,"$70,669",109,"$76,743",126
TX-09,79.3,18.0,78.0,21.1,24.7,301,43.9,101,"$48,091",364,"$62,365",249
TX-10,43.2,52.3,38.8,59.1,39.8,84,46.7,84,"$75,663",77,"$85,938",80
TX-11,19.1,77.8,19.6,79.2,21.2,363,27.2,313,"$56,714",241,"$59,702",285
TX-12,32.7,62.9,31.7,66.8,31.1,186,35.4,194,"$67,078",139,"$73,397",158
TX-13,16.9,79.9,18.5,80.2,20.5,379,24.9,359,"$52,057",314,"$57,044",319
TX-14,38.4,58.2,39.5,59.3,24.0,317,30.1,275,"$60,706",192,"$75,251",141
TX-15,56.7,40.0,57.4,41.5,19.9,392,31.9,243,"$44,590",395,"$67,057",204
TX-16,67.9,27.2,64.2,34.5,24.6,304,41.3,128,"$46,212",384,"$61,792",255
TX-17,38.8,56.3,37.7,60.4,30.5,198,36.3,183,"$53,336",285,"$60,946",266
TX-18,76.5,20.0,76.1,22.8,22.6,342,50.3,62,"$46,379",380,"$81,561",97
TX-19,23.5,72.5,25.0,73.6,22.3,346,30.0,278,"$49,812",345,"$56,522",329
TX-20,61.0,34.3,58.9,39.7,24.4,308,41.0,132,"$52,104",312,"$65,810",214
TX-21,42.5,52.5,37.9,59.8,45.8,41,50.7,56,"$69,797",122,"$76,515",129
TX-22,44.2,52.1,36.7,62.1,45.6,43,48.2,76,"$95,463",25,"$105,069",26
TX-23,49.8,46.4,48.1,50.7,21.8,352,40.2,139,"$54,015",272,"$79,499",109
TX-24,44.5,50.7,38.0,60.4,45.9,40,51.1,55,"$73,454",93,"$87,283",72
TX-25,40.2,55.1,37.8,59.9,37.9,103,41.2,129,"$70,199",115,"$76,209",132
TX-26,34.4,60.9,30.7,67.6,43.8,57,46.1,90,"$89,458",35,"$96,215",41
TX-27,36.5,60.1,38.2,60.5,19.7,394,28.4,292,"$54,353",266,"$64,333",233
TX-28,58.3,38.5,60.3,38.7,18.5,405,27.2,312,"$47,834",366,"$65,578",216
TX-29,71.1,25.4,65.9,33.0,10.1,432,20.4,416,"$43,626",400,"$50,458",403
TX-30,79.1,18.3,79.6,19.6,20.3,382,41.4,126,"$46,787",374,"$69,681",182
TX-31,40.8,53.5,38.3,59.6,35.4,128,39.5,152,"$71,039",106,"$77,564",120
TX-32,48.5,46.6,41.5,57.0,43.9,56,56.6,35,"$72,815",97,"$90,656",60
TX-33,72.9,23.7,72.0,27.1,10.0,434,22.9,393,"$41,063",418,"$50,068",406
TX-34,59.2,37.7,60.8,38.3,15.8,423,27.6,307,"$38,824",425,"$53,572",370
TX-35,64.1,30.5,63.0,34.6,20.7,373,36.0,187,"$48,318",360,"$61,075",265
TX-36,25.2,72.0,25.7,73.2,18.8,404,20.9,408,"$60,468",193,"$63,675",240
UT-01,22.4,49.7,20.4,77.4,29.9,207,32.5,234,"$68,431",130,"$71,757",172
UT-02,32.0,46.0,29.2,68.0,32.3,165,35.4,195,"$61,310",189,"$64,712",227
UT-03,23.3,47.2,19.5,78.3,41.5,70,43.6,105,"$71,756",104,"$75,298",140
UT-04,32.4,39.1,30.2,67.2,30.2,203,32.9,227,"$72,648",98,"$76,176",133
VA-01,41.2,53.6,43.4,55.3,36.5,115,39.3,153,"$86,340",45,"$90,327",62
VA-02,45.4,48.8,48.2,50.5,34.6,140,38.3,160,"$69,721",123,"$76,148",134
VA-03,63.6,31.9,67.6,31.3,26.5,265,32.6,233,"$54,226",270,"$67,360",201
VA-04,58.7,37.1,60.3,38.5,29.2,222,37.4,169,"$57,062",232,"$71,426",173
VA-05,42.3,53.4,45.9,52.5,27.9,243,31.7,246,"$54,239",269,"$60,206",276
VA-06,34.9,59.7,39.5,58.8,27.4,253,29.2,285,"$53,804",274,"$56,773",324
VA-07,44.0,50.5,44.1,54.6,39.2,92,42.4,115,"$77,047",72,"$82,624",93
VA-08,73.5,20.9,67.8,31.0,61.8,4,77.1,3,"$106,421",11,"$129,128",3
VA-09,27.3,68.8,34.9,63.1,20.6,375,20.4,417,"$43,426",402,"$44,361",427
VA-10,52.2,42.2,48.8,49.9,55.5,13,58.1,31,"$124,627",3,"$128,053",4
VA-11,66.9,27.5,62.5,36.3,55.5,12,66.7,12,"$110,462",7,"$127,109",5
VT-AL,56.7,30.3,67.0,31.2,37.3,110,37.3,172,"$60,076",197,"$60,787",268
WA-01,54.1,37.8,54.1,43.3,43.3,60,41.3,127,"$95,296",26,"$93,632",52
WA-02,56.9,34.8,59.2,38.0,31.6,174,32.8,229,"$68,114",134,"$69,848",181
WA-03,42.5,49.9,47.9,49.6,25.6,285,26.1,337,"$63,926",166,"$65,399",218
WA-04,35.1,57.9,37.9,59.7,20.5,378,26.7,321,"$56,028",247,"$63,114",244
WA-05,39.1,52.2,43.7,53.5,29.6,213,30.2,271,"$52,942",295,"$54,299",356
WA-06,51.8,39.5,56.1,41.2,29.8,208,31.8,244,"$62,502",181,"$64,705",228
WA-07,82.1,12.2,79.2,18.1,60.4,7,64.0,16,"$86,312",46,"$93,659",51
WA-08,47.7,44.7,49.7,48.1,34.4,141,34.7,203,"$83,593",49,"$84,578",83
WA-09,70.5,23.3,68.3,29.6,42.6,61,48.7,71,"$78,578",68,"$87,407",70
WA-10,51.3,39.9,56.3,41.1,28.3,238,30.5,265,"$64,796",159,"$68,094",196
WI-01,42.3,52.6,47.4,51.6,28.4,237,30.1,276,"$65,354",153,"$69,563",184
WI-02,65.8,29.0,68.3,30.5,41.8,67,42.7,111,"$66,415",145,"$69,281",188
WI-03,44.8,49.3,54.8,43.8,25.5,288,25.9,343,"$54,960",259,"$55,496",342
WI-04,74.0,21.8,75.3,23.8,27.9,245,41.1,131,"$43,061",404,"$58,296",302
WI-05,37.3,57.4,37.7,61.3,37.2,111,37.3,171,"$70,304",112,"$71,858",171
WI-06,38.8,55.7,45.8,53.1,25.8,282,26.4,329,"$59,455",201,"$60,116",278
WI-07,37.3,57.7,47.8,50.9,23.1,335,23.4,382,"$55,016",257,"$55,913",335
WI-08,38.6,56.2,47.6,51.3,26.0,281,26.7,320,"$60,166",195,"$61,777",256
WV-01,26.4,68.0,35.5,62.2,23.2,332,22.8,395,"$47,158",371,"$47,669",420
WV-02,29.4,65.8,38.0,60.0,21.4,360,21.2,406,"$50,183",340,"$50,750",401
WV-03,23.3,72.5,32.8,65.0,16.1,420,15.9,434,"$38,191",427,"$38,680",433
WY-AL,22.5,70.1,28.0,69.2,26.9,259,28.5,291,"$62,268",184,"$63,842",237