ID,Label,T_10_CENS_Total,T_10_CENS_White,T_10_CENS_Hispanic,T_10_CENS_Black,T_10_CENS_Asian,T_10_CENS_Native,T_10_CENS_Pacific,T_10_CENS_BlackAlone,T_10_CENS_AsianAlone,T_10_CENS_NativeAlone,T_10_CENS_OtherAlone,T_10_CENS_TwoOrMore,V_10_VAP_Total,V_10_VAP_White,V_10_VAP_Hispanic,V_10_VAP_Black,V_10_VAP_Asian,V_10_VAP_Native,V_10_VAP_Pacific,V_10_VAP_BlackAlone,V_10_VAP_AsianAlone,V_10_VAP_NativeAlone,V_10_VAP_OtherAlone,V_10_VAP_TwoOrMore,E_08_PRES_Total,E_08_PRES_Dem,E_08_PRES_Rep
0,Un,0,0,0,0,0,0,0,0,0,0,0,0,0,0,0,0,0,0,0,0,0,0,0,0,0,0,0
1,1,702905,555872,84261,14388,22959,32280,3061,9066,16472,13249,1232,21656,554136,455291,54690,9560,15333,21950,1994,7446,11975,9738,984,13173,316755,139534,177208
2,2,702905,511716,116969,16805,34076,31062,3286,11115,23714,14754,2070,21359,555305,423500,78229,12121,24017,20948,2231,9285,18946,10401,1554,12428,346621,255491,91129
3,3,702906,357493,195247,54256,88532,21214,7913,41303,69665,6112,1875,28113,526206,290101,124246,37234,65491,14119,4950,31967,55605,4599,1521,15749,248827,139674,109154
4,4,702906,549759,86868,12843,38955,20345,3453,8301,27801,7361,1397,20231,544601,441207,56598,8510,26278,14225,2160,6659,21016,5616,1021,11542,337472,149990,187497
5,5,702905,370810,180559,56657,89674,17544,7136,45219,73967,4421,1512,23214,544581,313874,117326,39213,67271,12133,4792,33968,59175,3443,1032,13229,297741,215830,81919
6,6,702905,273251,189445,111524,126639,20733,14843,88343,105178,4236,1763,32171,521275,228050,121466,73353,91097,13926,9984,63267,79465,3361,1187,18339,233674,162932,70736
7,7,702904,401755,113339,67103,117074,15739,9743,51612,95784,3598,1714,30288,525190,321672,71905,43331,81296,10555,6549,37057,70748,2809,1255,16124,289398,152694,136709
8,8,702905,352775,248397,66112,29587,21619,5227,52720,19858,6891,1283,18586,503201,281907,152327,40400,20568,14720,3097,35171,15849,5355,854,10068,215140,93613,121523
9,9,702904,259295,261187,72627,115952,16748,7423,58005,93246,3200,1259,23573,497569,209099,162458,45461,79164,10947,4574,39695,68185,2481,789,12539,215779,125120,90654
10,10,702905,326037,281702,32370,58306,16975,9007,22840,42338,3747,1423,20768,500233,259025,174471,20220,39477,11377,5943,16501,31362,2991,947,11896,216167,111168,105006
11,11,702906,341787,179637,74432,107150,10890,6451,62369,87212,1739,2221,24964,536433,281284,118386,52937,80765,7593,4208,47169,70943,1407,1509,13537,305517,216315,89194
12,12,702905,309243,103175,50915,239275,9714,5492,41240,219532,1645,2178,23062,612806,283774,82849,40785,203352,7939,3985,34394,190707,1503,1676,15845,331972,288042,43931
13,13,702906,240440,146515,153737,165555,13689,6352,134680,145245,2009,2402,28356,562583,210181,101130,117301,132944,9926,4284,106572,121784,1668,1703,17153,313363,281159,32201
14,14,702905,259672,170583,30665,236699,8242,14528,22723,213217,1124,2739,23424,553819,218117,121113,23121,185192,5848,10051,18970,173082,936,1880,12910,266142,199481,66655
15,15,702904,263398,164454,56428,215658,10871,13904,45753,189612,1919,1608,28528,525207,214655,110291,38860,155706,7428,9619,33919,142420,1484,1032,15696,264599,182271,82329
16,16,702904,176462,407741,51434,69147,20823,3086,40784,59523,4222,1592,11645,478367,144627,252816,33350,44936,13563,1955,28987,40037,3199,1220,6766,148029,87994,60031
17,17,702904,188447,122760,22873,368840,7672,7185,16623,345845,1366,1481,23151,537484,161266,84099,15748,274059,5243,4949,12750,262264,945,980,12697,233751,166561,67187
18,18,702906,407159,120187,19181,153324,8977,5347,13184,131576,1439,1777,25095,542924,331434,81886,13725,112092,6335,3651,10694,102310,1191,1065,12436,322558,231574,90993
19,19,702904,189550,291334,27805,197671,13736,5921,19868,179200,1920,1337,17165,522778,158975,194438,19650,149049,9497,3970,15722,139264,1519,931,9999,227412,159022,68388
20,20,702906,275545,356042,22028,50396,16372,5144,13892,35176,2460,1323,16291,523748,235163,232460,15748,38303,11406,3492,11727,29630,2004,915,10113,238720,175228,63497
21,21,702904,135780,498785,39061,30559,16231,1960,31238,23318,3714,1762,7847,475172,110672,312899,28237,21476,10692,1239,24953,17811,2728,1391,4358,123957,66497,57458
22,22,702905,297874,314576,28212,61458,16385,2746,19659,50416,4087,1314,14163,498009,239381,195842,17215,41895,10919,1753,13827,36497,3070,856,7907,218799,95906,122884
23,23,702904,355557,249720,51581,40217,21058,3158,41332,30410,6314,1374,17043,504348,280565,155817,32782,28032,14177,1892,28585,23176,4700,950,9736,229286,85838,143457
24,24,702904,401497,239701,19029,39964,16276,3117,12468,27879,3267,1581,15468,552445,342507,160250,14127,31202,11777,2166,10790,23895,2697,1264,10184,303447,175517,127931
25,25,702904,322132,248258,67992,66184,11716,3268,56324,52871,2141,1778,18467,502838,253135,158296,43166,46423,7913,2094,38045,40111,1686,1126,9711,242096,122912,119189
26,26,702905,324211,303859,18384,56373,13785,3493,11548,43891,2007,1141,15043,520503,264485,200425,12416,40947,9374,2298,9180,34779,1620,725,8313,278630,160847,117779
27,27,702905,205406,188973,38818,274578,8612,2504,31309,259326,1055,1371,15011,557804,174702,135362,29376,219568,6195,1831,25249,211714,842,892,8658,261989,165358,96636
28,28,702904,388580,180638,22801,111132,7576,2797,16278,94405,1084,1812,19597,583658,337884,135586,18736,90085,6115,2291,14407,78832,981,1305,14198,265890,191735,74156
29,29,702905,129457,482916,33805,60455,10196,2427,25617,52108,1324,1949,8902,513305,111696,329109,25017,48582,7438,1786,20341,43184,1074,1141,6254,144624,109870,34755
30,30,702904,375093,189850,38831,100590,7769,2786,29511,83190,1217,2066,21233,558009,316247,133675,28524,78604,5756,2067,23482,67765,1015,1379,13856,269706,181666,88041
31,31,702905,208507,347521,92151,60244,13835,5023,76982,48484,2189,1472,15662,500159,171951,221898,62062,44259,9369,3099,55232,38050,1756,930,8915,208740,121021,87728
32,32,702905,127300,440161,24749,116275,11591,2711,17891,105354,1387,1128,8875,517437,109230,299251,17695,92647,8187,1901,14233,86691,1131,728,5492,207672,133497,74167
33,33,702904,481592,78795,25980,114581,6263,3326,19356,93740,1113,2102,25204,573186,402740,58794,19548,89109,4714,2403,15828,77538,937,1517,15015,350244,229560,120682
34,34,702904,64930,459919,38565,144560,12375,1958,30927,136189,1352,1675,7470,538000,58830,325479,32276,123921,9399,1491,27203,118271,1113,1070,5654,135925,108250,27673
35,35,702905,111877,488108,57617,51040,13062,3545,46823,42486,1690,1383,9044,487557,93858,315589,40483,38667,8804,2193,35217,34170,1326,935,5413,160388,106540,53842
36,36,702905,311816,327837,33955,27371,15719,2813,25286,19898,5045,1011,11073,523662,271746,206503,22021,19621,10366,1751,18446,15713,3635,687,6234,205882,106662,99221
37,37,702904,170692,271183,189476,76687,10798,2831,172643,64468,1173,3676,18303,551006,148626,189837,148132,65998,8012,2145,137368,58106,953,2639,12812,255818,220920,34900
38,38,702905,132978,430350,32412,110916,12030,4600,25344,99732,1659,1171,9736,521736,114463,297592,22197,87350,8598,2961,18763,81417,1379,795,5902,234381,149451,84931
39,39,702905,240000,229151,21600,214821,8799,3793,16005,199071,1264,1218,14997,535665,198859,155041,15264,166086,6168,2616,12527,157896,1023,826,8578,266240,130038,136203
40,40,702904,37646,607911,42321,19578,10557,2295,35632,15319,989,1195,3344,477900,31663,402986,29707,15319,7314,1500,26143,12899,769,753,2066,131473,104532,26940
41,41,702904,183311,392952,81345,48845,13684,5200,66806,38725,2475,1352,14744,491667,151810,246863,54279,37760,9299,3216,47732,32239,1907,939,8390,175184,106168,69033
42,42,702906,327780,254414,46353,75100,12604,5317,35748,59632,2822,1193,19235,498150,253289,160000,30475,51554,8290,3104,26195,44790,2144,756,9464,212287,95868,116396
43,43,702904,106007,323366,180269,97601,9566,6758,165767,85063,1347,2490,15203,519520,91826,216184,133869,77940,6760,4506,125775,70981,1094,1703,9319,217853,167919,49935
44,44,702904,50395,480835,128946,44387,10546,8916,117781,37224,1255,1380,7951,487384,43980,314285,93525,34405,7354,5691,87694,30420,1014,886,4914,167671,139744,27930
45,45,702906,390115,129327,15360,167127,6443,3681,10124,145371,1220,1612,23924,539594,314198,87339,10508,125290,4534,2530,8020,113667,977,1058,13365,309327,147400,161933
46,46,702906,129534,467888,18908,88326,10332,4876,12160,79915,1371,1057,8352,500972,112591,304979,13335,69624,7191,3153,9693,64713,1072,689,5358,152692,91533,61164
47,47,702905,239422,239935,62050,161335,11056,8421,51066,145683,1934,1489,18710,533611,205532,158045,44198,122845,8017,5480,38615,114507,1605,1032,10859,244971,145900,99061
48,48,702906,411598,139894,11150,137192,8366,4876,6611,120802,1502,1366,19192,554357,342461,95048,7721,105439,5940,3349,5428,96796,1262,923,10925,311299,147986,163308
49,49,702906,432469,181238,24575,61182,10612,7131,16268,44921,2447,1477,20630,533629,349805,118699,16302,43987,7383,4623,12593,36307,1969,964,10647,289469,146748,142719
50,50,702905,412173,210438,24781,48472,17275,5398,16373,34148,6849,1148,19808,522239,331118,134085,15528,34260,11489,3363,12117,27090,4899,748,10683,268770,108562,160217
51,51,702906,101181,481150,59749,66835,13049,5656,48058,54222,3226,1128,11341,503465,88611,321713,43314,50614,9047,3695,37471,43402,2437,809,6989,164941,110682,54253
52,52,702904,436159,90424,28523,146149,8162,5404,20449,123929,1962,1970,25930,564937,365144,64892,20283,110923,5969,3682,16320,99384,1598,1451,14446,326552,183064,143490
53,53,702904,302718,223244,70382,110989,11652,8858,54780,88719,2357,1560,25554,548546,263051,151952,48182,83743,8379,5893,40887,71504,1957,1102,14901,288489,180202,108290