ID,Label,T_20_CENS_ADJ_Total,T_20_CENS_ADJ_White,T_20_CENS_ADJ_Hispanic,T_20_CENS_ADJ_Black,T_20_CENS_ADJ_Asian,T_20_CENS_ADJ_Native,T_20_CENS_ADJ_Pacific,T_22_ACS_Total,T_22_ACS_White,T_22_ACS_Hispanic,T_22_ACS_Black,T_22_ACS_Asian,T_22_ACS_Native,T_22_ACS_Pacific,V_20_VAP_Total,V_20_VAP_White,V_20_VAP_Hispanic,V_20_VAP_Black,V_20_VAP_Asian,V_20_VAP_Native,V_20_VAP_Pacific,V_24_CVAP_Total,V_24_CVAP_White,V_24_CVAP_Hispanic,V_24_CVAP_Black,V_24_CVAP_Asian,V_24_CVAP_Native,V_24_CVAP_Pacific,V_24_CVAP_BlackAlone,V_24_CVAP_AsianAlone,V_24_CVAP_NativeAlone,V_24_CVAP_PacificAlone,E_16-20_COMP_Total,E_16-20_COMP_Dem,E_16-20_COMP_Rep,E_20_PRES_Total,E_20_PRES_Dem,E_20_PRES_Rep,E_20-24_COMP_Total,E_20-24_COMP_Dem,E_20-24_COMP_Rep,X_22_2022_Education_NoHS,X_22_2022_Education_HS,X_22_2022_Education_SomeCol,X_22_2022_Education_Assoc,X_22_2022_Education_Bach,X_22_2022_Education_Master,X_22_2022_Education_Prof,X_22_2022_Education_Doc
0,Un,0,0,0,0,0,0,0,0,0,0,0,0,0,0,0,0,0,0,0,0,0,0,0,0,0,0,0,0,0,0,0,0,0,0,0,0,0,0,0,0,0,0,0,0,0,0,0,0,0
1,1,760065,462197,198815,20639,40391,46137,5841,765529,481623,196768,22219,40587,34097,5507,605483,390785,138760,15539,29667,33831,4253,546258,386988,104698,13026,22319,15446,1303,9496,18419,6393,1303,316144,176887,131811,369547,212964,147017,303757,167660,133836,66913,123660,137578,53975,96660,35283,12280,5840
2,2,760065,533599,112645,18778,46719,48674,4678,761273,551176,108815,22033,46167,35752,5341,613701,447722,80105,15177,34026,35923,3432,570919,448939,60753,12843,26231,18738,1172,8980,20488,8308,1172,357010,220940,128430,417404,263170,144491,350901,215895,132487,44257,108564,131452,49587,130290,55148,22334,10839
3,3,760067,435208,141407,54225,105091,27167,9177,761545,441573,145672,58743,105069,20112,8601,600433,366223,98814,40084,75189,20435,6573,552614,362996,82509,38060,55350,8774,2356,32392,48632,1624,2356,323310,172191,143603,390775,217623,163088,325804,174063,149063,50589,109122,127769,54536,125518,49682,16192,7454
4,4,760065,384742,236841,28171,89643,32572,6332,759036,395688,229989,33713,91221,24785,5775,591002,322739,162279,18842,68630,23831,4451,538599,321434,127903,18521,56411,8482,1987,14405,48564,2218,1987,296680,172883,117615,361299,214496,138292,298303,169544,126618,67921,108143,118675,47950,99488,40294,13242,9755
5,5,760066,424499,219949,24651,62902,38702,6805,767406,432973,228870,28911,61387,29104,7017,599254,356309,152803,19657,45967,28642,5216,565163,355588,139806,18915,33505,12599,2355,14885,28229,4920,2355,314802,127196,182234,383759,159852,215543,315296,122099,191517,59221,130201,141402,53088,97117,32763,12573,6018
6,6,760067,386058,169635,70555,115196,28618,11389,755346,395279,169864,69983,115753,20961,9860,576315,314273,114231,48424,82961,21275,8149,531350,306382,99513,43918,68941,7844,2047,36913,60004,1628,2047,280074,149823,123928,357325,196529,151560,289864,153642,133973,47900,110701,127608,52586,115633,39580,12714,5749
7,7,760065,305712,176798,82234,177508,26591,15425,760201,318870,179029,87282,170377,26686,17149,586863,257777,121573,59436,131923,19874,11377,549400,260436,105988,55328,108226,6725,8077,47574,100980,1343,8077,302520,173292,123462,375056,220144,146476,303505,168775,132585,58453,107045,125339,51260,119136,40673,15350,7031
8,8,760066,233055,238586,120878,160486,27671,12190,760071,244130,235029,122828,160317,20676,13023,600387,201307,168167,93803,127210,21203,8712,521724,199888,124125,83146,100117,5932,3861,75160,91826,1278,3861,276068,192189,78798,343801,241492,94851,268634,182637,84012,67505,117041,125428,49753,108885,40763,10539,8245
9,9,760065,194161,288030,104430,169287,28985,12567,766642,208359,293120,101957,169601,43794,13199,567270,164929,195496,74526,125001,21038,9017,507784,167408,159006,63744,102563,6455,4155,58540,95771,1740,4155,225806,137572,84253,295299,183175,105771,223219,128681,92837,82232,137518,117432,48708,76526,24102,6013,3218
10,10,760066,374313,151209,42013,182863,18956,7408,756356,378059,146262,45704,182749,15920,7764,588180,310852,105421,29579,132198,14010,5218,522871,296349,83496,28821,104330,4462,1381,24615,94520,1005,1381,336412,220995,108548,413477,282092,122486,334653,219240,112458,36117,76656,95558,43554,166694,76365,22241,14311
11,11,760067,328242,107106,52253,262605,14516,5709,735768,311470,103824,51506,263175,11704,5689,664995,296850,87723,43691,227568,12865,4609,540314,250795,64593,34657,181225,3973,1933,29354,168263,1173,1933,350643,303687,40516,393710,339716,46188,317054,268623,44937,56532,60109,67512,28564,218034,106042,33440,20763
12,12,760065,249406,179534,140008,186168,22904,7953,750353,257673,164567,142924,184280,17987,7545,621080,218543,131521,111824,152734,19039,5745,521701,209438,86188,97376,118245,4230,2274,89304,107251,1294,2274,319532,286768,26646,367980,328667,31678,284764,252543,29117,61945,78163,80755,30617,157030,86143,23754,22080
13,13,760067,158370,492863,38827,66468,38299,6456,756141,162710,494867,34796,62672,21281,5374,535741,130366,323990,25596,47664,27213,4402,419445,123194,229466,20606,38203,4628,1860,18367,35213,1199,1860,171375,99354,68828,223212,128684,89225,167547,87797,78594,142051,134010,89231,30032,39146,10970,2670,1746
14,14,760065,185775,177264,46588,341689,18647,14320,751237,191340,169880,48601,337917,12601,14519,590385,159567,128317,35060,257177,14384,10868,459556,145577,92384,30110,179142,3155,5096,27122,170652,1012,5096,258241,183063,70114,327119,234592,85794,244281,167208,74728,55140,95107,86559,36272,155490,82603,10922,14485
15,15,760066,216763,201867,28846,300594,16686,14175,751264,219449,189705,29283,305022,13105,13814,609967,184078,150342,22421,241550,13137,10719,488579,169918,100279,17063,190986,2160,5247,14967,183187,701,5247,287232,222303,60282,351206,272983,71576,267678,201330,64190,67232,91134,90343,38810,155622,69895,18761,20096
16,16,760066,322755,151126,22413,254704,15561,5832,750479,324063,147212,25026,249630,11171,5482,600046,271719,108504,16513,194315,12343,4350,481609,238809,76710,13361,145187,3023,2055,10477,136833,852,2055,320471,238009,76177,378287,284912,85226,302708,221599,78639,44458,60634,67496,30995,151144,110972,25194,35083
17,17,760067,162408,130456,22677,439749,13304,6348,750635,165833,126421,23025,431954,9695,7106,605246,141380,95762,16976,345732,10198,4739,424277,124458,69549,13444,209631,2337,2056,11314,203314,1022,2056,241009,176885,59555,303008,221507,75429,228165,160661,65206,43905,63922,61834,34737,164201,134467,12519,26649
18,18,760066,143922,500484,22198,95404,36070,5377,766891,148752,501369,22805,96747,22821,5088,574921,126709,351386,16613,76233,27770,4019,418645,119563,219405,13968,58488,3652,1347,12049,54402,1216,1347,208317,146323,57991,267322,187853,73682,199168,131613,65999,133957,112550,91777,36054,74132,27210,5579,4301
19,19,760067,366442,187658,26816,165500,23670,6972,754311,376698,180077,28468,163766,16428,7997,609585,315206,133987,19782,127560,18784,5082,539127,306169,103540,16248,102971,5798,1882,12270,94867,947,1882,344981,232602,105102,412422,283131,119846,333625,222018,108788,45872,79585,107369,49724,143363,70184,16455,14611
20,20,760065,358483,288988,34994,59802,35798,3908,756775,359800,292096,36872,61821,22054,4804,561841,288435,190350,23306,42887,25129,2673,521528,279224,175316,20419,36405,8315,832,17045,32094,2601,832,259539,87187,168038,330665,118319,204971,267191,87128,178745,63169,116904,128260,51302,80564,32007,8645,4111
21,21,760067,144585,482325,48172,84378,35041,3190,762005,153023,482061,46244,82664,23154,3657,537056,121795,320267,30925,58264,23342,2141,453593,123458,251412,26856,44912,5670,662,23740,42815,1959,662,179323,105267,71096,230879,137371,88586,167952,91386,75604,119910,116188,105931,39299,52111,17820,4656,2237
22,22,760066,107893,563305,44414,45237,34844,2540,777777,116319,574846,47928,40783,19924,3204,539701,91856,376753,33102,32908,21762,1828,411093,90982,265028,27886,20664,4598,800,25935,19444,2212,800,142333,82240,57476,189956,108930,76598,138034,71927,65227,156389,129121,87626,28934,34477,9952,2558,1205
23,23,760066,299755,324842,80938,42800,34692,6021,771629,297699,346511,81552,43765,26076,6833,575877,250726,223022,56034,32807,25439,4191,520138,235887,199554,49787,23344,8677,1806,44208,19514,2654,1806,232785,94992,133712,301409,128992,165463,225685,89949,134411,84395,145492,130381,43736,56246,25261,5359,3696
24,24,760065,378230,294734,19323,56034,30452,4067,761217,386811,293025,20897,54324,20836,3874,611943,330713,208050,15747,45092,23321,2917,536030,326365,154290,13120,33478,5875,806,10186,25899,1273,806,320590,195655,117989,378599,239698,129955,308429,187976,118245,68249,85289,108291,45438,113416,47072,14615,11528
25,25,760066,217879,464876,38178,35419,33630,3625,758788,221762,463800,42159,32578,20922,4064,579383,192870,325436,27286,26302,22373,2269,499427,184613,263237,24314,17649,6729,1210,20945,15312,3036,1210,214272,121310,89810,283332,162219,115733,221774,120176,100440,107657,138061,114298,39223,69540,28347,7777,3855
26,26,760067,325269,317496,27666,83629,26469,4375,753246,324015,321289,29289,75979,20753,5306,586171,273185,222823,19092,63090,19768,2980,503456,261655,172319,16312,45410,4133,712,13890,38276,1053,712,307045,178798,122414,377422,227110,142642,297718,168945,126639,74050,95773,100246,47104,118382,49042,15518,9940
27,27,760067,236158,346015,91928,84756,27070,3850,751436,233105,349139,87783,80551,17411,4451,573673,197152,243035,64943,64206,19575,2739,490019,178163,197854,55567,51672,4162,928,51848,47363,998,928,257974,149226,103511,329919,193710,128922,243446,133935,107415,81434,117614,107989,43962,92138,33856,6970,5066
28,28,760065,200882,210705,39703,309055,18006,3074,750224,198438,211283,41456,301603,13085,3623,617402,173734,158745,30785,252396,14332,2296,517836,163583,134109,28381,185098,3283,934,25531,179326,1229,934,289825,186892,97684,368031,240596,120216,277899,174329,101362,69449,99668,88843,43429,149137,65199,21731,14235
29,29,760066,173399,477560,41594,71093,29034,3035,743010,164100,474101,39075,67645,16165,2779,594802,149431,354370,31306,57598,21631,1923,449147,131111,240895,28401,43410,2720,726,25674,40654,955,726,212819,163487,45166,278708,205835,66753,192704,136297,54580,138286,117362,93627,35031,93628,24116,6379,2490
30,30,760066,421462,178511,37865,115816,16574,2955,745754,406310,180523,40387,114641,13609,3105,649328,370538,142712,31706,97701,13788,2280,547431,325901,109972,30808,73382,4001,606,25232,64586,1078,606,309244,230255,73616,382071,273452,101697,292136,211065,78549,58992,93612,98296,43808,190321,64738,22240,10397
31,31,760066,142414,429185,35896,156798,27923,3665,750288,134567,432695,37414,149404,22602,5671,599214,125262,318549,26640,127749,21377,2664,497613,110413,261715,24486,94227,3684,1191,22101,90198,1888,1191,253920,156452,92505,330596,203333,120410,237293,134592,100746,89396,127033,108272,42130,98989,35688,6914,4777
32,32,760065,405502,189453,40523,117321,17071,3283,762868,405161,191445,43466,119054,13090,3144,619152,345723,141119,31404,93552,13046,2454,550935,324596,114492,29239,76124,3696,730,24441,66557,963,730,322600,214260,102635,396309,261121,127773,311883,196223,113344,48593,85350,100671,42503,165598,65080,30749,13848
33,33,760067,138544,459436,94798,70671,30747,5113,753292,139214,462843,92813,65992,17679,4306,555062,115624,316848,67659,52444,21173,3258,478682,110040,265092,58775,37965,3286,1733,54752,34695,1173,1733,205722,127720,73974,275681,170325,99061,195747,110961,83118,97363,131458,99790,36610,64930,28531,6003,4209
34,34,760067,82569,497280,43195,142435,30645,3067,766496,82283,502509,42782,142553,25428,2615,610534,75535,376198,34589,124324,26973,1978,430228,72486,232896,32428,87507,3103,659,28417,83752,1285,659,197128,165886,27208,253311,205047,42312,176221,139333,34686,167862,111983,82658,28266,103573,31793,8861,4657
35,35,760066,140468,446255,58639,117674,29619,4817,768603,143094,460247,56441,113903,22411,5136,577039,120955,319535,44031,89780,21377,3409,489821,112175,264184,38999,67826,3252,1193,35808,64812,1112,1193,214516,130644,79814,290094,176058,107853,207979,114959,91221,97535,124122,104254,40018,86039,30705,5599,5109
36,36,760066,420849,126932,39243,161956,14593,4551,740770,403686,123625,40366,168024,11380,4052,634602,365202,98080,30729,130379,11578,3485,549021,326254,80868,29965,103151,4087,1105,24970,89846,862,1105,354858,249663,98302,421859,299632,113497,337552,230660,104289,25782,53471,75676,32644,205874,91705,36674,19859
37,37,760066,99490,409691,193744,60398,27007,2855,755967,92296,423164,188247,57090,16311,2858,592275,86465,298131,156977,50445,22198,1895,436042,80210,175235,139963,35282,2957,942,134429,30912,618,942,225636,198574,23557,279706,239694,34727,195643,162985,31088,147141,100441,87622,29400,86378,35473,10219,6611
38,38,760067,101616,450094,16889,196613,26207,3134,751521,102565,441340,13752,195075,25986,3080,592018,86641,335136,10119,159257,19535,1968,462415,81110,244627,8021,123920,2192,865,7256,120573,1101,865,236170,149694,82082,305247,192239,106965,214588,122633,89962,123905,123944,93390,36501,95716,32382,7935,5166
39,39,760067,148509,473263,81601,57765,31797,5566,761995,147063,480555,81218,57472,17372,6127,560865,125727,328326,58340,44170,21740,3761,489395,120844,273624,52849,34882,3418,1976,49153,31920,934,1976,201903,124249,73627,266320,164929,95580,187040,105563,79967,103713,140135,103045,35864,55424,22377,4677,4728
40,40,760066,359388,243980,44617,103710,23671,6624,765109,359513,254630,45981,102517,16680,6851,581307,294097,168281,31406,77859,16712,4492,550696,287027,156388,30956,67900,4176,1149,27392,60038,888,1149,308060,130119,172481,397465,179744,210083,318383,134650,181351,46764,107996,126035,48169,119186,47238,11561,7210
41,41,760065,163158,461976,41025,95336,30513,5538,757235,168740,459239,36450,93132,19155,5856,590880,141516,341426,29082,74938,22929,3910,507514,137799,282109,22905,58350,2792,1350,21016,54856,753,1350,273131,168119,99391,348655,215396,125512,253607,145156,106261,84245,127926,113829,44432,95835,36446,7590,4495
42,42,760067,343883,240878,55354,111032,22928,7077,754887,349327,242309,52525,106663,15846,6816,620533,301502,176811,42725,89548,18347,5402,546187,291700,135858,36225,72083,5173,2022,31827,64486,1739,2022,316371,180959,128471,388327,227988,151313,302989,167581,132899,67293,84474,116542,41485,151989,59142,17853,9576
43,43,760067,52450,433512,201912,75741,27444,5906,747236,52137,433075,190809,76157,18854,4386,569643,45349,307997,155908,60171,19946,4233,430193,43111,203217,132526,45714,2599,1158,128327,42918,954,1158,211941,176300,32003,270712,218705,46038,178629,138167,38823,134817,119225,98966,32431,73391,23371,3820,2429
44,44,760067,60389,535795,86054,81117,31427,8851,759222,59189,543811,81169,79067,20388,7857,577278,54019,391215,63997,65567,23573,6538,435332,51003,271541,53719,51547,2445,3066,51329,49333,599,3066,200517,157022,39667,261940,197434,58412,172482,122658,48141,155549,125089,96605,30946,64968,18233,3396,2279
45,45,760066,151712,263412,26743,316279,19358,6717,744927,159118,255306,25689,304401,12953,7545,603306,132700,190963,19128,255728,14321,5065,493007,126236,139756,13859,205593,2475,2664,12665,199250,862,2664,257454,142659,110054,336493,182099,148046,250354,129449,118941,91939,109184,101464,41839,119235,37761,9984,6097
46,46,760066,132689,486278,23761,119649,31768,5503,760917,137313,484742,21362,117723,16266,4708,579828,116973,346791,15716,96490,24915,3751,445582,113518,233615,11324,81178,2387,1601,9567,76840,874,1601,200578,127295,69223,260764,164307,90684,185449,109373,74367,132226,118782,96826,31035,82011,25523,6235,3743
47,47,760065,353573,137878,21860,238792,13660,4246,751865,354860,131783,23537,238437,10292,5535,607214,299582,101553,16291,182129,10102,2966,517369,279549,80899,13921,135161,3106,1555,10933,123561,746,1555,308515,167805,134821,383910,219008,157105,310263,166803,140438,26984,57655,86272,39331,183029,88601,25561,17194
48,48,760066,325779,304909,44321,74155,31929,7238,758051,326992,309336,42837,71797,22693,7545,580265,274728,208488,30504,54558,23016,5084,522316,263525,170270,29237,46645,6906,2211,24904,39758,2853,2211,267893,133722,128944,341175,179202,154412,274700,138980,133667,71589,113870,125871,46280,99969,40104,9619,6258
49,49,760067,434796,164145,26638,121957,18805,7387,743734,422069,167573,28802,122405,14001,5545,591574,356610,116236,19096,88280,13692,5173,529098,337748,95067,17033,69922,4667,1304,13360,60166,1103,1304,334172,179136,148315,406458,229526,167891,340960,183582,154583,34648,62295,92102,36977,154628,73896,22522,19992
50,50,760066,417088,140896,32977,154045,18609,6928,749789,413338,147260,34470,147756,12713,6983,627559,360378,104836,25286,123448,13949,5200,562281,349531,91075,21969,89246,4722,1944,17533,77964,1172,1944,330968,186481,137181,404074,239765,154464,324731,185298,136593,35008,71331,99901,42351,168703,80008,22023,20227
51,51,760067,385587,205434,68684,88812,24538,8772,767095,400241,208826,70227,86981,17065,9673,608756,328618,148586,50274,70206,18237,6371,572833,326644,134440,43727,55903,5273,2646,38151,46219,1352,2646,316762,186930,123290,388146,233972,145350,303323,177437,123361,46324,103826,129206,50392,132386,53732,14083,10265
52,52,760066,117198,459616,68467,122027,29206,8184,771892,128428,461603,71830,121923,17620,7449,580170,101922,333445,50356,95145,19792,5903,489257,107076,257338,42303,74017,2826,2392,39064,67702,986,2392,234203,156252,73531,306819,201155,99185,217868,132951,83146,102854,126960,114356,44586,83372,27137,6183,3162