ID,Label,T_20_CENS_Total,T_20_CENS_White,T_20_CENS_Hispanic,T_20_CENS_Black,T_20_CENS_Asian,T_20_CENS_Native,T_20_CENS_Pacific,T_20_ACS_Total,T_20_ACS_White,T_20_ACS_Hispanic,T_20_ACS_Black,T_20_ACS_Asian,T_20_ACS_Native,T_20_ACS_Pacific,T_20_ACS_BlackAlone,T_20_ACS_AsianAlone,T_20_ACS_NativeAlone,T_20_ACS_PacificAlone,T_20_ACS_TwoOrMore,T_22_ACS_Total,T_22_ACS_White,T_22_ACS_Hispanic,T_22_ACS_Black,T_22_ACS_Asian,T_22_ACS_Native,T_22_ACS_Pacific,V_20_VAP_Total,V_20_VAP_White,V_20_VAP_Hispanic,V_20_VAP_Black,V_20_VAP_Asian,V_20_VAP_Native,V_20_VAP_Pacific,V_24_CVAP_Total,V_24_CVAP_White,V_24_CVAP_Hispanic,V_24_CVAP_Black,V_24_CVAP_Asian,V_24_CVAP_Native,V_24_CVAP_Pacific,V_24_CVAP_BlackAlone,V_24_CVAP_AsianAlone,V_24_CVAP_NativeAlone,V_24_CVAP_PacificAlone,E_16-20_COMP_Total,E_16-20_COMP_Dem,E_16-20_COMP_Rep,E_20_PRES_Total,E_20_PRES_Dem,E_20_PRES_Rep,E_20-24_COMP_Total,E_20-24_COMP_Dem,E_20-24_COMP_Rep,X_22_2022_Education_NoHS,X_22_2022_Education_HS,X_22_2022_Education_SomeCol,X_22_2022_Education_Assoc,X_22_2022_Education_Bach,X_22_2022_Education_Master,X_22_2022_Education_Prof,X_22_2022_Education_Doc
0,Un,0,0,0,0,0,0,0,0,0,0,0,0,0,0,0,0,0,0,0,0,0,0,0,0,0,0,0,0,0,0,0,0,0,0,0,0,0,0,0,0,0,0,0,0,0,0,0,0,0,0,0,0,0,0,0,0,0,0,0,0,0
1,1,769221,533911,59438,116673,35309,25419,3524,748718,539282,51322,117285,32915,13430,3906,99989,19673,2172,915,33281,772520,547344,55871,120665,35539,15203,3934,605557,436951,40502,81991,25681,19277,2297,600610,451346,35770,80666,19870,8810,629,74137,13730,1065,629,345089,103225,232937,423264,139203,275564,357064,103555,249043,42661,142124,123684,62871,103373,44664,8493,6296
2,2,769221,486775,54315,188670,23108,18717,1746,774575,501334,48134,195446,21128,9717,1725,182743,15884,2721,600,20451,775591,496828,51352,193989,21849,12318,1385,619356,405585,39777,143006,17234,14504,1142,615360,415423,34428,143492,12369,7916,432,138217,9317,1380,432,354039,154816,192332,411700,180593,225707,355819,140723,211665,60257,154072,107602,47759,92820,42344,11200,9061
3,3,769221,500368,89389,135375,30817,15704,1358,746822,502114,76655,138111,26441,8053,1217,124161,21196,1582,366,18722,770449,509194,85110,140273,29112,10596,1163,624295,422810,66407,99159,24257,12159,994,618631,432215,63825,97958,16617,7290,291,91708,13947,716,291,331360,139136,185885,393522,166674,222024,340481,130161,207272,58184,167889,102781,52504,82940,39594,11861,11295
4,4,769221,400933,67385,262951,28670,16913,2425,739721,404140,58703,245599,28361,8273,1753,227112,19277,1840,359,25230,774686,414532,66415,257964,29847,8502,2123,590934,326940,46192,187108,21169,12759,1609,593462,342275,46454,181602,16544,4985,511,174615,13421,627,511,333211,146202,180785,400821,184068,210863,335849,141069,191109,55942,165840,122544,55053,89494,32790,6668,4277
5,5,769221,497450,92795,107690,59075,14862,2346,727139,492441,79956,101320,49555,6156,3188,88413,37620,1071,472,22980,770632,504610,91204,109186,56045,7814,2794,606741,409497,65881,77684,42703,11078,1659,602580,425128,61080,76095,34180,3959,403,70564,28445,357,403,349884,131968,210584,427864,176973,244305,372931,138209,230615,32059,120169,99749,50083,150935,60537,15183,8233
6,6,769221,548571,88354,99968,16943,16642,1396,753730,549770,81020,102141,15457,6262,1068,90547,11481,1832,532,15837,778536,559792,91943,101238,17724,7688,1315,634516,474364,62028,71174,13068,13076,1020,646313,493359,64216,71437,10531,5390,481,66303,8284,806,481,350988,130987,213132,427616,161022,262093,379303,128876,247308,60070,193408,126901,62675,87811,36130,8382,5266
7,7,769221,472857,159630,90635,39599,16007,1707,763761,492534,153076,86747,34220,6931,1208,70022,26924,1585,179,17070,771747,483478,161997,90446,36238,7601,1423,616306,398072,116922,64914,29100,12048,1210,602620,401094,116901,58950,20302,3726,207,54582,17821,745,207,357166,160612,188548,433846,202046,226041,367135,155931,207459,37726,141585,115175,68143,129412,48810,11573,7406
8,8,769220,503429,121318,94859,37639,16910,2165,748097,519401,108130,88579,32634,6535,1385,69165,22436,1253,749,23370,771109,520241,118914,93972,36005,8960,2201,627948,430100,89424,68316,28576,13039,1577,623595,441914,88959,63777,21484,4466,570,57952,17547,666,570,365714,154669,201820,434539,190788,237424,370310,149206,216990,41336,139589,112960,65336,116939,56962,8339,7454
9,9,769221,349169,301573,90743,28530,14662,1835,730799,355991,271997,85070,25953,7764,1251,61387,19317,1927,222,16470,766556,350130,303627,92659,28044,9759,1706,606265,298048,220605,64670,21337,11181,1278,580936,306392,196973,54733,17335,4015,253,50893,15137,1135,253,293461,134943,153044,373055,171889,197172,311941,125452,183621,64851,159009,112052,57355,99326,38811,10291,5226
10,10,769221,251279,244082,232426,40282,13913,2297,779116,260373,244751,243364,39059,6865,1984,214220,31360,1182,398,19103,794976,256828,252293,252391,40591,8894,2194,605765,217040,184224,168631,31986,10879,1717,541310,214978,152365,143323,25948,3396,394,138255,22810,589,394,280370,181296,92984,335396,220525,110247,255162,156471,95702,68323,145108,93826,60874,115677,45395,12401,6342
11,11,769221,447500,168639,91751,44077,13648,1936,708830,432792,155735,80600,39842,5277,1796,65579,32909,1701,511,16434,752780,442117,169880,91788,41780,8886,1418,622027,384561,123284,66937,32919,10602,1408,599670,394315,107650,66270,26195,3667,431,62858,23381,550,431,336387,141755,188683,423819,189517,230117,381420,153178,225123,47514,141016,110254,61423,127157,53552,12030,6550
12,12,769221,429649,203894,92266,38977,15264,1609,767502,443196,206911,96751,32728,6940,1240,69988,25256,1595,449,18075,781500,441099,216869,100048,34650,8822,1424,611856,360307,151776,65458,28518,11613,1118,585290,370221,131966,57463,20530,3734,437,52279,17177,618,437,321516,148216,165816,398692,185004,208306,334251,139718,190778,57312,161946,101992,54211,117013,46013,11430,6958
13,13,769221,567259,91148,59474,36497,15175,1646,774496,590466,84197,65094,34384,6546,1570,48126,27377,1626,615,19632,769028,572993,89133,67402,35340,7926,2114,643737,494870,66182,41381,28007,11992,1154,616763,487189,59602,41806,23430,4168,389,36313,20594,551,389,367038,163048,194847,438499,199274,233340,371847,157698,210148,47582,166067,124967,59808,125595,48413,13868,7289
14,14,769221,396612,218043,114827,37890,16278,1896,748512,408126,204317,109988,32162,6682,1876,87576,22764,1460,529,20320,768615,399616,218409,118427,33943,8418,2247,595835,328718,155046,79813,27812,12361,1345,574067,337664,128438,82306,19755,3473,464,76416,16229,373,464,314256,143520,163689,395901,189458,200699,332756,144556,184540,52534,140741,98431,52012,124302,50156,13924,6788
15,15,769221,463357,128095,130612,39170,15842,1680,760833,473441,125408,131134,36861,7266,1417,108236,29698,1663,306,19033,784385,477169,136467,132545,40215,9590,1420,619782,396132,92649,93253,29211,11997,1120,621778,410807,98778,83789,20633,5449,431,77456,17972,1000,431,319530,141103,170736,394126,173755,215554,338321,133864,200723,60106,173892,117866,57110,91946,40198,8758,6189
16,16,769221,511146,119152,104272,22520,13295,1299,765833,523360,114027,106036,20382,5044,971,93100,16360,1352,428,15611,771432,523691,116709,103591,21588,7667,942,635485,449118,82021,76140,17148,10299,915,630166,470201,68836,70849,14666,4322,354,65221,12399,568,354,352529,162055,183154,427170,199416,222824,379097,161357,214537,54515,169440,113103,53440,121183,52277,13235,8602
17,17,769221,570932,102054,64658,17911,12830,1014,766248,580568,96472,68943,16677,5484,1104,58779,13044,1317,290,13262,781290,581546,105289,69856,17465,7564,1300,655953,512425,72168,45497,13689,9976,726,647058,525510,60069,44304,12023,3813,294,40881,9862,651,294,363996,150878,206287,443876,189104,250655,395124,150195,242137,52479,182064,128386,57510,114729,56185,15605,8707
18,18,769221,399988,213188,131391,20396,17107,1559,742840,408657,191443,129410,16461,7498,1164,109907,12185,1666,341,14722,783915,405552,223153,138242,20090,8619,894,599646,337325,149406,91785,15301,12869,1149,601900,343442,151515,89101,12333,3840,338,84115,10213,597,338,288798,125538,156995,365753,162062,199004,304239,121931,179289,67463,179020,117704,53207,80897,30268,5538,4438
19,19,769221,526231,168259,47721,17910,10458,1005,767991,536586,167886,45113,16156,3498,719,36270,12861,936,255,9735,777069,530211,175293,49128,18232,5979,691,645329,468522,122093,32734,13636,8023,729,618450,476065,98492,29359,10851,2792,248,26271,9107,407,248,349618,124824,219396,427434,165037,259154,364212,119639,242352,47807,168533,116678,56383,128649,56380,17458,9961
20,20,769221,205964,182345,349565,28290,8786,1511,766001,219753,172539,350486,29787,8289,1652,327779,21706,1195,349,17288,768568,199788,185878,356853,30638,11253,1201,613033,184626,142604,257938,22585,6963,1191,517981,165653,115295,215366,16588,2673,246,209426,15048,455,246,298781,224994,70192,359683,265212,91710,275551,192713,80647,71809,161648,108359,54720,100155,39777,8646,5031
21,21,769221,486490,134189,115167,23754,12877,1401,759887,499583,122980,114132,21521,5605,1528,100350,17065,1298,383,15276,773751,492783,132530,120410,23274,7332,1146,627454,423674,94549,82252,17796,9654,1042,610542,427453,85195,78998,13869,3747,311,74239,11831,605,311,362802,163711,193731,441689,199523,238441,385990,157255,226145,51384,147321,119678,58671,126904,50487,16835,8314
22,22,769221,350497,254822,113224,40342,10507,1290,782291,371570,259376,119948,35624,5356,1157,102799,28457,1285,168,15062,777058,353380,262905,120490,37142,9509,1142,595366,291480,184519,80805,29309,7735,948,532623,287250,143728,75112,21688,3119,316,70232,19412,1061,316,310603,159139,146983,388260,198114,186929,326106,146392,177360,56774,125945,87713,50929,124819,58701,18879,8888
23,23,769221,326237,219030,199453,23725,14114,1330,760443,330914,204757,207712,21457,5211,1315,188700,16712,734,189,15404,773057,316946,220619,215618,22527,6525,1343,620743,295326,160750,143614,18423,10165,1046,535375,281638,110420,125272,14128,2618,260,120799,12712,450,260,298464,190386,104012,360417,226632,130749,291737,168372,121128,82769,152930,104297,53593,110536,45534,14879,6755
24,24,769221,83808,309212,380203,16125,8601,1084,799132,90061,298574,420063,12843,4503,1784,387018,9194,1105,319,8970,793708,85775,318237,399466,13501,5269,1268,605907,70260,247952,289130,12951,6725,894,490485,63937,177528,238770,7830,1693,112,234851,6942,499,112,261333,215283,42896,316184,246096,67594,229980,167792,60227,103918,183939,90288,50692,76821,29887,10640,3962
25,25,769221,440052,220469,62078,26106,7982,1085,742463,433533,228160,58787,22772,3815,1028,46338,17672,921,441,10761,752967,421283,229922,65457,24599,5118,938,648772,382680,179993,48108,20789,6342,814,536717,340272,138179,39772,14945,2005,482,36533,12062,644,482,327011,175306,147140,400621,209005,188734,329136,154846,172029,40629,113233,96800,50245,162404,70524,31844,11871
26,26,769221,101954,560623,85412,31589,6097,808,766748,111205,552529,87531,30703,4088,969,66436,23104,1059,251,9770,760730,103620,554702,85446,29758,5334,683,615491,77152,457140,65611,23908,4673,606,472118,74695,329254,50999,13971,1424,178,49138,13105,462,178,268008,143498,120900,345108,169398,173413,270057,114748,153568,83112,147751,78015,56647,111750,42925,16457,5379
27,27,769221,131486,566995,55487,20496,6829,717,773393,131614,576149,55285,21723,3371,537,39567,15667,581,44,7598,754465,127345,558250,54268,22677,4810,374,636033,106773,472417,44889,16686,5465,581,475838,95500,335752,30437,11038,1400,157,28315,9436,504,157,288359,150812,133328,358962,177712,178550,289586,126724,160949,80017,125337,73888,48572,136044,57289,26637,10663
28,28,769221,116599,558804,86401,17258,9046,785,751003,128417,533622,84589,15807,3661,874,66801,12277,411,229,5974,763409,124624,545312,89780,15739,5889,1322,609100,93344,446174,62909,13562,6966,584,492382,91758,341249,48504,8091,1499,236,46274,7216,482,236,264414,134417,125819,343052,158945,181518,274396,106758,165814,91739,147183,81987,55204,104609,33966,11277,5125