,district,incumbent,party,dem_12,rep_12,tot_12,dem_pct_12,rep_pct_12,dem_08,rep_08,tot_08,dem_pct_08,rep_pct_08,2p_tot_12,dem_2p_12,rep_2p_12,2p_tot_08,dem_2p_08,rep_2p_08,lean_08,lean_12
1,AK-AL,"Young, Don",(R),122640,164676,297625,41.2,55.3,123594,193841,324467,38.1,59.7,287316,42.684709518439625,57.315290481560375,317435,38.9352150834029,61.064784916597105,-14.75363242874068,-9.279152733570136
2,AL-01,"Byrne, Bradley",(R),111735,184786,298837,37.4,61.8,115975,183753,301556,38.5,60.9,296521,37.681985424303846,62.318014575696154,299728,38.69341536326269,61.306584636737306,-14.995432148880894,-14.281876827705915
3,AL-02,"Roby, Martha",(R),105572,182287,289864,36.4,62.9,101076,186164,288807,35.0,64.5,287859,36.67489986416961,63.32510013583039,287240,35.18869238267651,64.8113076173235,-18.500155129467075,-15.28896238784015
4,AL-03,"Rogers, Mike D.",(R),103089,174465,280128,36.8,62.3,103221,176434,281951,36.6,62.6,277554,37.14196156423615,62.85803843576385,279655,36.91012139958163,63.08987860041837,-16.778726112561955,-14.821900687773613
5,AL-04,"Aderholt, Rob",(R),65818,205423,274505,24.0,74.8,71095,204123,278483,25.5,73.3,271241,24.265505583595402,75.7344944164046,275218,25.832249344156267,74.16775065584373,-27.856598167987315,-27.69835666841436
6,AL-05,"Brooks, Mo",(R),103598,189860,297263,34.9,63.9,107005,184225,294444,36.3,62.6,293458,35.30249643901342,64.69750356098658,291230,36.742437248909795,63.257562751090205,-16.946410263233787,-16.661365812996344
7,AL-06,"Palmer, Gary",(R),77517,233566,314343,24.7,74.3,78559,232644,313838,25.0,74.1,311083,24.918430129579566,75.08156987042044,311203,25.24365125014862,74.75634874985138,-28.445196261994962,-27.045432122430196
8,AL-07,"Sewell, Terri",(D),228276,85488,315244,72.4,27.1,225642,88803,315625,71.5,28.1,313764,72.75404444104487,27.24595555895514,314445,71.75881314697324,28.24118685302676,18.069965634829657,20.790182189035107
9,AR-01,"Crawford, Rick",(R),92086,154549,253460,36.3,61.0,102670,151918,262118,39.2,58.0,246635,37.33695541995256,62.66304458004743,254588,40.32790233632378,59.67209766367622,-13.3609451758198,-14.626906832057202
10,AR-02,"Hill, French",(R),125527,160140,292515,42.9,54.7,129888,157732,293250,44.3,53.8,285667,43.94172235504976,56.05827764495024,287620,45.15958556428621,54.84041443571379,-8.529261947857371,-8.022139896959999
11,AR-03,"Womack, Steve",(R),81413,168703,257668,31.6,65.5,85866,161902,253566,33.9,63.9,250116,32.55009675510563,67.44990324489437,247768,34.65580704530044,65.34419295469955,-19.03304046684314,-19.413765496904134
12,AR-04,"Westerman, Bruce",(R),95383,164352,265825,35.9,61.8,103886,166465,277684,37.4,59.9,259735,36.72319864477256,63.27680135522744,270351,38.42634205162918,61.57365794837082,-15.262505460514404,-15.240663607237202
13,AZ-01,"Kirkpatrick, Ann",(D),124550,131115,260056,47.9,50.4,123079,131208,257294,47.8,51.0,255665,48.71609332524984,51.283906674750156,254287,48.401609205346716,51.598390794653284,-5.287238306796866,-3.2477689267599246
14,AZ-02,"McSally, Martha",(R),144966,149651,299691,48.4,49.9,150877,153747,308531,48.9,49.8,294617,49.20489992091427,50.79510007908573,304624,49.52892746467777,50.471072535322236,-4.1599200474658105,-2.758962331095489
15,AZ-03,"Grijalva, Raul",(D),108902,65482,177248,61.4,36.9,102818,71980,176761,58.2,40.7,174384,62.44953665473897,37.55046334526103,174798,58.82103914232428,41.17896085767572,5.132191630180699,10.48567440272921
16,AZ-04,"Gosar, Paul",(R),80035,173394,258046,31.0,67.2,86346,161163,251086,34.4,64.2,253429,31.58083723646465,68.41916276353534,247509,34.88600414530381,65.1139958546962,-18.802843366839774,-20.383025015545112
17,AZ-05,"Salmon, Matt",(R),101511,187304,293748,34.6,63.8,104014,179566,286711,36.3,62.6,288815,35.14741270363381,64.85258729636618,283580,36.678891318146555,63.321108681853445,-17.009956193997027,-16.81644954837595
18,AZ-06,"Schweikert, David",(R),121661,186537,313417,38.8,59.5,130426,182747,316599,41.2,57.7,308198,39.47494792308841,60.5250520769116,313173,41.646629818023904,58.353370181976096,-12.042217694119678,-12.488914328921354
19,AZ-07,"Gallego, Ruben",(D),101028,37353,140907,71.7,26.5,85991,45289,132868,64.7,34.1,138381,73.0071324820604,26.9928675179396,131280,65.5019804996953,34.49801950030469,11.813132987551725,21.043270230050638
20,AZ-08,"Franks, Trent",(R),107335,179555,291126,36.9,61.7,110610,174516,288189,38.4,60.6,286890,37.41329429398027,62.58670570601973,285126,38.79337556027861,61.20662443972139,-14.89547195186497,-14.55056795802949
21,AZ-09,"Sinema, Kyrsten",(D),135244,123263,264563,51.1,46.6,140546,129894,274042,51.3,47.4,258507,52.317345371692056,47.68265462830794,270440,51.96938322733323,48.03061677266677,-1.7194642848103499,0.35348311968229496
22,CA-01,"LaMalfa, Doug",(R),122379,171902,303928,40.3,56.6,139534,177208,316755,,,294281,41.58576326708146,58.41423673291853,316742,44.05288847074275,55.947111529257256,-9.635959041400831,-10.3780989849283
23,CA-02,"Huffman, Jared",(D),230212,89908,333442,69.0,27.0,255491,91129,346621,,,320120,71.91428214419592,28.08571785580407,346620,73.70924932202412,26.290750677975883,20.02040180988054,19.95041989218616
24,CA-03,"Garamendi, John",(D),131237,104145,241687,54.3,43.1,139674,109154,248827,,,235382,55.75490054464658,44.245099455353426,248828,56.13275033356375,43.86724966643625,2.443902821420167,3.79103829263682
25,CA-04,"McClintock, Tom",(R),133473,195386,337634,39.5,57.9,149990,187497,337472,,,328859,40.586695209801164,59.413304790198836,337487,44.443193367448224,55.55680663255177,-9.245654144695358,-11.377167042208598
26,CA-05,"Thompson, Mike",(D),199924,78703,286658,69.7,27.5,215830,81919,297741,,,278627,71.75327588496448,28.246724115035516,297749,72.48722917625247,27.512770823747516,18.798381664108888,19.78941363295472
27,CA-06,"Matsui, Doris",(D),156141,63862,225831,69.1,28.3,162932,70736,233674,,,220003,70.97221401526342,29.02778598473657,233668,69.72799013985654,30.272009860143452,16.039142627712963,19.008351763253657
28,CA-07,"Bera, Ami",(D),145147,133888,285997,50.8,46.8,152694,136709,289398,,,279035,52.01748884548534,47.98251115451467,289403,52.76171981631151,47.23828018368849,-0.9271276958320698,0.05362659347557752
29,CA-08,"Cook, Paul",(R),88579,118278,212633,41.7,55.6,93613,121523,215140,,,206857,42.821369351774415,57.17863064822558,215136,43.51340547374684,56.486594526253164,-10.175442038396739,-9.142492900235347
30,CA-09,"McNerney, Jerry",(D),127418,88403,220312,57.8,40.1,125120,90654,215779,,,215821,59.03874043767752,40.96125956232248,215774,57.9865970876936,42.0134029123064,4.2977495755500215,7.074878185667757
31,CA-10,"Denham, Jeff",(R),108923,101160,215113,50.6,47.0,111168,105006,216167,,,210083,51.84760309020721,48.15239690979279,216174,51.42524077826196,48.57475922173805,-2.2636067338816233,-0.11625916180255302
32,CA-11,"DeSaulnier, Mark",(D),203699,90226,301134,67.6,30.0,216315,89194,305517,,,293925,69.30305350004254,30.696946499957473,305509,70.80478807498307,29.195211925016938,17.115940562839484,17.339191248032776
33,CA-12,"Pelosi, Nancy",(D),269461,40003,320387,84.1,12.5,288042,43931,331972,,,309464,87.07345604012097,12.926543959879016,331973,86.76669488181268,13.233305118187321,33.0778473696691,35.10959378811121
34,CA-13,"Lee, Barbara",(D),268093,27474,306314,87.5,9.0,281159,32201,313363,,,295567,90.70464564717983,9.295354352820173,313360,89.7239596630074,10.276040336992596,36.035112150863824,38.74078339517007
35,CA-14,"Speier, Jackie",(D),200343,63589,269882,74.2,23.6,199481,66655,266142,,,263932,75.90705181637695,24.092948183623054,266136,74.95453452370216,25.045465476297835,21.265687011558583,23.943189564367188
36,CA-15,"Swalwell, Eric",(D),177243,77748,260611,68.0,29.8,182271,82329,264599,,,254991,69.50951210042707,30.490487899572926,264600,68.88548752834467,31.11451247165533,15.196640016201087,17.545649848417312
37,CA-16,Jim Costa,(D),88973,59808,151953,58.6,39.4,87994,60031,148029,,,148781,59.80131871677163,40.198681283228375,148025,59.44536395879074,40.55463604120926,5.7565164466471614,7.837456464761871
38,CA-17,"Honda, Mike",(D),163862,58193,227806,71.9,25.5,166561,67187,233751,,,222055,73.7934295557407,26.206570444259302,233748,71.2566524633366,28.743347536663418,17.56780495119301,21.82956730373094
39,CA-18,"Eshoo, Anna",(D),218082,92457,319615,68.2,28.9,231574,90993,322558,,,310539,70.22692801870296,29.773071981297033,322567,71.79097675831689,28.209023241683123,18.102129246173305,18.263065766693202
40,CA-19,"Lofgren, Zoe",(D),165530,61643,232442,71.2,26.5,159022,68388,227412,,,227173,72.86517323801685,27.13482676198316,227410,69.92744382393035,30.072556176069654,16.238596311786765,20.90131098600709
41,CA-20,"Farr, Sam",(D),168956,62427,238341,70.9,26.2,175228,63497,238720,,,231383,73.02005765332802,26.97994234667197,238725,73.40161273431774,26.598387265682273,19.712765222174156,21.056195401318263
42,CA-21,"Valadao, David",(R),65146,51917,119232,54.6,43.5,66497,57458,123957,,,117063,55.65037629310713,44.34962370689287,123955,53.64608123915937,46.35391876084063,-0.04276627298420976,3.686514041097368
43,CA-22,"Nunes, Devin",(R),92005,125213,221278,41.6,56.6,95906,122884,218799,,,217218,42.3560662560193,57.6439337439807,218790,43.834727364139134,56.16527263586087,-9.854120148004448,-9.607795995990465
44,CA-23,"McCarthy, Kevin",(R),82119,139816,227297,36.1,61.5,85838,143457,229286,,,221935,37.00137427625206,62.99862572374795,229295,37.435617872173395,62.564382127826605,-16.253229639970186,-14.962487975757703
45,CA-24,"Capps, Lois",(D),158119,126049,292406,54.1,43.1,175517,127931,303447,,,284168,55.6427887728386,44.3572112271614,303448,57.84088212807467,42.15911787192534,4.152034615931086,3.6789265208288384
46,CA-25,"Knight, Steve",(R),120701,125258,252249,47.8,49.7,122912,119189,242096,,,245959,49.073626092153575,50.92637390784643,242101,50.76889397400258,49.23110602599741,-2.9199535381410016,-2.8902361598561868
47,CA-26,"Brownley, Julia",(D),147753,119677,273647,54.0,43.7,160847,117779,278630,,,267430,55.24922409602513,44.75077590397487,278626,57.72863982542907,42.27136017457093,4.0397923132854885,3.2853618440153696
48,CA-27,"Chu, Judy",(D),161528,90278,257970,62.6,35.0,165358,96636,261989,,,251806,64.14779631938873,35.85220368061127,261994,63.11518584395063,36.88481415604937,9.426338331807045,12.18393406737897
49,CA-28,"Schiff, Adam",(D),187441,70757,266628,70.3,26.5,191735,74156,265890,,,258198,72.59583730315494,27.40416269684506,265891,72.11037605635391,27.88962394364608,18.421528544210332,20.631975051145176
50,CA-29,"Cardenas, Tony",(D),129323,34454,167889,77.0,20.5,109870,34755,144624,,,163777,78.96285803256868,21.037141967431324,144625,75.96888504753674,24.031114952463266,22.280037535393163,26.998995780558914
51,CA-30,"Sherman, Brad",(D),186301,91680,285226,65.3,32.1,181666,88041,269706,,,277981,67.01932865915296,32.98067134084703,269707,67.35679830334401,32.643201696656,13.667950791200425,15.0554664071432
52,CA-31,"Aguilar, Pete",(D),118043,83822,206242,57.2,40.6,121021,87728,208740,,,201865,58.47620934783148,41.52379065216853,208749,57.9744094582489,42.02559054175109,4.285561946105318,6.512347095821717
53,CA-32,"Napolitano, Grace",(D),133061,66269,204169,65.2,32.5,133497,74167,207672,,,199330,66.75412632318266,33.24587367681734,207664,64.28509515370983,35.71490484629016,10.59624764156625,14.7902640711729
54,CA-33,"Lieu, Ted",(D),210010,127421,346504,60.6,36.8,229560,120682,350244,,,337431,62.23790937999176,37.76209062000824,350242,65.54325295081686,34.456747049183136,11.854405438673282,10.274047127982001
55,CA-34,"Becerra, Xavier",(D),127510,21739,153699,83.0,14.1,108250,27673,135925,,,149249,85.43440827074218,14.565591729257818,135923,79.64067891379678,20.35932108620322,25.951831401653195,33.47054601873242
56,CA-35,"Torres, Norma",(D),108983,49433,161732,67.4,30.6,106540,53842,160388,,,158416,68.79544995455005,31.204550045449952,160382,66.42890099886522,33.57109900113479,12.740053486721635,16.83158770254029
57,CA-36,"Ruiz, Raul",(D),107914,101156,212939,50.7,47.5,106662,99221,205882,,,209070,51.61620509877075,48.38379490122925,205883,51.80709432056071,48.19290567943929,-1.8817531915828738,-0.3476571532390125
58,CA-37,"Bass, Karen",(D),222329,33307,261858,84.9,12.7,220920,34900,255818,,,255636,86.97092741241453,13.029072587585471,255820,86.35759518411383,13.64240481588617,32.66874767197025,35.007065160404764
59,CA-38,"Sanchez, Linda",(D),149141,75780,229875,64.9,33.0,149451,84931,234381,,,224921,66.30817042428231,33.6918295757177,234382,63.76385558617983,36.23614441382018,10.075008074036248,14.344308172272548
60,CA-39,"Royce, Ed",(R),124108,133742,263530,47.1,50.8,130038,136203,266240,,,257850,48.1318596082994,51.8681403917006,266241,48.842214384711596,51.15778561528841,-4.846633127431986,-3.8320026437103607
61,CA-40,"Roybal-Allard, Lucille",(D),115637,23446,141918,81.5,16.5,104532,26940,131473,,,139083,83.14244012568035,16.857559874319648,131472,79.50894487039065,20.491055129609347,25.820097358247068,31.17857787367059
62,CA-41,"Takano, Mark",(D),114040,67314,185429,61.5,36.3,106168,69033,175184,,,181354,62.882539122379434,37.117460877620566,175201,60.597827637970106,39.402172362029894,6.908980125826524,10.918676870369673
63,CA-42,"Calvert, Ken",(R),96212,131438,232520,41.4,56.5,95868,116396,212287,,,227650,42.263123215462336,57.73687678453767,212264,45.164512116986394,54.8354878830136,-8.524335395157188,-9.700739036547425
64,CA-43,"Waters, Maxine",(D),173342,44485,222219,78.0,20.0,167919,49935,217853,,,217827,79.57783011288775,20.422169887112247,217854,77.07868572530226,22.921314274697732,23.389838213158683,27.61396786087799
65,CA-44,"Hahn, Janice",(D),155459,24995,183586,84.7,13.6,139744,27930,167671,,,180454,86.14882463120796,13.851175368792045,167674,83.3426768610518,16.657323138948197,29.653829348908218,34.1849623791982
66,CA-45,"Walters, Mimi",(R),133114,169489,309399,43.0,54.8,147400,161933,309327,,,302603,43.989649805190304,56.010350194809696,309333,47.65091341693256,52.34908658306744,-6.037934095211021,-7.9742124468194575
67,CA-46,"Sanchez, Loretta",(D),95479,56252,155493,61.4,36.2,91533,61164,152692,,,151731,62.9264949153436,37.0735050846564,152697,59.94420322599658,40.05579677400342,6.255355713853,10.962632663333842
68,CA-47,"Lowenthal, Alan",(D),147456,92010,245624,60.0,37.5,145900,99061,244971,,,239466,61.57700884467941,38.42299115532059,244961,59.56050146758055,40.43949853241945,5.871653955436969,9.61314659266965
69,CA-48,"Rohrabacher, Dana",(R),133103,169249,309496,43.0,54.7,147986,163308,311299,,,302352,44.02253003122188,55.97746996877812,311294,47.538982441036445,52.461017558963555,-6.149865071107136,-7.941332220787878
70,CA-49,"Issa, Darrell",(R),134447,153856,294468,45.7,52.2,146748,142719,289469,,,288303,46.63392333759968,53.36607666240032,289467,50.695934251572716,49.304065748427284,-2.992913260570866,-5.329938914410079
71,CA-50,"Hunter, Duncan",(R),102649,165104,273289,37.6,60.4,108562,160217,268770,,,267753,38.337198836240866,61.66280116375914,268779,40.390804341112954,59.60919565888704,-13.298043171030628,-13.626663415768896
72,CA-51,"Vargas, Juan",(D),115610,48108,166684,69.4,28.9,110682,54253,164941,,,163718,70.61532635385235,29.384673646147647,164935,67.10643586867555,32.89356413132446,13.417588356531965,18.651464101842592
73,CA-52,"Peters, Scott",(D),163911,143726,314748,52.1,45.7,183064,143490,326552,,,307637,53.28065219723245,46.719347802767544,326554,56.059334750148516,43.94066524985148,2.3704872380049338,1.3167899452226877
74,CA-53,"Davis, Susan",(D),174616,103513,284333,61.4,36.4,180202,108290,288489,,,278129,62.78237796130573,37.21762203869427,288492,62.46343052840287,37.53656947159713,8.774583016259285,10.818515709295966
75,CO-01,"DeGette, Diana",(D),254400,106334,368798,69.0,28.8,238267,92818,336293,70.9,27.6,360734,70.52287835357909,29.477121646420905,331085,71.96550734705589,28.03449265294411,18.27665983491231,18.559016101569327
76,CO-02,"Polis, Jared",(D),255209,174095,440652,57.9,39.5,255063,154884,416822,61.2,37.2,429304,59.44715166874756,40.55284833125244,409947,62.21853068811334,37.78146931188665,8.529683175969758,7.483289416737797
77,CO-03,"Tipton, Scott",(R),163886,185459,358045,45.8,51.8,166259,171205,343167,48.4,49.9,349345,46.912364567977214,53.087635432022786,337464,49.267181091909066,50.732818908090934,-4.421666420234516,-5.051497684032547
78,CO-04,"Buck, Ken",(R),140404,209415,357971,39.2,58.5,138609,186271,330465,41.9,56.4,349819,40.13618471266569,59.86381528733431,324880,42.664676188131004,57.335323811868996,-11.024171324012578,-11.827677539344073
79,CO-05,"Lamborn, Doug",(R),129903,200491,339143,38.3,59.1,127252,188389,320557,39.7,58.8,330394,39.317602619902296,60.6823973800977,315641,40.31542163407162,59.684578365928374,-13.373425878071963,-12.646259632107466
80,CO-06,"Coffman, Mike",(R),183024,165070,354989,51.6,46.5,175007,146589,326232,53.6,44.9,348094,52.578901101426624,47.42109889857337,321596,54.41827634672073,45.58172365327927,0.7294288345771491,0.6150388494168624
81,CO-07,"Perlmutter, Ed",(D),196276,144379,349920,56.1,41.3,187678,133184,327142,57.4,40.7,340655,57.61723738092792,42.38276261907208,320862,58.49181267959435,41.50818732040566,4.802965167450765,5.653375128918157
82,CT-01,"Larson, John",(D),200960,112982,317496,63.3,35.6,220181,110296,334807,65.8,32.9,313942,64.01182384007237,35.98817615992763,330477,66.62521143680196,33.374788563198045,12.93636392465838,12.047961588062606
83,CT-02,"Courtney, Joe",(D),177544,135235,317687,55.9,42.6,199414,136155,340366,58.6,40.0,312779,56.76340163502025,43.23659836497974,335569,59.425632284269405,40.574367715730595,5.736784772125823,4.79953938301049
84,CT-03,"DeLauro, Rosa",(D),191296,110912,305600,62.6,36.3,203090,117258,324233,62.6,36.2,302208,63.29944938585346,36.70055061414655,320348,63.39668110929364,36.603318890706355,9.707833597150056,11.335587133843696
85,CT-04,"Himes, Jim",(D),170884,136600,310284,55.1,44.0,192941,128653,323755,59.6,39.7,307484,55.57492422369944,44.42507577630055,321594,59.995211353445654,40.00478864655435,6.306363841302073,3.6110619716896792
86,CT-05,"Esty, Elizabeth",(D),164621,139347,307553,53.5,45.3,182147,137066,323202,56.4,42.4,303968,54.15734551005369,45.84265448994631,319213,57.06127256722001,42.93872743277999,3.3724250550764268,2.1934832580439263
87,DE-AL,"Carney, John",(D),242584,165484,413890,58.6,40.0,255459,152374,412412,61.9,36.9,408068,59.44695491927816,40.55304508072184,407833,62.63813864988855,37.36186135011144,8.949291137744972,7.4830926672684015
88,FL-01,"Miller, Jeff",(R),106814,242972,353882,30.2,68.7,114934,240062,359439,32.0,66.8,349786,30.536956882207978,69.46304311779203,354996,32.376139449458584,67.62386055054141,-21.312708062684997,-21.426905369801784
89,FL-02,"Graham, Gwen",(D),158751,178780,341283,46.5,52.4,162376,179544,345724,47.0,51.9,337531,47.033013263966865,52.96698673603314,341920,47.48947122133833,52.51052877866168,-6.1993762908052545,-4.9308489880428965
90,FL-03,"Yoho, Ted",(R),122708,202003,328512,37.4,61.5,131054,196377,331924,39.5,59.2,324711,37.7899116445085,62.2100883554915,327431,40.024921281124875,59.97507871887512,-13.663926231018706,-14.173950607501261
91,FL-04,"Crenshaw, Ander",(R),123938,222443,349660,35.4,63.6,126926,217160,347461,36.5,62.5,346381,35.78083093472217,64.21916906527782,344086,36.88787105549194,63.11212894450806,-16.80097645665164,-16.183031317287593
92,FL-05,"Brown, Corrine",(D),196608,77414,276025,71.2,28.0,200601,81903,284654,70.5,28.8,274022,71.74898365824643,28.251016341753584,282504,71.008198114009,28.99180188599099,17.319350601865423,19.78512140623667
93,FL-06,"DeSantis, Ron",(R),149955,209150,362481,41.4,57.7,164545,193615,362480,45.4,53.4,359105,41.75798164882137,58.24201835117863,358160,45.94175787357606,54.05824212642395,-7.747089638567523,-10.20588060318839
94,FL-07,"Mica, John",(R),156382,172042,332061,47.1,51.8,163106,165848,332170,49.1,49.9,328424,47.61588678050325,52.384113219496754,328954,49.58322440219605,50.416775597803955,-4.10562310994753,-4.347975471506508
95,FL-08,"Posey, Bill",(R),153138,206074,363051,42.2,56.8,160787,201287,366753,43.8,54.9,359212,42.631649276750224,57.36835072324978,362074,44.40722062340847,55.59277937659153,-9.281626888735111,-9.332212975259537
96,FL-09,"Grayson, Alan",(D),170093,102173,274613,61.9,37.2,157249,102036,261405,60.2,39.0,272266,62.473096163310885,37.526903836689115,259285,60.64716431725707,39.35283568274293,6.9583168051134905,10.509233911301123
97,FL-10,"Webster, Dan",(R),149532,174484,327037,45.7,53.4,149038,164233,315942,47.2,52.0,324016,46.14957286059948,53.85042713940052,313271,47.574783494163206,52.4252165058368,-6.114064017980375,-5.814289391410284
98,FL-11,"Nugent, Rich",(R),143380,209720,356382,40.2,58.8,151906,196790,353215,43.0,55.7,353100,40.60606060606061,59.3939393939394,348696,43.56402138252231,56.43597861747769,-10.124826129621269,-11.357801645949152
99,FL-12,"Bilirakis, Gus",(R),153386,185157,342626,44.8,54.0,159963,178700,343118,46.6,52.1,338543,45.30768617280523,54.69231382719477,338663,47.23368067961366,52.766319320386344,-6.455166832529919,-6.656176079204535
100,FL-13,"Jolly, David",(R),171102,166087,341397,50.1,48.6,176429,163342,345146,51.1,47.3,337189,50.74364822102737,49.25635177897262,339771,51.925855944150626,48.07414405584938,-1.7629915679929553,-1.2202140309823903
101,FL-14,"Castor, Kathy",(D),191255,99834,293992,65.1,34.0,183249,95695,281789,65.0,34.0,291089,65.70327288217693,34.296727117823075,278944,65.69383101984629,34.30616898015372,12.004983507702704,13.739410630167171
102,FL-15,"Ross, Dennis",(R),138145,161622,303053,45.6,53.3,137852,158983,300279,45.9,52.9,299767,46.08412533734534,53.91587466265466,296835,46.44061515656846,53.55938484343154,-7.248232355575119,-5.87973691466442
103,FL-16,"Buchanan, Vern",(R),161079,194525,358795,44.9,54.2,171359,180935,356383,48.1,50.8,355604,45.29729699328466,54.70270300671534,352294,48.640907878079105,51.35909212192089,-5.047939634064477,-6.6665652587251
104,FL-17,"Rooney, Tom",(R),122440,172038,297209,41.2,57.9,127254,164927,296000,43.0,55.7,294478,41.57865782842861,58.42134217157139,292181,43.55314000568141,56.44685999431859,-10.135707506462168,-10.38520442358115
105,FL-18,"Murphy, Patrick",(D),163067,177320,342845,47.6,51.7,172943,162776,338787,51.0,48.0,340387,47.9063536504038,52.09364634959619,335719,51.5142127791397,48.4857872208603,-2.1746347330038844,-4.05750860160596
106,FL-19,"Clawson, Curt",(R),124296,194306,320681,38.8,60.6,135937,182403,321165,42.3,56.8,318602,39.01293777189095,60.98706222810905,318340,42.70182823396368,57.29817176603631,-10.9870192781799,-12.950924480118815
107,FL-20,"Hastings, Alcee",(D),216641,44526,262252,82.6,17.0,204791,48508,254703,80.4,19.0,261167,82.95113854353727,17.048861456462724,253299,80.8495098677847,19.150490132215285,27.160662355641122,30.987276291527508
108,FL-21,"Deutch, Ted",(D),196227,125822,323843,60.6,38.9,203177,114765,319953,63.5,35.9,322049,60.93079003505678,39.06920996494323,317942,63.90379377370715,36.09620622629285,10.214946261563568,8.96692778304702
109,FL-22,"Frankel, Lois",(D),178229,147262,327763,54.4,44.9,183173,137458,323214,56.7,42.5,325491,54.756967166526884,45.24303283347312,320631,57.12891142777835,42.87108857222165,3.4400639156347665,2.793104914517123
110,FL-23,"Wasserman Schultz, Debbie",(D),176266,108696,286662,61.5,37.9,173355,105237,280666,61.8,37.5,284962,61.85596676048034,38.14403323951965,278592,62.225404893177114,37.77459510682288,8.536557381033532,9.892104508470581
111,FL-24,"Wilson, Frederica",(D),227960,31710,260481,87.5,12.2,215801,33737,250473,86.2,13.5,259670,87.78834674779527,12.211653252204721,249538,86.48021543812966,13.519784561870338,32.79136792598608,35.82448449578551
112,FL-25,"Diaz-Balart, Mario",(R),115565,120524,237269,48.7,50.8,104168,123297,228771,45.5,53.9,236089,48.949760471686524,51.050239528313476,227465,45.79517728002111,54.20482271997889,-7.893670232122474,-3.0141017803232373
113,FL-26,"Curbelo, Carlos",(R),141449,123521,266473,53.1,46.4,130750,131802,264189,49.5,49.9,264970,53.38302449333887,46.61697550666113,262552,49.799658734269784,50.200341265730216,-3.889188777873798,1.4191622413291114
114,FL-27,"Ros-Lehtinen, Ileana",(R),129350,113241,243809,53.1,46.4,116754,122474,240628,48.5,50.9,242591,53.320197369234634,46.67980263076536,239228,48.80448776899025,51.195512231009744,-4.8843597431533325,1.356335117224873
115,GA-01,"Carter, Buddy",(R),111949,145460,260148,43.0,55.9,116029,143603,261140,44.4,55.0,257409,43.49070933805733,56.50929066194267,259632,44.68979170518272,55.31020829481727,-8.999055806960861,-8.473152913952433
116,GA-02,"Bishop, Sanford",(D),153998,107242,262837,58.6,40.8,155809,112005,269039,57.9,41.6,261240,58.94885928647986,41.051140713520134,267814,58.17806388015563,41.82193611984437,4.489216368012045,6.984997034470098
117,GA-03,"Westmoreland, Lynn",(R),97746,195071,296218,33.0,65.9,100498,193264,296017,34.0,65.3,292817,33.38125860178883,66.61874139821117,293762,34.21068756340166,65.78931243659834,-19.47815994874192,-18.582603650220932
118,GA-04,"Johnson, Hank",(D),218499,75951,296933,73.6,25.6,225977,81136,308702,73.2,26.3,294450,74.20580743759551,25.794192562404483,307113,73.58105974022591,26.418940259774086,19.89221222808233,22.24194518558575
119,GA-05,"Lewis, John",(D),241217,45887,290359,83.1,15.8,262388,46724,311008,84.4,15.0,287104,84.01728990191708,15.982710098082926,309112,84.8844431791713,15.115556820828695,31.195595667027717,32.05342764990732
120,GA-06,"Price, Tom",(R),115017,186807,307096,37.5,60.8,120560,177477,300950,40.1,59.0,301824,38.10730756997455,61.89269243002544,298037,40.451353355455865,59.548646644544135,-13.237494156687717,-13.85655468203521
121,GA-07,"Woodall, Rob",(R),101065,158854,263742,38.3,60.2,99165,152310,253576,39.1,60.1,259919,38.88326747948399,61.116732520516,251475,39.43334327467939,60.56665672532061,-14.255504237464194,-13.080594772525771
122,GA-08,"Scott, Austin",(R),99677,163908,265963,37.5,61.6,100004,162850,264482,37.8,61.6,263585,37.81588481893886,62.18411518106114,262854,38.04545489130848,61.95454510869152,-15.643392620835101,-14.1479774330709
123,GA-09,"Collins, Doug",(R),54388,207498,265551,20.5,78.1,64381,198004,265060,24.3,74.7,261886,20.767815003474794,79.2321849965252,262385,24.53684471292185,75.46315528707814,-29.15200279922173,-31.196047248534967
124,GA-10,"Hice, Jodi",(R),107039,184160,294851,36.3,62.5,113346,176532,292252,38.8,60.4,291199,36.75802458112837,63.24197541887163,289878,39.101277088982265,60.898722911017735,-14.587570423161317,-15.205837670881394
125,GA-11,"Loudermilk, Barry",(R),94447,201014,300276,31.5,66.9,102718,190544,296160,34.7,64.3,295461,31.965978589390815,68.03402141060918,293262,35.02601769066568,64.9739823093343,-18.6628298214779,-19.997883662618946
126,GA-12,"Allen, Rick",(R),117085,148688,268283,43.6,55.4,116658,147742,265819,43.9,55.6,265773,44.05451268563774,55.94548731436225,264400,44.12178517397882,55.87821482602118,-9.56706233816476,-7.909349566372022
127,GA-13,"Scott, David",(D),202794,87785,292880,69.2,30.0,199839,96244,297602,67.1,32.3,290579,69.78962691729271,30.210373082707285,296083,67.49424992316344,32.50575007683656,13.805402411019855,17.825764665282946
128,GA-14,"Graves, Tom",(R),58906,170364,232702,25.3,73.2,66752,170324,239806,27.8,71.0,229270,25.692851223448336,74.30714877655167,237076,28.15637179638597,71.84362820361403,-25.532475715757613,-26.271011028561425
129,HI-01,"Takai, Mark",(D),151023,62875,216671,69.7,29.0,156408,63007,222577,70.3,28.3,213898,70.60514824823046,29.394851751769536,219415,71.28409634710479,28.715903652895197,17.59524883496121,18.641285996220702
130,HI-02,"Gabbard, Tulsi",(D),155635,58140,218026,71.4,26.7,169463,57559,230991,73.4,24.9,213775,72.80318091451292,27.19681908548708,227022,74.64606954392086,25.353930456079148,20.957222031777277,20.83931866250316
131,IA-01,"Blum, Rod",(R),225585,170753,401501,56.2,42.5,227310,156980,388667,58.5,40.4,396338,56.917328139113586,43.08267186088642,384290,59.150641442660486,40.849358557339514,5.4617939305169045,4.953465887103825
132,IA-02,"Loebsack, David",(D),219946,168534,394310,55.8,42.7,219565,159959,384369,57.1,41.6,388480,56.617071663920925,43.38292833607908,379524,57.85273131606961,42.14726868393039,4.163883803926026,4.653209411911163
133,IA-03,"Young, David",(R),203622,186645,395798,51.4,47.2,197112,173967,375933,52.4,46.3,390267,52.175049389264274,47.824950610735726,371079,53.118608166994086,46.88139183300591,-0.5702393451494956,0.21118713725451244
134,IA-04,"King, Steve",(R),173391,204685,383129,45.3,53.4,184953,191473,381114,48.5,50.2,378076,45.86141410721653,54.13858589278347,376426,49.13395992837902,50.86604007162098,-4.554887583764561,-6.102448144793229
135,ID-01,"Labrador, Raul",(R),105645,213080,328258,32.2,64.9,115925,206273,329856,35.1,62.5,318725,33.14612910816535,66.85387089183466,322198,35.97942879844071,64.02057120155928,-17.709418713702874,-18.817733143844414
136,ID-02,"Simpson, Mike",(R),107142,207831,324016,33.1,64.1,120515,196739,325176,37.1,60.5,314973,34.01624901182006,65.98375098817993,317254,37.986912694560196,62.013087305439804,-15.701934817583385,-17.947613240189703
137,IL-01,"Rush, Bobby",(D),262668,67367,332726,78.9,20.2,288077,66262,356028,80.9,18.6,330035,79.58792249306892,20.412077506931084,354339,81.29982869511964,18.700171304880357,27.61098118297606,27.624060241059155
138,IL-02,"Kelly, Robin",(D),251147,57674,311173,80.7,18.5,269943,60734,332652,81.1,18.3,308821,81.32445656221566,18.67554343778435,330677,81.63343685832399,18.366563141676014,27.944589346180408,29.360594310205897
139,IL-03,"Lipinski, Dan",(D),143676,109396,256893,55.9,42.6,159475,110701,273174,58.4,40.5,253072,56.77277612695202,43.22722387304799,270176,59.02633838682932,40.97366161317068,5.3374908746857415,4.808913874942256
140,IL-04,"Gutierrez, Luis",(D),137065,28899,169434,80.9,17.1,144949,32767,180051,80.5,18.2,165964,82.5871875828493,17.412812417150707,177716,81.56215534898377,18.437844651016228,27.873307836840183,30.623325330839535
141,IL-05,"Quigley, Mike",(D),188324,90747,285239,66.0,31.8,214869,88466,307613,69.9,28.8,279071,67.48246861909693,32.51753138090307,303335,70.83554485964363,29.16445514035637,17.14669734750005,15.518606367087173
142,IL-06,"Roskam, Peter",(R),151937,179606,336936,45.1,53.3,179195,165272,349055,51.3,47.3,331543,45.82723809581261,54.1727619041874,344467,52.02094830564321,47.97905169435679,-1.6678992065003726,-6.136624156197151
143,IL-07,"Davis, Danny",(D),264185,35713,302887,87.2,11.8,284117,31528,317655,89.4,9.9,299898,88.09161781672435,11.908382183275647,315645,90.01156362369117,9.988436376308828,36.32271611154759,36.12775556471459
144,IL-08,"Duckworth, Tammy",(D),133206,95031,232123,57.4,40.9,150851,91057,245234,61.5,37.1,228237,58.36301738981848,41.63698261018152,241908,62.358830629826215,37.641169370173785,8.669983117682634,6.3991551378087195
145,IL-09,"Schakowsky, Jan",(D),200656,102689,308492,65.0,33.3,222256,98111,324117,68.6,30.3,303345,66.14778552473256,33.85221447526743,320367,69.3754350479294,30.624564952070592,15.686587535785819,14.183923272722794
146,IL-10,"Dold, Bob",(R),157397,112555,273616,57.5,41.1,180786,103178,287009,63.0,35.9,269952,58.305550616405874,41.69444938359412,283964,63.665112479046634,36.334887520953366,9.976264966903052,6.341688364396113
147,IL-11,"Foster, Bill",(D),152265,107028,263345,57.8,40.6,168654,102909,273024,61.8,37.7,259293,58.72314331663407,41.27685668336592,271563,62.10492592879,37.89507407121,8.416078416646421,6.759281064624311
148,IL-12,"Bost, Mike",(R),154346,149339,310294,49.7,48.1,179180,142724,327336,54.7,43.6,303685,50.824373940102404,49.175626059897596,321904,55.66255778120185,44.33744221879815,1.973710269058266,-1.1394883119073569
149,IL-13,"Davis, Rodney",(R),146442,147377,301088,48.6,48.9,175215,139650,320653,54.6,43.6,293819,49.84088843812007,50.15911156187993,314865,55.64765852031823,44.35234147968177,1.9588110081746493,-2.1229738138896934
150,IL-14,"Hultgren, Randy",(R),139858,171582,316591,44.2,54.2,163089,155194,326086,50.0,47.6,311440,44.90688415104033,55.09311584895967,318283,51.24024845813317,48.759751541866834,-2.4485990540104083,-7.056978100969431
151,IL-15,"Shimkus, John",(R),105065,197243,308463,34.1,63.9,139536,180694,325930,42.8,55.4,302308,34.75429032642206,65.24570967357795,320230,43.573681416481904,56.426318583518096,-10.115166095661678,-17.209571925587703
152,IL-16,"Kinzinger, Adam",(R),137165,160606,303685,45.2,52.9,161286,155210,322096,50.1,48.2,297771,46.063921604185765,53.936078395814235,316496,50.95988574895102,49.04011425104899,-2.728961763192565,-5.899940647823996
153,IL-17,"Bustos, Cheri",(D),169702,119753,294701,57.6,40.6,185705,119094,309647,60.0,38.5,289455,58.62811145083001,41.371888549169995,304799,60.92703716219542,39.07296283780459,7.238189650051837,6.664249198820251
154,IL-18,"LaHood, Darin",(R),125036,202785,334302,37.4,60.7,152164,187626,345204,44.1,54.4,327821,38.14154675874944,61.85845324125056,339790,44.78177697989935,55.21822302010065,-8.907070532244234,-13.82231549326032
155,IN-01,"Visclosky, Pete",(D),182021,111217,297470,61.2,37.4,194518,109940,307118,63.3,35.8,293238,62.07278729223361,37.92721270776639,304458,63.889928988563284,36.110071011436716,10.201081476419702,10.108925040223852
156,IN-02,"Walorski, Jackie",(R),116324,154841,276012,42.1,56.1,145652,144955,293830,49.6,49.3,271165,42.89786661257906,57.10213338742094,290607,50.119921405884924,49.880078594115076,-3.568926106258658,-9.065995639430703
157,IN-03,"Stutzman, Marlin",(R),102534,179628,287231,35.7,62.5,126595,164895,294424,43.0,56.0,282162,36.33869904522934,63.66130095477066,291490,43.430306356993384,56.56969364300662,-10.258541155150198,-15.625163206780421
158,IN-04,"Rokita, Todd",(R),103103,170245,279662,36.9,60.9,134036,162956,300714,44.6,54.2,273348,37.718585831979745,62.281414168020255,296992,45.13118198469993,54.86881801530008,-8.557665527443653,-14.245276420030017
159,IN-05,"Brooks, Susan",(R),139300,196744,342165,40.7,57.5,159614,180400,342865,46.6,52.6,336044,41.452904976729236,58.54709502327077,340014,46.94336115571712,53.05663884428288,-6.745486356426461,-10.510957275280525
160,IN-06,"Messer, Luke",(R),106371,172456,285361,37.3,60.4,133163,167842,305271,43.6,55.0,278827,38.14946185269002,61.85053814730998,301005,44.23946446072324,55.76053553927676,-9.449383051420341,-13.814400399319744
161,IN-07,"Carson, Andre",(D),164902,92674,262188,62.9,35.3,185588,91870,279737,66.3,32.8,257576,64.0207162157965,35.979283784203496,277458,66.88868225100735,33.11131774899264,13.199834738863771,12.056853963786736
162,IN-08,"Bucshon, Larry",(R),116465,171648,294054,39.6,58.4,149097,156720,309712,48.1,50.6,288113,40.423375550565225,59.57662444943477,305817,48.75366640834224,51.24633359165776,-4.935181103801341,-11.540486701444536
163,IN-09,"Young, Todd",(R),123436,173433,303390,40.7,57.2,145776,166069,315274,46.2,52.7,296869,41.57928244444519,58.4207175555548,311845,46.746300245314174,53.253699754685826,-6.942547266829408,-10.38457980756457
164,KS-01,"Huelskamp, Tim",(R),72699,184288,263027,27.6,70.1,87634,189890,282699,31.0,67.2,256987,28.28897959818979,71.71102040181022,277524,31.577088828353585,68.42291117164642,-22.111758683789997,-23.67488265381997
165,KS-02,"Jenkins, Lynn",(R),124370,163082,294487,42.2,55.4,145750,170059,322079,45.3,52.8,287452,43.26635403476058,56.73364596523941,315809,46.151312977147576,53.84868702285242,-7.537534534996006,-8.69750821724918
166,KS-03,"Yoder, Kevin",(R),146406,177886,330486,44.3,53.8,168907,172831,346297,48.8,49.9,324292,45.14634958617542,54.853650413824575,341738,49.425875963457386,50.574124036542614,-4.262971548686195,-6.817512665834343
167,KS-04,"Pompeo, Mike",(R),96433,164553,267116,36.1,61.6,112474,166876,284727,39.5,58.6,260986,36.94949154360771,63.05050845639229,279350,40.26275281904421,59.73724718095579,-13.426094693099373,-15.014370708402055
168,KY-01,"Whitfield, Ed",(R),95273,197074,296791,32.1,66.4,111030,185529,301253,36.9,61.6,292347,32.58901237228362,67.41098762771638,296559,37.43943026514117,62.56056973485883,-16.249417247002413,-19.374849879726142
169,KY-02,"Guthrie, Brett",(R),103432,186207,294280,35.1,63.3,111139,183813,299109,37.2,61.5,289639,35.71066051187858,64.28933948812143,294952,37.68036833111829,62.31963166888171,-16.008479181025294,-16.253201740131182
170,KY-03,"Yarmuth, John",(D),183015,140539,328389,55.7,42.8,193236,147121,343778,56.2,42.8,323554,56.563973865258966,43.436026134741034,340357,56.77450441742054,43.22549558257947,3.085656905276956,4.600111613249204
171,KY-04,"Massie, Thomas",(R),108328,197131,311035,34.8,63.4,115487,191855,312017,37.0,61.5,305459,35.46400662609385,64.53599337390615,307342,37.57605533900345,62.42394466099655,-16.11279217314013,-16.499855625915913
172,KY-05,"Rogers, Hal",(R),60785,196167,261483,23.2,75.0,82637,174307,261555,31.6,66.6,256952,23.656169245617857,76.34383075438214,256944,32.16148265769973,67.83851734230026,-21.527364854443853,-28.307693006391904
173,KY-06,"Barr, Andy",(R),128537,170076,304861,42.2,55.8,138456,165837,308776,44.8,53.7,298613,43.04467655460412,56.95532344539588,304293,45.50088237323895,54.49911762676105,-8.18796513890463,-8.919185697405638
174,LA-01,"Scalise, Steve",(R),89418,235877,332923,26.9,70.9,81515,233789,321682,25.3,72.7,325295,27.48827986904195,72.51172013095805,315304,25.852827747190016,74.14717225281,-27.836019764953566,-24.47558238296781
175,LA-02,"Richmond, Cedric",(D),248982,74893,328306,75.8,22.8,235554,81703,321114,73.4,25.4,323875,76.87595522964106,23.124044770358935,317257,74.24706153055725,25.752938469442753,20.558214018413665,24.912092977631303
176,LA-03,"Boustany, Charles",(R),107611,220490,333573,32.3,66.1,111831,210951,328353,34.1,64.2,328101,32.79813228243742,67.20186771756258,322782,34.64598397680168,65.35401602319833,-19.0428635353419,-19.16572996957234
177,LA-04,"Fleming, John",(R),128612,191416,324250,39.7,59.0,126899,187020,317749,39.9,58.9,320028,40.187733573312336,59.812266426687664,313919,40.42412214615872,59.57587785384128,-13.264725365984859,-11.776128678697425
178,LA-05,"Abraham, Ralph",(R),124102,201058,329531,37.7,61.0,124119,209705,338332,36.7,62.0,325160,38.166441136671175,61.83355886332882,333824,37.18096961273007,62.81903038726993,-16.507877899413515,-13.797421115338587
179,LA-06,"Graves, Garret",(R),110416,228528,345482,32.0,66.1,103071,225094,333531,30.9,67.5,338944,32.57647280966767,67.42352719033232,328165,31.408285466152698,68.59171453384731,-22.280562045990884,-19.38738944234209
180,MA-01,"Neal, Richard",(D),213423,114339,333678,64.0,34.3,213130,112067,332362,64.1,33.7,327762,65.11523605543047,34.884763944569535,325197,65.53873498218003,34.46126501781997,11.84988747003645,13.15137380342071
181,MA-02,"McGovern, Jim",(D),199549,133195,339921,58.7,39.2,200553,124192,333290,60.2,37.3,332744,59.97072824754165,40.02927175245834,324745,61.757070932577875,38.24292906742213,8.068223420434293,8.00686599553189
182,MA-03,"Tsongas, Niki",(D),189461,137869,332925,56.9,41.4,188491,126175,320411,58.8,39.4,327330,57.88073198301409,42.11926801698592,314666,59.90192775832153,40.09807224167848,6.213080246177945,5.916869731004326
183,MA-04,"Kennedy, Joe",(D),211895,152845,370160,57.2,41.3,219573,137933,362027,60.7,38.1,364740,58.09480725996601,41.905192740033996,357506,61.417990187577274,38.58200981242273,7.7291426754336925,6.1309450079562495
184,MA-05,"Clark, Katherine",(D),235984,119934,362013,65.2,33.1,230731,111908,348496,66.2,32.1,355918,66.30291246860232,33.69708753139768,342639,67.33938635123263,32.66061364876736,13.650538839089052,14.339050216592554
185,MA-06,"Moulton, Seth",(D),212003,169966,387259,54.7,43.9,212823,154833,373809,56.9,41.4,381969,55.50267168278054,44.497328317219456,367656,57.88644820157973,42.11355179842026,4.19760068943615,3.538809430770776
186,MA-07,"Capuano, Mike",(D),233382,44275,283031,82.5,15.6,214011,43558,261402,81.9,16.7,277657,84.05406670820472,15.945933291795273,257569,83.08880338860655,16.911196611393454,29.39995587646297,32.090204456194954
187,MA-08,"Lynch, Stephen",(D),213364,150825,369239,57.8,40.8,205644,144128,355472,57.9,40.5,364189,58.586063829495124,41.413936170504876,349772,58.793728485985156,41.206271514014844,5.104880973841574,6.622201577485363
188,MA-09,"Keating, Bill",(D),212701,165212,382989,55.5,43.1,219141,154059,379234,57.8,40.6,377913,56.283059857692116,43.716940142307884,373200,58.71945337620579,41.28054662379421,5.03060586406221,4.319197605682355
189,MD-01,"Harris, Andy",(R),134072,214704,355614,37.7,60.4,134591,208958,350766,38.4,59.6,348776,38.44071839805491,61.559281601945095,343549,39.17665311207426,60.823346887925744,-14.512194400069319,-13.52314385395485
190,MD-02,"Ruppersberger, Dutch",(D),195114,108261,309437,63.1,35.0,185327,114710,306022,60.6,37.5,303375,64.31446229913473,35.68553770086527,300037,61.768048607338436,38.23195139266157,8.079201095194854,12.35060004712497
191,MD-03,"Sarbanes, John",(D),203772,124541,335690,60.7,37.1,196967,124481,327633,60.1,38.0,328313,62.06638177592724,37.93361822407276,321448,61.27491849381549,38.725081506184516,7.586070981671909,10.10251952391748
192,MD-04,"Edwards, Donna",(D),255707,68196,327230,78.1,20.8,247508,69754,320353,77.3,21.8,323903,78.94554851298074,21.054451487019264,317262,78.01375519286898,21.986244807131015,24.324907680725403,26.981686260970974
193,MD-05,"Hoyer, Steny",(D),234908,115052,355303,66.1,32.4,221879,114618,340744,65.1,33.6,349960,67.12424277060235,32.87575722939764,336497,65.93788354725302,34.06211645274698,12.249036035109441,15.16038051859259
194,MD-06,"Delaney, John",(D),178613,138675,323675,55.2,42.8,176020,131361,312668,56.3,42.0,317288,56.29365119386803,43.70634880613197,307381,57.264437294432646,42.73556270556736,3.5755897822890645,4.3297889418582685
195,MD-07,"Cummings, Elijah",(D),256965,75289,337313,76.2,22.3,251740,74017,330338,76.2,22.4,332254,77.33992668259825,22.660073317401746,325757,77.27846216658429,22.721537833415706,23.58961465444071,25.376064430588485
196,MD-08,"Van Hollen, Chris",(D),218691,127151,352756,62.0,36.0,215436,121963,343072,62.8,35.6,345842,63.234367138751225,36.765632861248775,337399,63.85199719027027,36.14800280972973,10.163149678126686,11.270504886741463
197,ME-01,"Pingree, Chellie",(D),223103,142993,374522,59.6,38.2,226309,139825,372846,60.7,37.5,366096,60.941119269262714,39.05888073073729,366134,61.81043006112517,38.18956993887484,8.121582548981586,8.977257017252953
198,ME-02,"Poliquin, Bruce",(R),178203,149283,336531,53.0,44.4,195614,155448,358317,54.6,43.4,327486,54.41545592788699,45.58454407211301,351062,55.720641937891315,44.279358062108685,2.0317944257477336,2.451593675877227
199,MI-01,"Benishek, Dan",(R),160199,189406,353694,45.3,53.6,183104,178360,368276,49.7,48.4,349605,45.82285722458203,54.17714277541798,361464,50.65622025983224,49.34377974016776,-3.032627252311343,-6.141005027427731
200,MI-02,"Huizenga, Bill",(R),142080,184755,329985,43.1,56.0,168237,176331,350282,48.0,50.3,326835,43.471476433062556,56.52852356693745,344568,48.82548582572961,51.17451417427039,-4.863361686413974,-8.492385818947206
201,MI-03,"Amash, Justin",(R),153069,177742,334438,45.8,53.1,174381,170654,351117,49.7,48.6,330811,46.27083138106048,53.72916861893952,345035,50.54009013578332,49.45990986421667,-3.1487573763602583,-5.693030870949279
202,MI-04,"Moolenaar, John",(R),146088,171864,321415,45.5,53.5,170685,167074,343947,49.6,48.6,317952,45.94655797101449,54.05344202898551,337759,50.534552743228154,49.46544725677184,-3.1542947689154275,-6.017304280995269
203,MI-05,"Kildee, Dan",(D),205800,129903,338966,60.7,38.3,230768,129429,366156,63.0,35.3,335703,61.30418852378442,38.69581147621559,360197,64.06716324677885,35.93283675322115,10.378315734635265,9.340326271774657
204,MI-06,"Upton, Fred",(R),158950,163309,325500,48.8,50.2,184125,156672,346680,53.1,45.2,322259,49.3236806419681,50.6763193580319,340797,54.027764328911346,45.972235671088654,0.33891681676776386,-2.640181610041658
205,MI-07,"Walberg, Tim",(R),159012,169268,331820,47.9,51.0,177650,165756,349608,50.8,47.4,328280,48.4379188497624,51.5620811502376,343406,51.731769392497505,48.26823060750249,-1.9570781196460771,-3.525943402247364
206,MI-08,"Bishop, Mike",(R),172131,183512,358795,48.0,51.1,195947,174675,376482,52.0,46.4,355643,48.399940389660415,51.60005961033958,370622,52.869770278073084,47.13022972192692,-0.8190772340704982,-3.5639218623493463
207,MI-09,"Levin, Sander",(D),199625,146185,349021,57.2,41.9,214229,147770,368821,58.1,40.1,345810,57.72678638558746,42.27321361441254,361999,59.17944524708631,40.82055475291369,5.490597734942732,5.762924133577698
208,MI-10,"Miller, Candice",(R),148429,187653,339318,43.7,55.3,170032,177205,354087,48.0,50.0,336082,44.1645193732482,55.83548062675181,347237,48.96713195886383,51.03286804113617,-4.721715553279751,-7.799342878761564
209,MI-11,"Trott, Dave",(R),178768,199308,380884,46.9,52.3,193613,186390,386552,50.1,48.2,378076,47.283614934563424,52.716385065436576,380003,50.950387233785,49.049612766215006,-2.7384602783585805,-4.680247317446337
210,MI-12,"Dingell, Debbie",(D),217492,107675,328498,66.2,32.8,234529,110055,350474,66.9,31.4,325167,66.88624614428893,33.11375385571107,344584,68.06148863557216,31.93851136442783,14.37264112342858,14.922383892279171
211,MI-13,"Conyers, John",(D),249656,41881,293164,85.2,14.3,281005,46980,331253,84.8,14.2,291537,85.63441347067439,14.365586529325608,327985,85.67617421528423,14.323825784715766,31.987326703140653,33.67055121866463
212,MI-14,"Lawrence, Brenda",(D),273270,62794,337491,81.0,18.6,294273,61286,357861,82.2,17.1,336064,81.31486859645781,18.685131403542183,355559,82.76347947879255,17.236520521207453,29.074631966648965,29.351006344448052
213,MN-01,"Walz, Tim",(D),170377,165720,343764,49.6,48.2,176959,162554,348046,50.8,46.7,336097,50.69280594590252,49.30719405409747,339513,52.12142097651636,47.87857902348364,-1.5674265356272201,-1.2710563061072406
214,MN-02,"Kline, John",(R),184802,184576,376586,49.1,49.0,185192,174635,367039,50.5,47.6,369378,50.030591968119374,49.96940803188062,359827,51.466954953352584,48.533045046647416,-2.221892558790998,-1.933270283890387
215,MN-03,"Paulsen, Erik",(R),199093,195802,401332,49.6,48.8,199740,185406,391314,51.0,47.4,394895,50.41669304498664,49.583306955013356,385146,51.860852767521926,48.139147232478074,-1.8279947446216553,-1.5471692070231242
216,MN-04,"McCollum, Betty",(D),231511,131521,370514,62.5,35.5,229802,130366,367119,62.6,35.5,363032,63.77151325502985,36.22848674497014,360168,63.80411363585882,36.19588636414118,10.115266123715237,11.80765100302009
217,MN-05,"Ellison, Keith",(D),274635,89643,373638,73.5,24.0,269829,90035,367392,73.4,24.5,364278,75.39159652792648,24.608403472073526,359864,74.98082608985617,25.019173910143834,21.291978577712584,23.42773427591672
218,MN-06,"Emmer, Tom",(R),151238,205652,364072,41.5,56.5,153766,194584,356012,43.2,54.7,356890,42.37664266300541,57.623357336994594,348350,44.14123726137505,55.85876273862495,-9.547610250768528,-9.587219589004349
219,MN-07,"Peterson, Collin",(D),147750,180334,334777,44.1,53.9,162296,173440,344442,47.1,50.4,328084,45.03419855890564,54.96580144109436,335736,48.340362665904166,51.65963733409584,-5.3484848462394154,-6.929663693104118
220,MN-08,"Nolan, Rick",(D),186761,166977,361237,51.7,46.2,195770,164390,369006,53.1,44.5,353738,52.79641994922796,47.20358005077204,360160,54.35639715681919,45.64360284318081,0.66754964467561,0.8325576972181992
221,MO-01,"Clay, Lacy",(D),280194,66286,350829,79.9,18.9,309062,71725,384801,80.3,18.6,346480,80.86873701223736,19.131262987762643,380787,81.16401032598277,18.835989674017235,27.47516281383919,28.9048747602276
222,MO-02,"Wagner, Ann",(R),170727,235428,411992,41.4,57.1,199128,225911,429449,46.4,52.6,406155,42.03493740074602,57.96506259925398,425039,46.849347942188835,53.150652057811165,-6.8394995699547465,-9.928924851263744
223,MO-03,"Luetkemeyer, Blaine",(R),127443,219156,353496,36.1,62.0,158404,206620,370056,42.8,55.8,346599,36.76958098551929,63.23041901448071,365024,43.39550276146226,56.604497238537746,-10.293344750681321,-15.19428126649047
224,MO-04,"Hartzler, Vicki",(R),119908,201672,329292,36.4,61.2,146703,197817,350083,41.9,56.5,321580,37.287144722930535,62.712855277069465,344520,42.58185301288749,57.41814698711251,-11.10699449925609,-14.676717529079227
225,MO-05,"Cleaver, Emanuel",(D),199298,133185,338346,58.9,39.4,229496,136071,370231,62.0,36.8,332483,59.94231284005498,40.05768715994502,365567,62.77809539701341,37.22190460298659,9.089247884869827,7.97845058804522
226,MO-06,"Graves, Sam",(R),129610,205283,341953,37.9,60.0,154736,198560,359371,43.1,55.3,334893,38.70191374558441,61.29808625441559,353296,43.79783524296907,56.202164757030936,-9.89101226917451,-13.261948506425348
227,MO-07,"Long, Billy",(R),98916,220216,325978,30.3,67.6,121064,216172,342504,35.3,63.1,319132,30.995324818570374,69.00467518142963,337236,35.898895728807126,64.10110427119288,-17.789951783336456,-20.968537433439387
228,MO-08,"Smith, Jason",(R),97700,201214,305437,32.0,65.9,123319,192937,321648,38.3,60.0,298914,32.684986317134694,67.31501368286531,316256,38.99341040169989,61.00658959830011,-14.695437110443692,-19.278875934875067
229,MS-01,"Kelly, Trent",(R),118438,197984,319986,37.0,61.9,118704,202760,324760,36.6,62.4,316422,37.430393588309286,62.569606411690714,321464,36.92606326058283,63.07393673941717,-16.762784251560753,-14.533468663700475
230,MS-02,"Thompson, Bennie",(D),219416,109228,330543,66.4,33.0,215143,118035,335114,64.2,35.2,328644,66.76403646498947,33.23596353501053,333178,64.57299101381244,35.427008986187566,10.88414350166886,14.800174212979712
231,MS-03,"Harper, Gregg",(R),132968,204180,340146,39.1,60.0,131202,207867,341622,38.4,60.8,337148,39.43905940417858,60.56094059582142,339069,38.69477893880007,61.30522106119993,-14.994068573343512,-12.524802847831182
232,MS-04,"Palazzo, Steven",(R),92127,199354,294909,31.2,67.6,89613,195935,288369,31.1,67.9,291481,31.60651980746601,68.393480192534,285548,31.38281479821256,68.61718520178745,-22.30603271393102,-20.35734244454375
233,MT-AL,"Zinke, Ryan",(R),201839,267928,483932,41.7,55.4,232159,243882,491767,47.2,49.6,469767,42.96576813611854,57.03423186388146,476041,48.76869849445741,51.23130150554259,-4.920149017686171,-8.99809411589122
234,NC-01,"Butterfield, G.K.",(D),247611,96402,345809,71.6,27.9,234808,96237,332078,70.7,29.0,344013,71.97722179103697,28.022778208963032,331045,70.92932984941625,29.070670150583755,17.240482337272667,20.013359539027206
235,NC-02,"Ellmers, Renee",(R),134016,183972,321292,41.7,57.3,131886,169517,303340,43.5,55.9,317988,42.144986603268045,57.85501339673195,301403,43.75736140648899,56.24263859351102,-9.931486105654592,-9.818875648741717
236,NC-03,"Jones, Walter",(R),130053,183925,317158,41.0,58.0,132741,173567,307961,43.1,56.4,313978,41.421054978374286,58.578945021625714,306308,43.33579273149901,56.66420726850099,-10.35305478064457,-10.542807273635475
237,NC-04,"Price, David",(D),258202,99068,361482,71.4,27.4,246527,92456,340847,72.3,27.1,357270,72.27083158395611,27.729168416043887,338983,72.7254759088214,27.274524091178616,19.036628396677813,20.30696933194635
238,NC-05,"Foxx, Virginia",(R),140633,208869,353629,39.8,59.1,145811,197347,345798,42.2,57.1,349502,40.23811022540644,59.76188977459357,343158,42.49092254879677,57.50907745120324,-11.197924963346814,-11.725752026603324
239,NC-06,"Walker, Mark",(R),154073,214871,372713,41.3,57.7,156417,201389,360440,43.4,55.9,368944,41.760538184656745,58.239461815343255,357806,43.715588894540616,56.284411105459384,-9.973258617602966,-10.203324067353016
240,NC-07,"Rouzer, David",(R),136091,202259,341443,39.9,59.2,135112,187346,324209,41.7,57.8,338350,40.22195950938377,59.77804049061623,322458,41.90065062736853,58.09934937263147,-11.788196884775054,-11.741902742625989
241,NC-08,"Hudson, Richard",(R),126223,178731,307829,41.0,58.1,123473,170247,295575,41.8,57.6,304954,41.39083271575385,58.60916728424614,293720,42.03765490943756,57.96234509056244,-11.651192602706018,-10.573029536255909
242,NC-09,"Pittenger, Robert",(R),164739,216215,384790,42.8,56.2,157700,189404,349057,45.2,54.3,380954,43.24380371383422,56.75619628616578,347104,45.43306905135061,54.56693094864939,-8.255778460792975,-8.720058538175543
243,NC-10,"McHenry, Patrick",(R),139439,197769,340976,40.9,58.0,140050,190074,332317,42.1,57.2,337208,41.351035562620105,58.64896443737989,330124,42.42345300553731,57.57654699446269,-11.26539450660627,-10.612826689389657
244,NC-11,"Meadows, Mark",(R),127563,205553,337550,37.8,60.9,136841,196872,336486,40.7,58.5,333116,38.29386760167629,61.70613239832371,333713,41.00559462771903,58.994405372280966,-12.683252884424554,-13.669994650333471
245,NC-12,"Adams, Alma",(D),249654,66088,317870,78.5,20.8,228644,62552,292322,78.2,21.4,315742,79.06898670433455,20.931013295665448,291196,78.5189356996662,21.481064300333795,24.83008818752262,27.105124452324787
246,NC-13,"Holding, George",(R),170093,216674,390759,43.5,55.4,164056,197399,363718,45.1,54.3,386767,43.97815739191813,56.021842608081876,361455,45.387669281099996,54.612330718900004,-8.301178231043586,-7.98570486009163
247,ND-AL,"Cramer, Kevin",(R),124827,188163,320767,38.9,58.7,141403,168887,316615,44.7,53.3,312990,39.88210485958018,60.11789514041982,310290,45.57123980792162,54.42876019207837,-8.11760770422196,-12.08175739242958
248,NE-01,"Fortenberry, Jeff",(R),107994,152122,264718,40.8,57.5,117514,144470,267008,44.0,54.1,260116,41.517630595580435,58.482369404419565,261984,44.855411017466714,55.144588982533286,-8.833436494676867,-10.446231656429326
249,NE-02,"Ashford, Brad",(D),121971,140880,266720,45.7,52.8,133016,129890,267039,49.8,48.6,262851,46.40309528972688,53.59690471027312,262906,50.594509064076135,49.405490935923865,-3.0943384480674467,-5.560766962282884
250,NE-03,"Smith, Adrian",(R),72116,182062,259224,27.8,70.2,82789,178619,266981,31.0,66.9,254178,28.372243073751463,71.62775692624854,261408,31.67041559554413,68.32958440445587,-22.01843191659945,-23.5916191782583
251,NH-01,"Guinta, Frank",(R),179148,173419,356812,50.2,48.6,186598,163977,353603,52.8,46.4,352567,50.81246968661276,49.18753031338724,350575,53.226271126007276,46.773728873992724,-0.4625763861363055,-1.1513925653970034
252,NH-02,"Kuster, Annie",(D),190413,156499,351587,54.2,44.5,198228,152557,354008,56.0,43.1,346912,54.887983119638406,45.11201688036159,350785,56.50982795729578,43.49017204270422,2.8209804451521947,2.9241208676286448
253,NJ-01,"Norcross, Donald",(D),212236,110377,326134,65.1,33.8,219874,116242,340075,64.7,34.2,322613,65.78656160787074,34.21343839212927,336116,65.4161063442383,34.5838936557617,11.72725883209472,13.822699355860976
254,NJ-02,"LoBiondo, Frank",(R),166906,141479,311778,53.5,45.4,174840,149736,328805,53.2,45.5,308385,54.122606482157046,45.877393517842954,324576,53.867199053534456,46.132800946465544,0.1783515413908745,2.158744230147285
255,NJ-03,"MacArthur, Tom",(R),179028,163203,345812,51.8,47.2,188210,175525,367978,51.1,47.7,342231,52.31203485365148,47.68796514634852,363735,51.74371451743715,48.25628548256285,-1.9451329947064337,0.34817260164172126
256,NJ-04,"Smith, Chris",(R),148622,180439,332612,44.7,54.2,160660,190307,355041,45.3,53.6,329061,45.16548603450424,54.83451396549576,350967,45.77638353463431,54.22361646536569,-7.912463977509269,-6.7983762175055205
257,NJ-05,"Garrett, Scott",(R),162305,172486,338580,47.9,50.9,176486,183854,363746,48.5,50.5,334791,48.47949915021611,51.52050084978389,360340,48.977632236221346,51.022367763778654,-4.711215275922235,-3.4843631017936545
258,NJ-06,"Pallone, Frank",(D),163391,99466,265918,61.4,37.4,170603,118187,292048,58.4,40.5,262857,62.159653347637686,37.840346652362314,288790,59.07510647875619,40.92489352124381,5.386258966612608,10.195791095627925
259,NJ-07,"Lance, Leonard",(R),157635,178521,340175,46.3,52.5,172330,188352,364851,47.2,51.6,336156,46.89340663263485,53.10659336736515,360682,47.77892991610338,52.22107008389661,-5.909917596040202,-5.070455619374911
260,NJ-08,"Sires, Albio",(D),162232,43032,207307,78.3,20.8,159013,56502,217359,73.2,26.0,205264,79.03577831475563,20.964221685244368,215515,73.78279934111315,26.217200658886853,20.093951828969566,27.07191606274587
261,NJ-09,"Pascrell, Bill",(D),173082,77951,253218,68.4,30.8,170663,93912,266738,64.0,35.2,251033,68.94790724725435,31.05209275274565,264575,64.50458282150619,35.49541717849381,10.815735309362609,16.984044995244588
262,NJ-10,"Payne, Donald",(D),239483,31379,272407,87.9,11.5,242306,41562,285386,84.9,14.6,270862,88.41513390582658,11.584866094173417,283868,85.35868784082743,14.641312159172573,31.669840328683847,36.45127165381682
263,NJ-11,"Frelinghuysen, Rodney",(R),163493,183775,350909,46.6,52.4,176436,195675,375701,47.0,52.1,347268,47.07977700220003,52.92022299779997,372111,47.41488426840378,52.58511573159622,-6.2739632437398,-4.884085249809729
264,NJ-12,"Watson Coleman, Bonnie",(D),198197,96642,298083,66.5,32.4,204001,103354,310510,65.7,33.3,294839,67.22211105043769,32.7778889495623,307355,66.37308649607132,33.62691350392868,12.684238983927742,15.258248798427928
265,NM-01,"Lujan Grisham, Michelle",(D),155915,111749,282195,55.3,39.6,178068,116302,298305,59.7,39.0,267664,58.250268993962585,41.74973100603742,294370,60.491218534497406,39.5087814655026,6.8023710223538245,6.286406741952824
266,NM-02,"Pearce, Steve",(R),103438,119168,230391,44.9,51.7,118400,122705,244530,48.4,50.2,222606,46.46685174703287,53.53314825296712,241105,49.10723543684286,50.89276456315714,-4.581612075300718,-5.497010504976892
267,NM-03,"Lujan, Ben",(D),155982,104871,271171,57.5,38.7,175953,107825,287324,61.2,37.5,260853,59.79689710296604,40.20310289703396,283778,62.00374940974987,37.99625059025013,8.31490189760629,7.833034850956281
268,NV-01,"Titus, Dina",(D),123205,60813,187686,65.6,32.4,122041,62527,189190,64.5,33.0,184018,66.95268941081851,33.04731058918149,184568,66.12251311169867,33.87748688830133,12.433665599555084,14.988827158808746
269,NV-02,"Amodei, Mark",(R),131542,155187,293476,44.8,52.9,141357,137916,285982,49.4,48.2,286729,45.8767686561178,54.1232313438822,279273,50.61606385150015,49.383936148499856,-3.072783660643431,-6.0870935958919645
270,NV-03,"Heck, Joe",(R),140501,138238,283656,49.5,48.7,140378,116908,262257,53.5,44.6,278739,50.40593530148275,49.59406469851725,257286,54.56107211430081,45.43892788569918,0.8722246021572317,-1.557926950527012
271,NV-04,"Hardy, Cresent",(R),136124,109330,250100,54.4,43.7,129961,95477,230420,56.4,41.4,245454,55.45804916603518,44.54195083396482,225438,57.64822257117256,42.35177742882744,3.9593750590289787,3.49418691402542
272,NY-01,"Zeldin, Lee",(R),146708,145115,295673,49.6,49.1,168611,156394,328315,51.4,47.6,291823,50.272939418757254,49.72706058124274,325005,51.879509546006986,48.120490453993014,-1.8093379661365958,-1.6909228332525075
273,NY-02,"King, Peter",(R),140817,128791,272663,51.6,47.2,156151,145890,304670,51.3,47.9,269608,52.23027506602178,47.76972493397822,302041,51.6986104535477,48.3013895464523,-1.9902370585958806,0.2664128140120212
274,NY-03,"Israel, Steve",(D),155451,147617,306221,50.8,48.2,182847,155946,341582,53.5,45.7,303068,51.29244921931711,48.70755078068289,338793,53.970123349655985,46.029876650344015,0.28127583751240337,-0.671413032692648
275,NY-04,"Rice, Kathleen",(D),173508,131750,308119,56.3,42.8,185400,147199,334969,55.3,43.9,305258,56.839787982624536,43.160212017375464,332599,55.7428013914654,44.2571986085346,2.053953879321817,4.8759257306147745
276,NY-05,"Meeks, Gregory",(D),192374,19325,212347,90.6,9.1,206652,32558,240009,86.1,13.6,211699,90.87147317653839,9.128526823461613,239210,86.38936499310229,13.610635006897706,32.70051748095871,38.907610924528626
277,NY-06,"Meng, Grace",(D),125496,57455,185058,67.8,31.0,126794,71419,199891,63.4,35.7,182951,68.59541625899831,31.40458374100169,198213,63.96855907533815,36.03144092466186,10.279711563194567,16.63155400698855
278,NY-07,"Velazquez, Nydia",(D),159552,18671,180591,88.3,10.3,158908,28083,188388,84.4,14.9,178223,89.52379883628937,10.476201163710632,186991,84.98163013193148,15.018369868068518,31.2927826197879,37.55993658427961
279,NY-08,"Jeffries, Hakeem",(D),210018,23869,235295,89.3,10.1,208300,32971,242177,86.0,13.6,233887,89.7946444223065,10.205355577693503,241271,86.33445378847851,13.665546211521484,32.64560627633493,37.83078217029674
280,NY-09,"Clarke, Yvette",(D),204281,33156,239547,85.3,13.8,208748,38289,248224,84.1,15.4,237437,86.03587477941517,13.964125220584828,247037,84.50070232394337,15.499297676056623,30.81185481179979,34.072012527405406
281,NY-10,"Nadler, Jerrold",(D),173650,58992,235821,73.6,25.0,195974,60682,259039,75.7,23.4,232642,74.64258388425134,25.35741611574866,256656,76.35667975811981,23.64332024188018,22.66783224597623,22.678721632241576
282,NY-11,"Donovan, Dan",(R),110407,101262,213991,51.6,47.3,112035,118106,231976,48.3,50.9,211669,52.16021240710732,47.83978759289268,230141,48.681025979725476,51.31897402027453,-5.007821532418106,0.19635015509756215
283,NY-12,"Maloney, Carolyn",(D),205919,57575,267692,76.9,21.5,243155,57238,303389,80.1,18.9,263494,78.14940757664311,21.850592423356886,300393,80.94562789412537,19.054372105874638,27.256780381981784,26.185545324633352
284,NY-13,"Rangel, Charlie",(D),219361,10558,231787,94.6,4.6,225863,14845,242035,93.3,6.1,229919,95.40794801647536,4.592051983524632,240708,93.83277664223873,6.167223357761271,40.143929130095145,43.4440857644656
285,NY-14,"Crowley, Joe",(D),136783,30978,169552,80.7,18.3,135243,41288,177831,76.1,23.2,167761,81.534444835212,18.465555164788004,176531,76.6114733389603,23.388526661039705,22.922625826816713,29.57058258320224
286,NY-15,"Serrano, Jose",(D),171366,5315,177129,96.7,3.0,170498,9382,180295,94.6,5.2,176681,96.99175349924441,3.008246500755599,179880,94.78430064487436,5.215699355125639,41.09545313273078,45.02789124723465
287,NY-16,"Engel, Eliot",(D),197365,68373,267814,73.7,25.5,205897,74591,282279,72.9,26.4,265738,74.27052209318953,25.729477906810466,280488,73.4067054562049,26.5932945437951,19.717857944061322,22.306659841179766
288,NY-17,"Lowey, Nita",(D),168020,123190,294401,57.1,41.8,181604,128934,313081,58.0,41.2,291210,57.69719446447581,42.30280553552419,310538,58.48044361720627,41.51955638279373,4.791596105062688,5.7333322124660455
289,NY-18,"Maloney, Sean",(D),149610,137144,290894,51.4,47.1,162618,146308,312234,52.1,46.9,286754,52.17364012359026,47.82635987640975,308926,52.63979075895199,47.36020924104802,-1.0490567531915929,0.2097778715804992
290,NY-19,"Gibson, Chris",(R),157967,138981,303112,52.1,45.9,175763,150323,331779,53.0,45.3,296948,53.196856015194584,46.80314398480542,326086,53.90081144238024,46.09918855761977,0.2119639302366565,1.2329937631848225
291,NY-20,"Tonko, Paul",(D),186460,122230,315032,59.2,38.8,198366,135529,340274,58.3,39.8,308690,60.4036411934303,39.5963588065697,333895,59.40969466449033,40.59030533550967,5.7208471523467495,8.439778941420542
292,NY-21,"Stefanik, Elise",(R),138889,122471,265850,52.2,46.1,150137,135821,290642,51.7,46.7,261360,53.14087848178757,46.859121518212426,285958,52.50316480042524,47.49683519957476,-1.1856827117183428,1.1770162297778057
293,NY-22,"Hanna, Richard",(R),135172,136500,277217,48.8,49.2,148425,148580,302473,49.1,49.1,271672,49.75558762036574,50.24441237963426,297005,49.973906163195906,50.026093836804094,-3.7149413489476757,-2.2082746316440236
294,NY-23,"Reed, Tom",(R),133949,137312,276891,48.4,49.6,150412,147913,303285,49.6,48.8,271261,49.38011730399873,50.61988269600127,298325,50.41883851504232,49.58116148495768,-3.2700089971012645,-2.583744948011031
295,NY-24,"Katko, John",(R),171502,123534,300621,57.0,41.1,181776,135928,323571,56.2,42.0,295036,58.12917745631042,41.870822543689584,317704,57.21552136579962,42.78447863420039,3.5266738536560354,6.165315204300661
296,NY-25,"Slaughter, Louise",(D),187753,125897,319454,58.8,39.4,201012,136481,342056,58.8,39.9,313650,59.8606727243743,40.139327275625696,337493,59.56034643681498,40.43965356318501,5.8714989246714,7.896810472364535
297,NY-26,"Higgins, Brian",(D),193362,103743,302388,63.9,34.3,208504,115099,328709,63.4,35.0,297105,65.08204170242844,34.917958297571566,323603,64.43203554973223,35.567964450267766,10.743188037588652,13.11817945041868
298,NY-27,"Collins, Chris",(R),140176,180703,326828,42.9,55.3,153862,186554,345902,44.5,53.9,320879,43.68500275804899,56.31499724195101,340416,45.19822805038541,54.80177194961458,-8.490619461758172,-8.278859493960773
299,OH-01,"Chabot, Steve",(R),168195,190504,363593,46.3,52.4,171529,188091,363285,47.2,51.8,358699,46.89028963002406,53.109710369975936,359620,47.69729158556254,52.30270841443746,-5.991555926581043,-5.073572621985704
300,OH-02,"Wenstrup, Brad",(R),155027,194409,355117,43.7,54.7,160301,196040,361562,44.3,54.2,349436,44.36491947023203,55.63508052976797,356341,44.985280952795215,55.014719047204785,-8.703566559348367,-7.59894278177773
301,OH-03,"Beatty, Joyce",(D),217969,90434,312938,69.7,28.9,209277,97330,310574,67.4,31.3,308403,70.67667953943379,29.323320460566205,306607,68.25578020071296,31.744219799287038,14.56693268856938,18.71281728742403
302,OH-04,"Jordan, Jim",(R),139228,185512,331390,42.0,56.0,150312,187369,344253,43.7,54.4,324740,42.873683562234405,57.1263164377656,337681,44.51301672288343,55.486983277116565,-9.175830789260154,-9.090178689775357
303,OH-05,"Latta, Bob",(R),159592,195075,362052,44.1,53.9,171746,194685,373037,46.0,52.2,354667,44.99770206982888,55.00229793017112,366431,46.86994277230911,53.130057227690884,-6.818904739834473,-6.966160182180879
304,OH-06,"Johnson, Bill",(R),136522,176593,319939,42.7,55.2,149059,177089,333655,44.7,53.1,313115,43.60123277390096,56.39876722609903,326148,45.70287108919877,54.29712891080123,-7.985976422944809,-8.3626294781088
305,OH-07,"Gibbs, Bob",(R),147660,179312,333866,44.2,53.7,159267,173085,339811,46.9,50.9,326972,45.15983019952779,54.84016980047222,332352,47.92117995378394,52.07882004621606,-5.767667558359641,-6.804032052481972
306,OH-08,,(R),124478,211436,341543,36.4,61.9,133182,210494,349366,38.1,60.3,335914,37.05650851110701,62.94349148889299,343676,38.752196836555356,61.24780316344464,-14.936650675588226,-14.90735374090275
307,OH-09,"Kaptur, Marcy",(D),217146,99223,321454,67.6,30.9,227380,107587,340297,66.8,31.6,316369,68.63693977602104,31.363060223978962,334967,67.88131368164625,32.11868631835375,14.192466169502666,16.673077524011276
308,OH-10,"Turner, Michael",(R),172942,179813,358592,48.2,50.1,183239,183226,371572,49.3,49.3,352755,49.0260945982339,50.973905401766096,366465,50.001773702809274,49.998226297190726,-3.687073809334308,-2.9377676537758646
309,OH-11,"Fudge, Marcia",(D),298788,59753,361124,82.7,16.5,303165,63609,369582,82.0,17.2,358541,83.33440248116672,16.665597518833273,366774,82.65716762911221,17.342832370887795,28.968320116968627,31.37054022915696
310,OH-12,"Tiberi, Patrick",(R),167441,207387,381462,43.9,54.4,167870,201574,375123,44.8,53.7,374828,44.671422625844386,55.32857737415561,369444,45.43855090351989,54.56144909648012,-8.250296608623692,-7.292439626165375
311,OH-13,"Ryan, Tim",(D),212616,119625,337776,62.9,35.4,222155,127685,356854,62.3,35.8,332241,63.99451000930048,36.00548999069952,349840,63.50188657672079,36.498113423279214,9.813039064577211,12.030647757290716
312,OH-14,"Joyce, David",(R),179769,192270,377833,47.6,50.9,189099,190379,385186,49.1,49.4,372039,48.31993420044673,51.680065799553276,379478,49.831347271778604,50.168652728221396,-3.8575002403649776,-3.64392805156303
313,OH-15,"Stivers, Steve",(R),161227,180443,347923,46.3,51.9,161592,183103,350655,46.1,52.2,341670,47.18792987385489,52.8120701261451,344695,46.87970524666734,53.12029475333265,-6.80914226547624,-4.77593237815487
314,OH-16,"Renacci, Jim",(R),169108,199650,374209,45.2,53.4,180871,196473,383030,47.2,51.3,368758,45.85880170735279,54.14119829264721,377344,47.93265561397558,52.06734438602443,-5.756191898168005,-6.105060544656972
315,OK-01,"Bridenstine, Jim",(R),98321,188961,287282,34.2,65.8,113915,204018,317933,35.8,64.2,287282,34.224559840157056,65.77544015984294,317933,35.82987610597201,64.17012389402798,-17.85897140617157,-17.739302411852705
316,OK-02,"Mullin, Markwayne",(R),81179,170983,252162,32.2,67.8,93714,179570,273285,34.3,65.7,252162,32.19319326464733,67.80680673535267,273284,34.29179900762577,65.70820099237423,-19.397048504517812,-19.770668987362434
317,OK-03,"Lucas, Frank",(R),70346,199390,269736,26.1,73.9,80196,216033,296229,27.1,72.9,269736,26.079574102085,73.920425897915,296229,27.072298795864008,72.92770120413599,-26.616548716279574,-25.88428814992476
318,OK-04,"Cole, Tom",(R),86285,176067,262386,32.9,67.1,97697,190538,288234,33.9,66.1,262352,32.88901933280478,67.11098066719522,288235,33.89491213766544,66.10508786233456,-19.79393537447814,-19.074842919204983
319,OK-05,"Russell, Steve",(R),107416,155924,263306,40.8,59.2,116973,170007,286981,40.8,59.2,263340,40.78985342143237,59.21014657856764,286980,40.75998327409576,59.24001672590424,-12.928864238047822,-11.174008830577392
320,OR-01,"Bonamici, Suzanne",(D),201028,140410,350979,57.3,40.0,210580,133368,353487,59.6,37.7,341438,58.8768678354489,41.12313216455111,343948,61.22437112586786,38.77562887413213,7.53552361372428,6.913005583439137
321,OR-02,"Walden, Greg",(R),139940,196568,345883,40.5,56.8,153867,191430,355690,43.3,53.8,336508,41.58593554982348,58.41406445017652,345297,44.56076942458231,55.43923057541769,-9.12807808756127,-10.37792670218628
322,OR-03,"Blumenauer, Earl",(D),267966,91827,372036,72.0,24.7,275349,91804,377498,72.9,24.3,359793,74.4778247492308,25.52217525076919,367153,74.99571023524253,25.00428976475747,21.306862723098945,22.513962497221044
323,OR-04,"DeFazio, Peter",(D),188563,163931,364440,51.7,45.0,210312,165632,388034,54.2,42.7,352494,53.49396018088252,46.50603981911749,375944,55.942374396186665,44.057625603813335,2.253526884043083,1.530097928872756
324,OR-05,"Schrader, Kurt",(D),172991,161439,342657,50.5,47.1,187183,156240,353154,53.0,44.2,334430,51.72711778249559,48.27288221750441,343423,54.50508556503204,45.49491443496795,0.8162380528884583,-0.23674446951417139
325,PA-01,"Brady, Bob",(D),244605,50211,297369,82.3,16.9,245500,64135,311981,78.7,20.6,294816,82.96869912080756,17.031300879192447,309635,79.28690232047411,20.713097679525895,25.59805480833053,31.004836868797796
326,PA-02,"Fattah, Chaka",(D),338543,33525,374459,90.4,9.0,347855,33390,382621,90.9,8.7,372068,90.9895502972575,9.010449702742509,381245,91.241852352162,8.758147647838005,37.55300484001842,39.02568804524773
327,PA-03,"Kelly, Mike",(R),132484,171121,307771,43.0,55.6,149873,169166,323368,46.3,52.3,303605,43.63696250061758,56.363037499382415,319039,46.9763884666138,53.02361153338621,-6.7124590455297835,-8.326899751392183
328,PA-04,"Perry, Scott",(R),129239,177711,311373,41.5,57.1,144854,172940,321232,45.1,53.8,306950,42.10425150676006,57.89574849323994,317794,45.58109970609892,54.41890029390108,-8.107747806044664,-9.859610745249704
329,PA-05,"Thompson, Glenn",(R),119958,165210,290085,41.4,57.0,146536,160134,311074,47.1,51.5,285168,42.06572967513886,57.93427032486114,306670,47.78295888088173,52.21704111911827,-5.905888631261853,-9.8981325768709
330,PA-06,"Costello, Ryan",(R),165916,174379,344797,48.1,50.6,186460,161570,351615,53.0,46.0,340295,48.75652007816747,51.243479921832524,348030,53.57584116311812,46.42415883688188,-0.11300634902546136,-3.2073421738422923
331,PA-07,"Meehan, Pat",(R),177252,183955,365247,48.5,50.4,192275,179384,375376,51.2,47.8,361207,49.07213869055694,50.92786130944306,371659,51.73425102042464,48.26574897957536,-1.9545964917189451,-2.891723561452821
332,PA-08,"Fitzpatrick, Michael",(R),177940,178195,360589,49.3,49.4,198505,170472,373060,53.2,45.7,356135,49.96419896949191,50.0358010305081,368977,53.79874626331722,46.20125373668277,0.10989875117363823,-1.9996632825178509
333,PA-09,"Schuster, Bill",(R),100907,176724,281321,35.9,62.8,120433,170305,294304,40.9,57.9,277631,36.34572508113287,63.654274918867124,290738,41.42320577289518,58.57679422710481,-12.265641739248402,-15.618137170876892
334,PA-10,"Marino, Tom",(R),108944,170277,283294,38.5,60.1,126925,169324,299936,42.3,56.5,279221,39.01712263762396,60.982877362376044,296249,42.8440264777265,57.1559735222735,-10.84482103441708,-12.946739614385798
335,PA-11,"Barletta, Lou",(R),130502,157841,292821,44.6,53.9,145211,159469,308440,47.1,51.7,288343,45.25929188501195,54.74070811498806,304680,47.66016804516214,52.33983195483787,-6.028679466981444,-6.704570366997814
336,PA-12,"Rothfus, Keith",(R),141918,200396,346617,40.9,57.8,161241,195077,360576,44.7,54.1,342314,41.458427058198026,58.54157294180197,356318,45.25199400535477,54.74800599464523,-8.436853506788815,-10.505435193811735
337,PA-13,"Boyle, Brendan",(D),210561,104711,318212,66.2,32.9,217661,112243,332609,65.4,33.7,315272,66.78709178106524,33.212908218934764,329904,65.97707211794946,34.02292788205054,12.28822460580588,14.823229529055482
338,PA-14,"Doyle, Michael",(D),230750,103977,339399,68.0,30.6,245432,116994,366056,67.0,32.0,334727,68.93677534229387,31.06322465770613,362426,67.71920336841177,32.280796631588245,14.030355856268187,16.97291309028411
339,PA-15,"Dent, Charlie",(R),147234,156165,307543,47.9,50.8,165836,148385,318325,52.1,46.6,303399,48.52817576854241,51.47182423145759,314221,52.77686723675375,47.22313276324625,-0.9119802753898298,-3.43568648346735
340,PA-16,"Pitts, Joe",(R),135331,153189,292597,46.3,52.4,152095,148489,303292,50.1,49.0,288520,46.90524053791765,53.09475946208235,300584,50.5998323264046,49.400167673595405,-3.0890151857389796,-5.058621714092112
341,PA-17,"Cartwright, Matt",(D),156019,121870,281710,55.4,43.3,174446,128440,306601,56.9,41.9,277889,56.14435979833675,43.855640201663256,302886,57.59460655163989,42.40539344836011,3.90575903949631,4.18049754632699
342,PA-18,"Murphy, Tim",(R),142178,200985,346855,41.0,57.9,155226,195970,354760,43.8,55.2,343163,41.43162287309529,58.5683771269047,351196,44.19925056094033,55.80074943905967,-9.489596951203254,-10.532239378914468
343,RI-01,"Cicilline, David",(D),141332,68685,213460,66.2,32.2,150363,71764,225615,66.6,31.8,210017,67.29550464962361,32.7044953503764,222127,67.69235617462083,32.307643825379174,14.003508662477245,15.331642397613848
344,RI-02,"Langevin, Jim",(D),138345,88519,231208,59.8,38.3,146208,93627,244152,59.9,38.3,226864,60.98146907398265,39.01853092601735,239835,60.96191131402839,39.03808868597161,7.27306380188481,9.01760682197289
345,SC-01,"Sanford, Mark",(R),119756,173550,297933,40.2,58.3,118886,156066,278253,42.7,56.1,293306,40.829713677865435,59.17028632213456,274952,43.23881986674037,56.76118013325963,-10.45002764540321,-11.134148574144326
346,SC-02,"Wilson, Joe",(R),113338,170005,287443,39.4,59.1,112547,169885,285473,39.4,59.5,283343,40.000282343308285,59.99971765669171,282432,39.84923804668026,60.150761953319744,-13.839609465463319,-11.963579908701476
347,SC-03,"Duncan, Jeff",(R),89494,170173,263638,33.9,64.5,93525,169190,266523,35.1,63.5,259667,34.464910828099065,65.53508917190094,262715,35.59941381344803,64.40058618655196,-18.08943369869555,-17.498951423910697
348,SC-04,"Gowdy, Trey",(R),99387,170679,274554,36.2,62.2,102178,164088,270855,37.7,60.6,270066,36.80100419897359,63.19899580102641,266266,38.37440754733988,61.62559245266013,-15.314439964803704,-15.162858053036175
349,SC-05,"Mulvaney, Mick",(R),124832,157710,286200,43.6,55.1,120264,150734,274280,43.8,55.0,282542,44.18174996991598,55.81825003008403,270998,44.37818729289515,55.621812707104844,-9.310660219248433,-7.7821122820937845
350,SC-06,"Clyburn, Jim",(D),195131,77299,275266,70.9,28.1,191945,79266,273907,70.1,28.9,272430,71.62610578864296,28.373894211357047,271211,70.7733093421727,29.226690657827298,17.084461830029113,19.6622435366332
351,SC-07,"Rice, Tom",(R),124002,152230,279085,44.4,54.5,123103,145666,271678,45.3,53.6,276232,44.890526803556426,55.109473196443574,268769,45.80252930955579,54.197470690444206,-7.886318202587795,-7.073335448453335
352,SD-AL,"Noem, Kristi",(R),145039,210610,363809,39.9,57.9,170924,203054,381975,44.7,53.2,355649,40.78150086180476,59.21849913819525,373978,45.704292765884624,54.295707234115376,-7.984554746258958,-11.182361390205003
353,TN-01,"Roe, Phil",(R),65767,186310,256324,25.7,72.7,77079,188237,269243,28.6,69.9,252077,26.09004391515291,73.9099560848471,265316,29.051772226326346,70.94822777367365,-24.637075285817236,-25.87381833685685
354,TN-02,"Duncan, John",(R),85525,186368,276952,30.9,67.3,101603,188283,294421,34.5,64.0,271893,31.455388700702112,68.54461129929788,289886,35.04929524019787,64.95070475980212,-18.63955227194571,-20.50847355130765
355,TN-03,"Fleischmann, Chuck",(R),95226,171838,271565,35.1,63.3,106560,175163,285533,37.3,61.3,267064,35.65662163376569,64.34337836623432,281723,37.82438778516486,62.17561221483514,-15.864459726978723,-16.307240618244073
356,TN-04,"DesJarlais, Scott",(R),86133,169977,260182,33.1,65.3,97643,170600,272380,35.8,62.6,256110,33.631252196321896,66.3687478036781,268243,36.40094988499234,63.59905011500766,-17.28789762715124,-18.332610055687866
357,TN-05,"Cooper, Jim",(D),152939,116229,273794,55.9,42.5,170190,122232,296073,57.5,41.3,269168,56.81916126731261,43.18083873268739,292422,58.200135420727584,41.79986457927242,4.511287908584002,4.8552990153028475
358,TN-06,"Black, Diane",(R),82297,192662,278928,29.5,69.1,97072,188258,289881,33.5,64.9,274959,29.930644205136037,70.06935579486397,285330,34.02095818876389,65.97904181123612,-19.66788932337969,-22.033218046873724
359,TN-07,"Blackburn, Marsha",(R),92042,183757,279796,32.9,65.7,103884,178286,285870,36.3,62.4,275799,33.372854868944415,66.62714513105558,282170,36.81610376723252,63.18389623276748,-16.872743744911062,-18.591007383065346
360,TN-08,"Fincher, Steve",(R),100213,201645,305053,32.9,66.1,110590,203070,316873,34.9,64.1,301858,33.19872257816589,66.8012774218341,313660,35.25792259134094,64.74207740865906,-18.43092492080264,-18.76513967384387
361,TN-09,"Cohen, Steve",(D),200568,53544,255982,78.4,20.9,222816,65047,289475,77.0,22.5,254112,78.9289761994711,21.071023800528902,287863,77.40348707544908,22.596512924550915,23.714639563305496,26.965113947461333
362,TX-01,"Gohmert, Louie",(R),69858,181835,254055,27.5,71.6,78918,178520,258800,30.5,69.0,251693,27.755241504531313,72.24475849546869,257438,30.65514803564353,69.34485196435647,-23.03369947650005,-24.20862074747845
363,TX-02,"Poe, Ted",(R),88751,157094,249569,35.6,62.9,91087,150665,243439,37.4,61.9,245845,36.10038845614106,63.89961154385894,241752,37.6778682285979,62.3221317714021,-16.01097928354568,-15.8634737958687
364,TX-03,"Johnson, Sam",(R),93290,175383,272664,34.2,64.3,100440,165158,267545,37.5,61.7,268673,34.722506541409075,65.27749345859093,265598,37.81654982341735,62.18345017658265,-15.872297688726235,-17.241355710600686
365,TX-04,"Ratcliffe, John",(R),63559,189554,256123,24.8,74.0,75910,180772,258577,29.4,69.9,253113,25.110918838621487,74.88908116137851,256682,29.5735579432917,70.42644205670831,-24.115289568851882,-26.852943413388275
366,TX-05,"Hensarling, Jeb",(R),73085,137239,212669,34.4,64.5,83216,137698,222316,37.4,61.9,210324,34.748768566592496,65.25123143340751,220914,37.668957150746444,62.331042849253556,-16.019890361397138,-17.215093685417266
367,TX-06,"Barton, Joe",(R),103444,146985,253795,40.8,57.9,109854,148503,259993,42.3,57.1,250429,41.306717672474036,58.693282327525964,258357,42.52023363020936,57.47976636979064,-11.16861388193422,-10.657144579535725
368,TX-07,"Culberson, John",(R),92499,143631,239767,38.6,59.9,96866,140692,239081,40.5,58.8,236130,39.17291322576546,60.82708677423453,237558,40.77572634893373,59.22427365106626,-12.913121163209851,-12.790949026244299
369,TX-08,"Brady, Kevin",(R),55273,195742,254167,21.7,77.0,61357,171408,234270,26.2,73.2,251015,22.01979961356891,77.9802003864311,232765,26.360062724206816,73.63993727579317,-27.328784787936765,-29.94406263844085
370,TX-09,"Green, Al",(D),145332,39392,186267,78.0,21.1,144707,44520,189937,76.2,23.4,184724,78.67521274983218,21.324787250167816,189227,76.47270209853774,23.527297901462266,22.783854586394156,26.711350497822423
371,TX-10,"McCaul, Michael",(R),104839,159714,270136,38.8,59.1,112866,148867,264035,42.7,56.4,264553,39.62873223890865,60.37126776109135,261733,43.1225714755113,56.87742852448869,-10.566276036632281,-12.335130013101114
372,TX-11,"Conaway, Michael",(R),45070,182355,230331,19.6,79.2,56145,184238,242210,23.2,76.1,227425,19.81752226008574,80.18247773991426,240383,23.35647695552514,76.64352304447486,-30.332370556618443,-32.14633999192402
373,TX-12,"Granger, Kay",(R),79147,166992,249826,31.7,66.8,89718,161030,252637,35.5,63.7,246139,32.15540812305242,67.84459187694758,250748,35.78014580375516,64.21985419624482,-17.90870170838842,-19.808454128957344
374,TX-13,"Thornberry, Mac",(R),42521,184104,229545,18.5,80.2,54855,189600,246252,22.3,77.0,226625,18.762713734142306,81.2372862658577,244455,22.439712830582316,77.56028716941769,-31.249134681561266,-33.20114851786745
375,TX-14,"Weber, Randy",(R),97958,147213,248073,39.5,59.3,102902,139304,243755,42.2,57.1,245171,39.95497020446953,60.04502979553047,242206,42.48532241150095,57.51467758849904,-11.20352510064263,-12.008892047540229
376,TX-15,"Hinojosa, Ruben",(D),86941,62885,151351,57.4,41.5,83924,61282,146097,57.4,41.9,149826,58.027979122448706,41.972020877551294,145206,57.796509786097,42.203490213903,4.107662273953416,6.064116870438944
377,TX-16,"O'Rourke, Beto",(D),100993,54315,157414,64.2,34.5,109387,58764,169232,64.6,34.7,155308,65.02755814252968,34.972441857470315,168151,65.052839412195,34.94716058780501,11.363991900051417,13.063695890519924
378,TX-17,"Flores, Bill",(R),84531,135309,224079,37.7,60.4,95884,135738,233690,41.0,58.1,219840,38.45114628820961,61.5488537117904,231622,41.39675851171305,58.60324148828695,-12.29208900043053,-13.512715963800154
379,TX-18,"Jackson-Lee, Sheila",(D),150129,44991,197206,76.1,22.8,150733,45069,196624,76.7,22.9,195120,76.94188191881919,23.05811808118081,195802,76.98235973074841,23.01764026925159,23.293512218604832,24.97801966680943
380,TX-19,"Neugebauer, Randy",(R),54461,160141,217619,25.0,73.6,66122,168553,236363,28.0,71.3,214602,25.37767588372895,74.62232411627106,234675,28.175988068605516,71.82401193139448,-25.512859443538066,-26.58618636828081
381,TX-20,"Castro, Joaquin",(D),110663,74540,187835,58.9,39.7,115579,80667,197670,58.5,40.8,185203,59.75227183144981,40.24772816855018,196246,58.89495836857821,41.105041631421784,5.206110856434627,7.788409579440049
382,TX-21,"Smith, Lamar",(R),119220,188241,314591,37.9,59.8,133581,178531,314971,42.4,56.7,307461,38.77564959458273,61.22435040541727,312112,42.799059312041834,57.200940687958166,-10.889788200101748,-13.18821265742703
383,TX-22,"Olson, Pete",(R),93582,158452,255043,36.7,62.1,91137,142073,234671,38.8,60.5,252034,37.130704587476295,62.869295412523705,233210,39.07937052442005,60.92062947557994,-14.609476987723532,-14.833157664533466
384,TX-23,"Hurd, Will",(R),94420,99666,196410,48.1,50.7,96871,95679,193782,50.0,49.4,194086,48.64853724637532,51.35146275362467,192550,50.30952999220981,49.69047000779018,-3.379317519933771,-3.315325005634442
385,TX-24,"Marchant, Kenny",(R),94634,150547,249080,38.0,60.4,105822,152453,260216,40.7,58.6,245181,38.59760748181955,61.40239251818045,258275,40.972606717645924,59.027393282354076,-12.716240794497658,-13.36625477019021
386,TX-25,"Williams, Roger",(R),102433,162279,270807,37.8,59.9,117402,153998,274061,42.8,56.2,264712,38.69601680316722,61.30398319683279,271400,43.257921886514374,56.742078113485626,-10.430925625629207,-13.267845448842543
387,TX-26,"Burgess, Michael",(R),80828,177941,263196,30.7,67.6,90791,166877,259505,35.0,64.3,258769,31.235580768948367,68.76441923105163,257668,35.23565207942003,64.76434792057997,-18.453195432723554,-20.728281483061394
388,TX-27,"Farenthold, Blake",(R),83158,131821,217772,38.2,60.5,91083,133839,226488,40.2,59.1,214979,38.681917768712296,61.318082231287704,224922,40.49537172886601,59.504628271133996,-13.19347578327757,-13.281944483297465
389,TX-28,"Cuellar, Henry",(D),101843,65372,168874,60.3,38.7,92557,65066,158418,58.4,41.1,167215,60.90542116436922,39.09457883563077,157623,58.72049129885867,41.27950870114133,5.031643786715087,8.941558912359461
390,TX-29,"Green, Gene",(D),75720,37909,114901,65.9,33.0,70286,41843,112823,62.3,37.1,113629,66.63791813709528,33.362081862904716,112129,62.68315957513222,37.316840424867785,8.99431206298864,14.674055885085522
391,TX-30,"Johnson, E.B.",(D),175637,43333,220565,79.6,19.6,175237,47144,223182,78.5,21.1,218970,80.21053112298489,19.789468877015114,222381,78.80034715195993,21.199652848040078,25.111499639816344,28.246668870975128
392,TX-31,"Carter, John",(R),92842,144634,242714,38.3,59.6,103359,135601,241425,42.8,56.2,237476,39.095319105930706,60.904680894069294,238960,43.25368262470706,56.74631737529293,-10.435164887436521,-12.868543146079055
393,TX-32,"Sessions, Pete",(R),106563,146420,256873,41.5,57.0,117231,147226,266302,44.0,55.3,252983,42.12259321772609,57.87740678227391,264457,44.32894572652643,55.67105427347357,-9.359901785617154,-9.84126903428367
394,TX-33,"Veasey, Mark",(D),86686,32641,120480,72.0,27.1,90180,40290,131182,68.7,30.7,119327,72.64575494230141,27.354245057698595,130470,69.11933777879973,30.88066222120028,15.43049026665615,20.681892690291647
395,TX-34,"Vela, Filemon",(D),90885,57303,149511,60.8,38.3,90178,58707,149742,60.2,39.2,148188,61.33087699408859,38.66912300591141,148885,60.5688954562246,39.4311045437754,6.880047944081021,9.36701474207883
396,TX-35,"Doggett, Lloyd",(D),105545,57989,167467,63.0,34.6,111790,62764,176150,63.5,35.6,163534,64.54009563760441,35.45990436239559,174554,64.04321871741696,35.95678128258304,10.354371205273381,12.576233385594648
397,TX-36,"Babin, Brian",(R),61786,175883,240433,25.7,73.2,70543,165899,238206,29.6,69.6,237669,25.99665921933445,74.00334078066555,236442,29.835223860397054,70.16477613960295,-23.853623651746528,-25.96720303267531
398,UT-01,"Bishop, Rob",(R),51098,193672,250278,20.4,77.4,69594,160433,237027,29.4,67.7,244770,20.87592433713282,79.12407566286717,230027,30.25470922978607,69.74529077021393,-23.434138282357512,-31.087937914876942
399,UT-02,"Stewart, Chris",(R),74556,173513,255201,29.2,68.0,94123,143331,244925,38.4,58.5,248069,30.05454127682217,69.94545872317782,237454,39.63841417706166,60.36158582293834,-14.05043333508192,-21.90932097518759
400,UT-03,"Chaffetz, Jason",(R),51791,208121,265856,19.5,78.3,73625,168358,249389,29.5,67.5,259912,19.92635969097233,80.07364030902767,241983,30.4256910609423,69.5743089390577,-23.263156451201283,-32.03750256103743
401,UT-04,"Love, Mia",(R),74368,165294,246066,30.2,67.2,90328,123909,220996,40.9,56.1,239662,31.030367767939847,68.96963223206015,214237,42.1626516428068,57.8373483571932,-11.526195869336782,-20.933494484069914
402,VA-01,"Wittman, Rob",(R),166510,193647,365040,45.6,53.0,162652,181417,346877,46.9,52.3,360157,46.23261522058436,53.767384779415636,344069,47.27307603998035,52.72692396001965,-6.415771472163229,-5.731247031425404
403,VA-02,"Rigell, Scott",(R),159695,154935,318849,50.1,48.6,163790,158308,324962,50.4,48.7,314630,50.75644407717,49.24355592282999,322098,50.85098324112537,49.14901675887463,-2.837864271018212,-1.2074181748397592
404,VA-03,"Scott, Bobby",(D),262265,66391,332166,79.0,20.0,258333,68627,328963,78.5,20.9,328656,79.79924297745971,20.200757022540287,326960,79.01058233423048,20.989417665769512,25.321734822086896,27.83538072544995
405,VA-04,"Forbes, Randy",(R),176311,181265,361496,48.8,50.1,170511,175785,348829,48.9,50.4,357576,49.30728013065754,50.69271986934246,346296,49.23851271744404,50.76148728255596,-4.450334794699543,-2.6565821213522227
406,VA-05,"Hurt, Robert",(R),164555,188485,358689,45.9,52.5,167885,178909,350173,47.9,51.1,353040,46.61086562429186,53.38913437570814,346794,48.410583804794776,51.58941619520522,-5.278263707348806,-5.3529966277179
407,VA-06,"Goodlatte, Bob",(R),132153,197045,334864,39.5,58.8,137661,186825,327937,42.0,57.0,329198,40.143925540252376,59.85607445974763,324486,42.42432647325308,57.57567352674692,-11.2645210388905,-11.819936711757386
408,VA-07,"Brat, Dave",(R),163331,222915,391482,41.7,56.9,161442,205672,370105,43.6,55.6,386246,42.286780963427454,57.713219036572546,367114,43.97598566112978,56.02401433887021,-9.712861851013798,-9.677081288582308
409,VA-08,"Beyer, Don",(D),243746,111518,359743,67.8,31.0,236784,105894,345506,68.5,30.6,355264,68.60982255449468,31.390177445505312,342678,69.0981037592142,30.90189624078581,15.409256247070616,16.645960302484923
410,VA-09,"Griffith, Morgan",(R),108641,196354,311291,34.9,63.1,123424,179007,306770,40.2,58.4,304995,35.62058394399909,64.37941605600092,302431,40.81063118529516,59.18936881470485,-12.878216326848424,-16.343278308010674
411,VA-10,"Comstock, Barbara",(R),182432,186650,373913,48.8,49.9,172360,162984,337972,51.0,48.2,369082,49.428582266271455,50.57141773372855,335344,51.397967460279595,48.602032539720405,-2.2908800518639865,-2.535279985738306
412,VA-11,"Connolly, Gerry",(D),212181,123317,339710,62.5,36.3,204691,121578,328810,62.3,37.0,335498,63.24359608701096,36.75640391298905,326269,62.73688275625327,37.26311724374673,9.048035244109691,11.279733835001196
413,VT-AL,"Welch, Peter",(D),199239,92698,297247,67.0,31.2,219262,98974,323582,67.8,30.6,291937,68.24725882639062,31.752741173609373,318236,68.8991817393381,31.1008182606619,15.210334227194522,16.28339657438086
414,WA-01,"DelBene, Suzan",(D),183802,147074,339489,54.1,43.3,185907,138307,330145,56.3,41.9,330876,55.550115451105555,44.449884548894445,324214,57.34083043915439,42.65916956084562,3.651982927010806,3.5862531990957933
415,WA-02,"Larsen, Rick",(D),185771,119266,313668,59.2,38.0,185116,115000,306003,60.5,37.6,305037,60.90113658343086,39.09886341656914,300116,61.681483159844866,38.31851684015514,7.9926356477012845,8.9372743314211
416,WA-03,"Herrera Beutler, Jaime",(R),145442,150409,303483,47.9,49.6,151296,139890,297159,50.9,47.1,295851,49.160557172360406,50.839442827639594,291186,51.9585419628691,48.04145803713091,-1.7303055492744832,-2.8033050796493555
417,WA-04,"Newhouse, Dan",(R),90612,142741,238940,37.9,59.7,89933,135281,229537,39.2,58.9,233353,38.830441434221974,61.169558565778026,225214,39.93224222295239,60.0677577770476,-13.756605289191192,-13.133420817787787
418,WA-05,"McMorris Rodgers, Cathy",(R),137771,168671,315425,43.7,53.5,144112,159511,311361,46.3,51.2,306442,44.95826290129943,55.04173709870057,303623,47.46412491807274,52.535875081927266,-6.22472259407084,-7.005599350710334
419,WA-06,"Kilmer, Derek",(D),184820,135573,329190,56.1,41.2,186336,133689,326650,57.0,40.9,320393,57.68540511184701,42.31459488815299,320025,58.22545113662995,41.77454886337005,4.536603624486368,5.72154285983725
420,WA-07,"McDermott, Jim",(D),310828,70973,392419,79.2,18.1,302597,67921,376324,80.4,18.0,381801,81.4109968281906,18.5890031718094,370518,81.6686368813391,18.3313631186609,27.979789369195515,29.447134576180844
421,WA-08,"Reichert, David",(R),155982,151069,313967,49.7,48.1,154691,140555,300545,51.5,46.8,307051,50.80002996244923,49.19997003755077,295246,52.393935904296754,47.606064095703246,-1.294911607846828,-1.1638322895605313
422,WA-09,"Smith, Adam",(D),195863,84828,286875,68.3,29.6,187240,81733,272928,68.6,29.9,280691,69.7788671528478,30.221132847152205,268973,69.61293512731761,30.38706487268239,15.924087615174031,17.815004900838034
423,WA-10,"Heck, Denny",(D),164505,120066,292060,56.3,41.1,163623,117330,286226,57.2,41.0,284571,57.80806898805571,42.19193101194429,280953,58.23856659298886,41.76143340701114,4.5497190808452785,5.8442067360459475
424,WI-01,"Ryan, Paul",(R),179872,195835,379184,47.4,51.6,185716,175988,365858,50.8,48.1,375707,47.87560519234403,52.12439480765596,361704,51.34474598013845,48.655254019861545,-2.3441015320051335,-4.088257059665729
425,WI-02,"Pocan, Mark",(D),284084,126688,415942,68.3,30.5,274466,112024,391306,70.1,28.6,410772,69.15855997974546,30.841440020254545,386490,71.01503273047169,28.984967269528315,17.326185218328106,17.1946977277357
426,WI-03,"Kind, Ron",(D),199188,159205,363335,54.8,43.8,216047,142458,363906,59.4,39.1,358393,55.57809443822842,44.421905561771574,358505,60.26331571386731,39.73668428613269,6.574468201723725,3.6142321862186577
427,WI-04,"Moore, Gwen",(D),268440,84751,356355,75.3,23.8,254531,84194,342054,74.4,24.6,353191,76.00420169256861,23.99579830743139,338725,75.14384825448373,24.856151745516275,21.455000742340147,24.040339440558853
428,WI-05,"Sensenbrenner, Jim",(R),158226,257017,419191,37.7,61.3,168644,230861,403822,41.8,57.2,415243,38.10443523430859,61.89556476569141,399505,42.21323888311786,57.78676111688215,-11.475608629025722,-13.859427017701172
429,WI-06,"Grothman, Glenn",(R),174988,202979,382295,45.8,53.1,185438,184985,375245,49.4,49.3,377967,46.297163508983594,53.70283649101641,370423,50.0611463111092,49.93885368889081,-3.627701201034384,-5.666698743026167
430,WI-07,"Duffy, Sean",(R),178841,190364,373876,47.8,50.9,197706,168540,371936,53.2,45.3,369205,48.43948483904606,51.56051516095395,366246,53.98174997133075,46.01825002866926,0.29290245918716806,-3.5243774129637018
431,WI-08,"Ribble, Reid",(R),177346,191127,372886,47.6,51.3,194663,163343,362769,53.7,45.0,368473,48.129985100672236,51.870014899327764,358006,54.37422836488774,45.62577163511226,0.68538085274416,-3.833877151337525
432,WV-01,"McKinley, David",(R),81017,141736,227948,35.5,62.2,102826,140421,247507,41.5,56.7,222753,36.37077839580163,63.62922160419837,243247,42.272258239567186,57.727741760432814,-11.416589272576395,-15.593083856208132
433,WV-02,"Mooney, Alex",(R),89079,140783,234596,38.0,60.0,109369,136259,249130,43.9,54.7,229862,38.753251951170704,61.2467480488293,245628,44.5262755060498,55.47372449395021,-9.162572006093782,-13.210610300839058
434,WV-03,"Jenkins, Evan",(R),68173,135136,207894,32.8,65.0,91662,120786,216725,42.3,55.7,203309,33.53171773015459,66.4682822698454,212448,43.145616809760504,56.8543831902395,-10.543230702383077,-18.43214452185517
435,WY-AL,"Lummis, Cynthia",(R),69286,170962,247026,28.0,69.2,82868,164958,253137,32.7,65.2,240248,28.839365988478573,71.16063401152142,247826,33.43797664490409,66.56202335509592,-20.25087086723949,-23.12449626353119
